Store,Date,Sales,Customers,Open,Promo,StateHoliday,SchoolHoliday,StoreType,Assortment,CompetitionDistance,Year,Month,Week,DayOfWeek,Quarter,IsWeekend,lag_7,lag_14,lag_28,rolling_mean_7,rolling_mean_28
1,2020-02-04,5645,667,1,0,0,0,c,a,5490,2020,2,6,1,1,0,5677.0,4044.0,6374.0,6070.714285714285,5787.464285714285
1,2020-02-05,6393,712,1,0,0,0,c,a,5490,2020,2,6,2,1,0,7336.0,5736.0,4580.0,6066.142857142857,5761.428571428572
1,2020-02-06,7049,532,1,1,0,0,c,a,5490,2020,2,6,3,1,0,6138.0,5367.0,4682.0,5931.428571428572,5826.178571428572
1,2020-02-07,6649,729,1,1,0,0,c,a,5490,2020,2,6,4,1,0,7344.0,6008.0,4536.0,6061.571428571428,5910.714285714285
1,2020-02-08,6330,473,1,1,0,0,c,a,5490,2020,2,6,5,1,1,5096.0,6924.0,5482.0,5962.285714285715,5986.178571428572
1,2020-02-10,5497,634,1,0,0,0,c,a,5490,2020,2,7,0,1,0,4019.0,6385.0,7254.0,6138.571428571428,6016.464285714285
1,2020-02-11,6532,496,1,0,0,0,c,a,5490,2020,2,7,1,1,0,6885.0,3910.0,6383.0,6349.714285714285,5953.714285714285
1,2020-02-12,6095,550,1,0,0,0,c,a,5490,2020,2,7,2,1,0,5645.0,5677.0,6315.0,6299.285714285715,5959.035714285715
1,2020-02-13,5656,564,1,0,0,0,c,a,5490,2020,2,7,3,1,0,6393.0,7336.0,4186.0,6363.571428571428,5951.178571428572
1,2020-02-14,6197,623,1,1,0,0,c,a,5490,2020,2,7,4,1,0,7049.0,6138.0,5146.0,6258.285714285715,6003.678571428572
1,2020-02-15,4397,317,1,0,0,0,c,a,5490,2020,2,7,5,1,1,6649.0,7344.0,6818.0,6136.571428571428,6041.214285714285
1,2020-02-17,7227,759,1,1,0,0,c,a,5490,2020,2,8,0,1,0,6330.0,5096.0,7515.0,5814.857142857143,5954.75
1,2020-02-18,5743,698,1,0,0,0,c,a,5490,2020,2,8,1,1,0,5497.0,4019.0,6732.0,5943.0,5944.464285714285
1,2020-02-19,7089,643,1,1,0,0,c,a,5490,2020,2,8,2,1,0,6532.0,6885.0,5177.0,5978.142857142857,5909.142857142857
1,2020-02-20,6105,646,1,0,0,0,c,a,5490,2020,2,8,3,1,0,6095.0,5645.0,4044.0,6057.714285714285,5977.428571428572
1,2020-02-21,5174,473,1,0,0,0,c,a,5490,2020,2,8,4,1,0,5656.0,6393.0,5736.0,6059.142857142857,6051.035714285715
1,2020-02-22,6321,502,1,1,0,0,c,a,5490,2020,2,8,5,1,1,6197.0,7049.0,5367.0,5990.285714285715,6030.964285714285
1,2020-02-24,5219,421,1,0,0,0,c,a,5490,2020,2,9,0,1,0,4397.0,6649.0,6008.0,6008.0,6065.035714285715
1,2020-02-25,6817,607,1,0,0,0,c,a,5490,2020,2,9,1,1,0,7227.0,6330.0,6924.0,6125.428571428572,6036.857142857143
1,2020-02-26,6978,536,1,0,0,0,c,a,5490,2020,2,9,2,1,0,5743.0,5497.0,6385.0,6066.857142857143,6033.035714285715
1,2020-02-27,6702,827,1,0,0,0,c,a,5490,2020,2,9,3,1,0,7089.0,6532.0,3910.0,6243.285714285715,6054.214285714285
1,2020-02-28,5736,612,1,0,0,0,c,a,5490,2020,2,9,4,1,0,6105.0,6095.0,5677.0,6188.0,6153.928571428572
1,2020-02-29,6362,616,1,1,0,0,c,a,5490,2020,2,9,5,1,1,5174.0,5656.0,7336.0,6135.285714285715,6156.035714285715
1,2020-03-02,6592,746,1,1,0,0,c,a,5490,2020,3,10,0,1,0,6321.0,6197.0,6138.0,6305.0,6121.25
1,2020-03-03,6275,524,1,0,0,0,c,a,5490,2020,3,10,1,1,0,5219.0,4397.0,7344.0,6343.714285714285,6137.464285714285
1,2020-03-04,7943,700,1,1,0,0,c,a,5490,2020,3,10,2,1,0,6817.0,7227.0,5096.0,6494.571428571428,6099.285714285715
1,2020-03-05,6060,452,1,0,0,0,c,a,5490,2020,3,10,3,1,0,6978.0,5743.0,4019.0,6655.428571428572,6200.964285714285
1,2020-03-06,6610,560,1,1,0,0,c,a,5490,2020,3,10,4,1,0,6702.0,7089.0,6885.0,6524.285714285715,6273.857142857143
1,2020-03-07,5643,421,1,0,0,0,c,a,5490,2020,3,10,5,1,1,5736.0,6105.0,5645.0,6511.142857142857,6264.035714285715
1,2020-03-09,6751,532,1,1,0,0,c,a,5490,2020,3,11,0,1,0,6362.0,5174.0,6393.0,6497.857142857143,6263.964285714285
1,2020-03-10,7791,967,1,1,0,0,c,a,5490,2020,3,11,1,1,0,6592.0,6321.0,7049.0,6553.428571428572,6276.75
1,2020-03-11,7048,588,1,0,0,0,c,a,5490,2020,3,11,2,1,0,6275.0,5219.0,6649.0,6724.714285714285,6303.25
1,2020-03-12,6396,526,1,0,0,0,c,a,5490,2020,3,11,3,1,0,7943.0,6817.0,6330.0,6835.142857142857,6317.5
1,2020-03-13,6368,681,1,1,0,0,c,a,5490,2020,3,11,4,1,0,6060.0,6978.0,5497.0,6614.142857142857,6319.857142857143
1,2020-03-14,6153,493,1,1,0,0,c,a,5490,2020,3,11,5,1,1,6610.0,6702.0,6532.0,6658.142857142857,6350.964285714285
1,2020-03-16,6798,519,1,1,0,0,c,a,5490,2020,3,12,0,1,0,5643.0,5736.0,6095.0,6592.857142857143,6337.428571428572
1,2020-03-17,7520,736,1,1,0,0,c,a,5490,2020,3,12,1,1,0,6751.0,6362.0,5656.0,6757.857142857143,6362.535714285715
1,2020-03-18,6928,732,1,0,0,0,c,a,5490,2020,3,12,2,1,0,7791.0,6592.0,6197.0,6867.714285714285,6429.107142857143
1,2020-03-19,7966,675,1,1,0,0,c,a,5490,2020,3,12,3,1,0,7048.0,6275.0,4397.0,6744.428571428572,6455.214285714285
1,2020-03-20,6894,625,1,1,0,0,c,a,5490,2020,3,12,4,1,0,6396.0,7943.0,7227.0,6875.571428571428,6582.678571428572
1,2020-03-21,6054,490,1,1,0,0,c,a,5490,2020,3,12,5,1,1,6368.0,6060.0,5743.0,6946.714285714285,6570.785714285715
1,2020-03-23,6221,763,1,0,0,0,c,a,5490,2020,3,13,0,1,0,6153.0,6610.0,7089.0,6901.857142857143,6581.892857142857
1,2020-03-24,7959,576,1,1,0,0,c,a,5490,2020,3,13,1,1,0,6798.0,5643.0,6105.0,6911.571428571428,6550.892857142857
1,2020-03-25,8460,644,1,1,0,0,c,a,5490,2020,3,13,2,1,0,7520.0,6751.0,5174.0,7077.428571428572,6617.107142857143
1,2020-03-26,7034,710,1,0,0,0,c,a,5490,2020,3,13,3,1,0,6928.0,7791.0,6321.0,7211.714285714285,6734.464285714285
1,2020-03-27,5859,516,1,0,0,0,c,a,5490,2020,3,13,4,1,0,7966.0,7048.0,5219.0,7226.857142857143,6759.928571428572
1,2020-03-28,6989,814,1,1,0,0,c,a,5490,2020,3,13,5,1,1,6894.0,6396.0,6817.0,6925.857142857143,6782.785714285715
1,2020-03-30,8216,589,1,1,0,0,c,a,5490,2020,3,14,0,1,0,6054.0,6368.0,6978.0,6939.428571428572,6788.928571428572
1,2020-03-31,7417,596,1,0,0,0,c,a,5490,2020,3,14,1,1,0,6221.0,6153.0,6702.0,7248.285714285715,6833.142857142857
1,2020-04-01,8352,683,1,1,0,0,c,a,5490,2020,4,14,2,2,0,7959.0,6798.0,5736.0,7419.142857142857,6858.678571428572
1,2020-04-02,7136,554,1,0,0,0,c,a,5490,2020,4,14,3,2,0,8460.0,7520.0,6362.0,7475.285714285715,6952.107142857143
1,2020-04-03,7065,524,1,1,0,0,c,a,5490,2020,4,14,4,2,0,7034.0,6928.0,6592.0,7286.142857142857,6979.75
1,2020-04-04,6305,529,1,0,0,0,c,a,5490,2020,4,14,5,2,1,5859.0,7966.0,6275.0,7290.571428571428,6996.642857142857
1,2020-04-06,7699,602,1,1,0,0,c,a,5490,2020,4,15,0,2,0,6989.0,6894.0,7943.0,7354.285714285715,6997.714285714285
1,2020-04-07,7876,919,1,1,0,0,c,a,5490,2020,4,15,1,2,0,8216.0,6054.0,6060.0,7455.714285714285,6989.0
1,2020-04-08,7913,963,1,1,0,0,c,a,5490,2020,4,15,2,2,0,7417.0,6221.0,6610.0,7407.142857142857,7053.857142857143
1,2020-04-09,6259,542,1,0,0,0,c,a,5490,2020,4,15,3,2,0,8352.0,7959.0,5643.0,7478.0,7100.392857142857
1,2020-04-11,6045,735,1,0,0,0,c,a,5490,2020,4,15,5,2,1,7136.0,8460.0,6751.0,7179.0,7122.392857142857
1,2020-04-13,7508,674,1,1,0,0,c,a,5490,2020,4,16,0,2,0,7065.0,7034.0,7791.0,7023.142857142857,7097.178571428572
1,2020-04-14,8343,897,1,1,0,0,c,a,5490,2020,4,16,1,2,0,6305.0,5859.0,7048.0,7086.428571428572,7087.071428571428
1,2020-04-15,9557,808,1,1,0,0,c,a,5490,2020,4,16,2,2,0,7699.0,6989.0,6396.0,7377.571428571428,7133.321428571428
1,2020-04-16,8955,646,1,1,0,0,c,a,5490,2020,4,16,3,2,0,7876.0,8216.0,6368.0,7643.0,7246.214285714285
1,2020-04-17,6855,712,1,0,0,0,c,a,5490,2020,4,16,4,2,0,7913.0,7417.0,6153.0,7797.142857142857,7338.607142857143
1,2020-04-18,5819,686,1,0,0,0,c,a,5490,2020,4,16,5,2,1,6259.0,8352.0,6798.0,7646.0,7363.678571428572
1,2020-04-20,6554,725,1,0,0,0,c,a,5490,2020,4,17,0,2,0,6045.0,7136.0,7520.0,7583.142857142857,7328.714285714285
1,2020-04-21,8107,853,1,0,0,0,c,a,5490,2020,4,17,1,2,0,7508.0,7065.0,6928.0,7655.857142857143,7294.214285714285
1,2020-04-22,8002,826,1,0,0,0,c,a,5490,2020,4,17,2,2,0,8343.0,6305.0,7966.0,7741.428571428572,7336.321428571428
1,2020-04-23,8881,714,1,1,0,0,c,a,5490,2020,4,17,3,2,0,9557.0,7699.0,6894.0,7692.714285714285,7337.607142857143
1,2020-04-24,7242,763,1,1,0,0,c,a,5490,2020,4,17,4,2,0,8955.0,7876.0,6054.0,7596.142857142857,7408.571428571428
1,2020-04-25,6913,550,1,0,0,0,c,a,5490,2020,4,17,5,2,1,6855.0,7913.0,6221.0,7351.428571428572,7451.0
1,2020-04-27,6903,803,1,0,0,0,c,a,5490,2020,4,18,0,2,0,5819.0,6259.0,7959.0,7359.714285714285,7475.714285714285
1,2020-04-28,8331,768,1,0,0,0,c,a,5490,2020,4,18,1,2,0,6554.0,6045.0,8460.0,7514.571428571428,7438.0
1,2020-04-29,7016,599,1,0,0,0,c,a,5490,2020,4,18,2,2,0,8107.0,7508.0,7034.0,7768.428571428572,7433.392857142857
1,2020-04-30,8037,971,1,1,0,0,c,a,5490,2020,4,18,3,2,0,8002.0,8343.0,5859.0,7612.571428571428,7432.75
1,2020-05-01,6762,514,1,0,0,0,c,a,5490,2020,5,18,4,2,0,8881.0,9557.0,6989.0,7617.571428571428,7510.535714285715
1,2020-05-02,8394,934,1,1,0,0,c,a,5490,2020,5,18,5,2,1,7242.0,8955.0,8216.0,7314.857142857143,7502.428571428572
1,2020-05-04,7052,612,1,0,0,0,c,a,5490,2020,5,19,0,2,0,6913.0,6855.0,7417.0,7479.428571428572,7508.785714285715
1,2020-05-05,8921,778,1,1,0,0,c,a,5490,2020,5,19,1,2,0,6903.0,5819.0,8352.0,7499.285714285715,7495.75
1,2020-05-06,7678,681,1,0,0,0,c,a,5490,2020,5,19,2,2,0,8331.0,6554.0,7136.0,7787.571428571428,7516.071428571428
1,2020-05-07,9477,918,1,1,0,0,c,a,5490,2020,5,19,3,2,0,7016.0,8107.0,7065.0,7694.285714285715,7535.428571428572
1,2020-05-08,7833,790,1,1,0,0,c,a,5490,2020,5,19,4,2,0,8037.0,8002.0,6305.0,8045.857142857143,7621.571428571428
1,2020-05-09,7702,946,1,1,0,0,c,a,5490,2020,5,19,5,2,1,6762.0,8881.0,7699.0,8016.714285714285,7676.142857142857
1,2020-05-11,8166,670,1,1,0,0,c,a,5490,2020,5,20,0,2,0,8394.0,7242.0,7876.0,8151.0,7676.25
1,2020-05-12,8885,669,1,1,0,0,c,a,5490,2020,5,20,1,2,0,7052.0,6913.0,7913.0,8118.428571428572,7686.607142857143
1,2020-05-13,8945,986,1,1,0,0,c,a,5490,2020,5,20,2,2,0,8921.0,6903.0,6259.0,8380.285714285714,7721.321428571428
1,2020-05-14,9124,710,1,1,0,0,c,a,5490,2020,5,20,3,2,0,7678.0,8331.0,6045.0,8383.714285714286,7817.25
1,2020-05-15,7453,588,1,1,0,0,c,a,5490,2020,5,20,4,2,0,9477.0,7016.0,7508.0,8590.285714285714,7927.214285714285
1,2020-05-16,6121,450,1,0,0,0,c,a,5490,2020,5,20,5,2,1,7833.0,8037.0,8343.0,8301.142857142857,7925.25
1,2020-05-18,9114,727,1,1,0,0,c,a,5490,2020,5,21,0,2,0,7702.0,6762.0,9557.0,8056.571428571428,7845.892857142857
1,2020-05-19,7814,582,1,0,0,0,c,a,5490,2020,5,21,1,2,0,8166.0,8394.0,8955.0,8258.285714285714,7830.071428571428
1,2020-05-20,7945,594,1,0,0,0,c,a,5490,2020,5,21,2,2,0,8885.0,7052.0,6855.0,8208.0,7789.321428571428
1,2020-05-21,8109,1005,1,0,0,0,c,a,5490,2020,5,21,3,2,0,8945.0,8921.0,5819.0,8073.714285714285,7828.25
1,2020-05-22,8141,594,1,1,0,0,c,a,5490,2020,5,21,4,2,0,9124.0,7678.0,6554.0,7954.285714285715,7910.035714285715
1,2020-05-23,7609,665,1,1,0,0,c,a,5490,2020,5,21,5,2,1,7453.0,9477.0,8107.0,7813.857142857143,7966.714285714285
1,2020-05-25,7931,795,1,1,0,0,c,a,5490,2020,5,22,0,2,0,6121.0,7833.0,8002.0,7836.142857142857,7948.928571428572
1,2020-05-26,9060,723,1,1,0,0,c,a,5490,2020,5,22,1,2,0,9114.0,7702.0,8881.0,8094.714285714285,7946.392857142857
1,2020-05-27,9124,807,1,1,0,0,c,a,5490,2020,5,22,2,2,0,7814.0,8166.0,7242.0,8087.0,7952.785714285715
1,2020-05-28,7836,588,1,0,0,0,c,a,5490,2020,5,22,3,2,0,7945.0,8885.0,6913.0,8274.142857142857,8020.0
1,2020-05-29,7421,862,1,0,0,0,c,a,5490,2020,5,22,4,2,0,8109.0,8945.0,6903.0,8258.57142857143,8052.964285714285
1,2020-05-30,7303,598,1,0,0,0,c,a,5490,2020,5,22,5,2,1,8141.0,9124.0,8331.0,8160.285714285715,8071.464285714285
1,2020-06-01,7767,915,1,0,0,0,c,a,5490,2020,6,23,0,2,0,7609.0,7453.0,7016.0,8040.571428571428,8034.75
1,2020-06-02,8498,610,1,0,0,0,c,a,5490,2020,6,23,1,2,0,7931.0,6121.0,8037.0,8063.142857142857,8061.571428571428
1,2020-06-03,8765,640,1,0,0,0,c,a,5490,2020,6,23,2,2,0,9060.0,9114.0,6762.0,8144.142857142857,8078.035714285715
1,2020-06-04,8885,709,1,1,0,0,c,a,5490,2020,6,23,3,2,0,9124.0,7814.0,8394.0,8102.0,8149.571428571428
1,2020-06-05,6480,482,1,0,0,0,c,a,5490,2020,6,23,4,2,0,7836.0,7945.0,7052.0,8067.857142857143,8167.107142857143
1,2020-06-06,7458,680,1,0,0,0,c,a,5490,2020,6,23,5,2,1,7421.0,8109.0,8921.0,7874.142857142857,8146.678571428572
1,2020-06-08,7360,844,1,0,0,0,c,a,5490,2020,6,24,0,2,0,7303.0,8141.0,7678.0,7879.428571428572,8094.428571428572
1,2020-06-09,8211,690,1,0,0,0,c,a,5490,2020,6,24,1,2,0,7767.0,7609.0,9477.0,7887.571428571428,8083.071428571428
1,2020-06-10,9725,948,1,1,0,0,c,a,5490,2020,6,24,2,2,0,8498.0,7931.0,7833.0,7951.0,8037.857142857143
1,2020-06-11,8013,606,1,0,0,0,c,a,5490,2020,6,24,3,2,0,8765.0,9060.0,7702.0,8126.285714285715,8105.428571428572
1,2020-06-12,7347,526,1,0,0,0,c,a,5490,2020,6,24,4,2,0,8885.0,9124.0,8166.0,8018.857142857143,8116.535714285715
1,2020-06-13,7290,643,1,0,0,0,c,a,5490,2020,6,24,5,2,1,6480.0,7836.0,8885.0,7799.142857142857,8087.285714285715
1,2020-06-15,9696,796,1,1,0,0,c,a,5490,2020,6,25,0,2,0,7458.0,7421.0,8945.0,7914.857142857143,8030.321428571428
1,2020-06-16,8435,716,1,0,0,0,c,a,5490,2020,6,25,1,2,0,7360.0,7303.0,9124.0,8234.57142857143,8057.142857142857
1,2020-06-17,9540,813,1,1,0,0,c,a,5490,2020,6,25,2,2,0,8211.0,7767.0,7453.0,8388.142857142857,8032.535714285715
1,2020-06-18,8397,919,1,0,0,0,c,a,5490,2020,6,25,3,2,0,9725.0,8498.0,6121.0,8578.0,8107.071428571428
1,2020-06-19,7758,916,1,0,0,0,c,a,5490,2020,6,25,4,2,0,8013.0,8765.0,9114.0,8388.285714285714,8188.357142857143
1,2020-06-20,7408,532,1,1,0,0,c,a,5490,2020,6,25,5,2,1,7347.0,8885.0,7814.0,8351.857142857143,8139.928571428572
1,2020-06-22,8124,630,1,1,0,0,c,a,5490,2020,6,26,0,2,0,7290.0,6480.0,7945.0,8360.57142857143,8125.428571428572
1,2020-06-23,9599,1069,1,1,0,0,c,a,5490,2020,6,26,1,2,0,9696.0,7458.0,8109.0,8479.714285714286,8131.821428571428
1,2020-06-24,9896,941,1,1,0,0,c,a,5490,2020,6,26,2,2,0,8435.0,7360.0,8141.0,8465.857142857143,8185.035714285715
1,2020-06-25,9765,739,1,1,0,0,c,a,5490,2020,6,26,3,2,0,9540.0,8211.0,7609.0,8674.57142857143,8247.714285714286
1,2020-06-26,7357,571,1,0,0,0,c,a,5490,2020,6,26,4,2,0,8397.0,9725.0,7931.0,8706.714285714286,8324.714285714286
1,2020-06-27,8014,900,1,1,0,0,c,a,5490,2020,6,26,5,2,1,7758.0,8013.0,9060.0,8558.142857142857,8304.214285714286
1,2020-06-29,9003,689,1,1,0,0,c,a,5490,2020,6,27,0,2,0,7408.0,7347.0,9124.0,8594.714285714286,8266.857142857143
1,2020-06-30,9440,873,1,1,0,0,c,a,5490,2020,6,27,1,2,0,8124.0,7290.0,7836.0,8822.57142857143,8262.535714285714
1,2020-07-01,8941,677,1,0,0,1,c,a,5490,2020,7,27,2,3,0,9599.0,9696.0,7421.0,9010.57142857143,8319.82142857143
1,2020-07-02,9696,692,1,1,0,1,c,a,5490,2020,7,27,3,3,0,9896.0,8435.0,7303.0,8916.57142857143,8374.107142857143
1,2020-07-03,9633,704,1,1,0,1,c,a,5490,2020,7,27,4,3,0,9765.0,9540.0,7767.0,8888.0,8459.57142857143
1,2020-07-04,8756,923,1,1,0,1,c,a,5490,2020,7,27,5,3,1,7357.0,8397.0,8498.0,8869.142857142857,8526.214285714286
1,2020-07-06,7706,640,1,0,0,1,c,a,5490,2020,7,28,0,3,0,8014.0,7758.0,8765.0,9069.0,8535.42857142857
1,2020-07-07,10184,1003,1,1,0,1,c,a,5490,2020,7,28,1,3,0,9003.0,7408.0,8885.0,9025.0,8497.607142857143
1,2020-07-08,9067,717,1,0,0,1,c,a,5490,2020,7,28,2,3,0,9440.0,8124.0,6480.0,9193.714285714286,8544.0
1,2020-07-09,9341,712,1,0,0,1,c,a,5490,2020,7,28,3,3,0,8941.0,9599.0,7458.0,9140.42857142857,8636.392857142857
1,2020-07-10,9432,905,1,1,0,1,c,a,5490,2020,7,28,4,3,0,9696.0,9896.0,7360.0,9197.57142857143,8703.642857142857
1,2020-07-11,7533,921,1,0,0,1,c,a,5490,2020,7,28,5,3,1,9633.0,9765.0,8211.0,9159.857142857143,8777.642857142857
1,2020-07-13,9930,1070,1,1,0,1,c,a,5490,2020,7,29,0,3,0,8756.0,7357.0,9725.0,8859.857142857143,8753.42857142857
1,2020-07-14,9140,1130,1,0,0,1,c,a,5490,2020,7,29,1,3,0,7706.0,8014.0,8013.0,9027.57142857143,8760.75
1,2020-07-15,8283,779,1,0,0,1,c,a,5490,2020,7,29,2,3,0,10184.0,9003.0,7347.0,9232.42857142857,8801.0
1,2020-07-16,10231,1014,1,1,0,1,c,a,5490,2020,7,29,3,3,0,9067.0,9440.0,7290.0,8960.857142857143,8834.42857142857
1,2020-07-17,7669,653,1,0,0,1,c,a,5490,2020,7,29,4,3,0,9341.0,8941.0,9696.0,9127.142857142857,8939.464285714286
1,2020-07-18,9097,664,1,1,0,1,c,a,5490,2020,7,29,5,3,1,9432.0,9696.0,8435.0,8888.285714285714,8867.07142857143
1,2020-07-20,8163,854,1,0,0,1,c,a,5490,2020,7,30,0,3,0,7533.0,9633.0,9540.0,8840.42857142857,8890.714285714286
1,2020-07-21,9067,653,1,0,0,1,c,a,5490,2020,7,30,1,3,0,9930.0,8756.0,8397.0,8930.42857142857,8841.535714285714
1,2020-07-22,9333,988,1,0,0,1,c,a,5490,2020,7,30,2,3,0,9140.0,7706.0,7758.0,8807.142857142857,8865.464285714286
1,2020-07-23,7927,903,1,0,0,1,c,a,5490,2020,7,30,3,3,0,8283.0,10184.0,7408.0,8834.714285714286,8921.714285714286
1,2020-07-24,7383,732,1,0,0,1,c,a,5490,2020,7,30,4,3,0,10231.0,9067.0,8124.0,8783.857142857143,8940.25
1,2020-07-25,8719,804,1,1,0,1,c,a,5490,2020,7,30,5,3,1,7669.0,9341.0,9599.0,8377.0,8913.785714285714
1,2020-07-27,9091,1102,1,1,0,1,c,a,5490,2020,7,31,0,3,0,9097.0,9432.0,9896.0,8527.0,8882.357142857143
1,2020-07-28,8519,880,1,0,0,1,c,a,5490,2020,7,31,1,3,0,8163.0,7533.0,9765.0,8526.142857142857,8853.607142857143
1,2020-07-29,8290,813,1,0,0,1,c,a,5490,2020,7,31,2,3,0,9067.0,9930.0,7357.0,8577.0,8809.107142857143
1,2020-07-30,8341,686,1,0,0,1,c,a,5490,2020,7,31,3,3,0,9333.0,9140.0,8014.0,8466.0,8842.42857142857
1,2020-07-31,7936,934,1,0,0,1,c,a,5490,2020,7,31,4,3,0,7927.0,8283.0,9003.0,8324.285714285714,8854.107142857143
1,2020-08-01,8925,659,1,1,0,1,c,a,5490,2020,8,31,5,3,1,7383.0,10231.0,9440.0,8325.57142857143,8816.0
1,2020-08-03,8364,669,1,0,0,1,c,a,5490,2020,8,32,0,3,0,8719.0,7669.0,8941.0,8545.857142857143,8797.607142857143
1,2020-08-04,8388,906,1,0,0,1,c,a,5490,2020,8,32,1,3,0,9091.0,9097.0,9696.0,8495.142857142857,8777.0
1,2020-08-05,9672,946,1,0,0,1,c,a,5490,2020,8,32,2,3,0,8519.0,8163.0,9633.0,8394.714285714286,8730.285714285714
1,2020-08-06,8215,657,1,0,0,1,c,a,5490,2020,8,32,3,3,0,8290.0,9067.0,8756.0,8559.42857142857,8731.67857142857
1,2020-08-07,7982,596,1,0,0,1,c,a,5490,2020,8,32,4,3,0,8341.0,9333.0,7706.0,8548.714285714286,8712.357142857143
1,2020-08-08,6849,611,1,0,0,1,c,a,5490,2020,8,32,5,3,1,7936.0,7927.0,10184.0,8497.42857142857,8722.214285714286
1,2020-08-10,8533,902,1,0,0,1,c,a,5490,2020,8,33,0,3,0,8925.0,7383.0,9067.0,8342.142857142857,8603.107142857143
1,2020-08-11,7592,739,1,0,0,1,c,a,5490,2020,8,33,1,3,0,8364.0,8719.0,9341.0,8286.142857142857,8584.035714285714
1,2020-08-12,8261,829,1,0,0,1,c,a,5490,2020,8,33,2,3,0,8388.0,9091.0,9432.0,8175.857142857143,8521.57142857143
1,2020-08-13,7987,598,1,0,0,1,c,a,5490,2020,8,33,3,3,0,9672.0,8519.0,7533.0,8157.714285714285,8479.75
1,2020-08-14,9113,829,1,1,0,1,c,a,5490,2020,8,33,4,3,0,8215.0,8290.0,9930.0,7917.0,8495.964285714286
1,2020-08-15,7379,657,1,0,0,1,c,a,5490,2020,8,33,5,3,1,7982.0,8341.0,9140.0,8045.285714285715,8466.785714285714
1,2020-08-17,8826,1006,1,1,0,1,c,a,5490,2020,8,34,0,3,0,6849.0,7936.0,8283.0,7959.142857142857,8403.892857142857
1,2020-08-18,9035,887,1,0,0,1,c,a,5490,2020,8,34,1,3,0,8533.0,8925.0,10231.0,8241.57142857143,8423.285714285714
1,2020-08-19,8977,644,1,1,0,1,c,a,5490,2020,8,34,2,3,0,7592.0,8364.0,7669.0,8313.285714285714,8380.57142857143
1,2020-08-20,9640,1022,1,1,0,1,c,a,5490,2020,8,34,3,3,0,8261.0,8388.0,9097.0,8511.142857142857,8427.285714285714
1,2020-08-21,7271,811,1,0,0,1,c,a,5490,2020,8,34,4,3,0,7987.0,9672.0,8163.0,8708.142857142857,8446.67857142857
1,2020-08-22,6775,697,1,0,0,1,c,a,5490,2020,8,34,5,3,1,9113.0,8215.0,9067.0,8605.857142857143,8414.82142857143
1,2020-08-24,6769,487,1,0,0,1,c,a,5490,2020,8,35,0,3,0,7379.0,7982.0,9333.0,8271.857142857143,8332.964285714286
1,2020-08-25,8573,825,1,0,0,1,c,a,5490,2020,8,35,1,3,0,8826.0,6849.0,7927.0,8184.714285714285,8241.392857142857
1,2020-08-26,9682,1014,1,1,0,1,c,a,5490,2020,8,35,2,3,0,9035.0,8533.0,7383.0,8148.571428571428,8264.464285714286
1,2020-08-27,8113,675,1,0,0,1,c,a,5490,2020,8,35,3,3,0,8977.0,7592.0,8719.0,8241.0,8346.57142857143
1,2020-08-28,9258,956,1,1,0,1,c,a,5490,2020,8,35,4,3,0,9640.0,8261.0,9091.0,8117.571428571428,8324.92857142857
1,2020-08-29,8662,949,1,1,0,1,c,a,5490,2020,8,35,5,3,1,7271.0,7987.0,8519.0,8063.0,8330.892857142857
1,2020-08-31,7708,815,1,0,0,1,c,a,5490,2020,8,36,0,3,0,6775.0,9113.0,8290.0,8261.714285714286,8336.0
1,2020-09-01,6619,567,1,0,0,0,c,a,5490,2020,9,36,1,3,0,6769.0,7379.0,8341.0,8395.0,8315.214285714286
1,2020-09-02,7363,676,1,0,0,0,c,a,5490,2020,9,36,2,3,0,8573.0,8826.0,7936.0,8373.57142857143,8253.714285714286
1,2020-09-03,7468,898,1,0,0,0,c,a,5490,2020,9,36,3,3,0,9682.0,9035.0,8925.0,8200.714285714286,8233.25
1,2020-09-04,6449,533,1,0,0,0,c,a,5490,2020,9,36,4,3,0,8113.0,8977.0,8364.0,7884.428571428572,8181.214285714285
1,2020-09-05,7687,664,1,1,0,0,c,a,5490,2020,9,36,5,3,1,9258.0,9640.0,8388.0,7646.714285714285,8112.821428571428
1,2020-09-07,6275,462,1,0,0,0,c,a,5490,2020,9,37,0,3,0,8662.0,7271.0,9672.0,7422.285714285715,8087.785714285715
1,2020-09-08,8287,600,1,1,0,0,c,a,5490,2020,9,37,1,3,0,7708.0,6775.0,8215.0,7081.285714285715,7966.464285714285
1,2020-09-09,7726,850,1,0,0,0,c,a,5490,2020,9,37,2,3,0,6619.0,6769.0,7982.0,7164.0,7969.035714285715
1,2020-09-10,7260,583,1,0,0,0,c,a,5490,2020,9,37,3,3,0,7363.0,8573.0,6849.0,7322.142857142857,7959.892857142857
1,2020-09-11,7644,598,1,1,0,0,c,a,5490,2020,9,37,4,3,0,7468.0,9682.0,8533.0,7307.428571428572,7974.571428571428
1,2020-09-12,6147,684,1,0,0,0,c,a,5490,2020,9,37,5,3,1,6449.0,8113.0,7592.0,7332.571428571428,7942.821428571428
1,2020-09-14,7018,630,1,0,0,0,c,a,5490,2020,9,38,0,3,0,7687.0,9258.0,8261.0,7289.428571428572,7891.214285714285
1,2020-09-15,7785,586,1,0,0,0,c,a,5490,2020,9,38,1,3,0,6275.0,8662.0,7987.0,7193.857142857143,7846.821428571428
1,2020-09-16,7420,723,1,0,0,0,c,a,5490,2020,9,38,2,3,0,8287.0,7708.0,9113.0,7409.571428571428,7839.607142857143
1,2020-09-17,7578,772,1,0,0,0,c,a,5490,2020,9,38,3,3,0,7726.0,6619.0,7379.0,7285.714285714285,7779.142857142857
1,2020-09-18,6937,517,1,1,0,0,c,a,5490,2020,9,38,4,3,0,7260.0,7363.0,8826.0,7264.571428571428,7786.25
1,2020-09-19,5963,529,1,0,0,0,c,a,5490,2020,9,38,5,3,1,7644.0,7468.0,9035.0,7218.428571428572,7718.785714285715
1,2020-09-21,7473,547,1,1,0,0,c,a,5490,2020,9,39,0,3,0,6147.0,6449.0,8977.0,6978.285714285715,7609.071428571428
1,2020-09-22,8500,849,1,1,0,0,c,a,5490,2020,9,39,1,3,0,7018.0,7687.0,9640.0,7167.714285714285,7555.357142857143
1,2020-09-23,7562,675,1,0,0,0,c,a,5490,2020,9,39,2,3,0,7785.0,6275.0,7271.0,7379.428571428572,7514.642857142857
1,2020-09-24,8558,672,1,1,0,0,c,a,5490,2020,9,39,3,3,0,7420.0,8287.0,6775.0,7347.571428571428,7525.035714285715
1,2020-09-25,5824,467,1,0,0,0,c,a,5490,2020,9,39,4,3,0,7578.0,7726.0,6769.0,7510.142857142857,7588.714285714285
1,2020-09-26,5493,481,1,0,0,0,c,a,5490,2020,9,39,5,3,1,6937.0,7260.0,8573.0,7259.571428571428,7554.964285714285
1,2020-09-28,7527,582,1,1,0,0,c,a,5490,2020,9,40,0,3,0,5963.0,7644.0,9682.0,7053.285714285715,7444.964285714285
1,2020-09-29,7406,566,1,0,0,0,c,a,5490,2020,9,40,1,3,0,7473.0,6147.0,8113.0,7276.714285714285,7368.0
1,2020-09-30,7708,866,1,0,0,0,c,a,5490,2020,9,40,2,3,0,8500.0,7018.0,9258.0,7267.142857142857,7342.75
1,2020-10-01,6607,535,1,0,0,0,c,a,5490,2020,10,40,3,4,0,7562.0,7785.0,8662.0,7154.0,7287.392857142857
1,2020-10-02,7773,690,1,1,0,0,c,a,5490,2020,10,40,4,4,0,8558.0,7420.0,7708.0,7017.571428571428,7214.0
1,2020-10-03,6041,599,1,0,0,0,c,a,5490,2020,10,40,5,4,1,5824.0,7578.0,6619.0,6905.428571428572,7216.321428571428
1,2020-10-05,6424,617,1,0,0,0,c,a,5490,2020,10,41,0,4,0,5493.0,6937.0,7363.0,6936.428571428572,7195.678571428572
1,2020-10-06,7257,530,1,0,0,0,c,a,5490,2020,10,41,1,4,0,7527.0,5963.0,7468.0,7069.428571428572,7162.142857142857
1,2020-10-07,7132,611,1,0,0,0,c,a,5490,2020,10,41,2,4,0,7406.0,7473.0,6449.0,7030.857142857143,7154.607142857143
1,2020-10-08,7640,577,1,0,0,0,c,a,5490,2020,10,41,3,4,0,7708.0,8500.0,7687.0,6991.714285714285,7179.0
1,2020-10-09,7773,574,1,1,0,0,c,a,5490,2020,10,41,4,4,0,6607.0,7562.0,6275.0,6982.0,7177.321428571428
1,2020-10-10,6880,771,1,1,0,0,c,a,5490,2020,10,41,5,4,1,7773.0,8558.0,8287.0,7148.571428571428,7230.821428571428
1,2020-10-12,6844,551,1,1,0,0,c,a,5490,2020,10,42,0,4,0,6041.0,5824.0,7726.0,7021.0,7180.571428571428
1,2020-10-13,8661,639,1,1,0,0,c,a,5490,2020,10,42,1,4,0,6424.0,5493.0,7260.0,7135.714285714285,7149.071428571428
1,2020-10-14,7887,758,1,0,0,0,c,a,5490,2020,10,42,2,4,0,7257.0,7527.0,7644.0,7455.285714285715,7199.107142857143
1,2020-10-15,6679,667,1,0,0,0,c,a,5490,2020,10,42,3,4,0,7132.0,7406.0,6147.0,7545.285714285715,7207.785714285715
1,2020-10-16,7269,537,1,1,0,0,c,a,5490,2020,10,42,4,4,0,7640.0,7708.0,7018.0,7480.571428571428,7226.785714285715
1,2020-10-17,4466,442,1,0,0,0,c,a,5490,2020,10,42,5,4,1,7773.0,6607.0,7785.0,7427.571428571428,7235.75
1,2020-10-19,6636,619,1,1,0,0,c,a,5490,2020,10,43,0,4,0,6880.0,7773.0,7420.0,6955.142857142857,7117.214285714285
1,2020-10-20,6541,722,1,0,0,0,c,a,5490,2020,10,43,1,4,0,6844.0,6041.0,7578.0,6920.285714285715,7089.214285714285
1,2020-10-21,7078,695,1,0,0,0,c,a,5490,2020,10,43,2,4,0,8661.0,6424.0,6937.0,6877.0,7052.178571428572
1,2020-10-22,7424,629,1,1,0,0,c,a,5490,2020,10,43,3,4,0,7887.0,7257.0,5963.0,6650.857142857143,7057.214285714285
1,2020-10-23,5258,381,1,0,0,0,c,a,5490,2020,10,43,4,4,0,6679.0,7132.0,7473.0,6584.714285714285,7109.392857142857
1,2020-10-24,5412,516,1,0,0,0,c,a,5490,2020,10,43,5,4,1,7269.0,7640.0,8500.0,6381.714285714285,7030.285714285715
1,2020-10-26,5922,511,1,0,0,0,c,a,5490,2020,10,44,0,4,0,4466.0,7773.0,7562.0,6116.428571428572,6920.0
1,2020-10-27,6563,525,1,0,0,0,c,a,5490,2020,10,44,1,4,0,6636.0,6880.0,8558.0,6324.428571428572,6861.428571428572
1,2020-10-28,6587,720,1,0,0,0,c,a,5490,2020,10,44,2,4,0,6541.0,6844.0,5824.0,6314.0,6790.178571428572
1,2020-10-29,6257,577,1,0,0,0,c,a,5490,2020,10,44,3,4,0,7078.0,8661.0,5493.0,6320.571428571428,6817.428571428572
1,2020-10-30,7196,676,1,1,0,0,c,a,5490,2020,10,44,4,4,0,7424.0,7887.0,7527.0,6203.285714285715,6844.714285714285
1,2020-10-31,4059,357,1,0,0,0,c,a,5490,2020,10,44,5,4,1,5258.0,6679.0,7406.0,6170.714285714285,6832.892857142857
1,2020-11-02,5901,431,1,0,0,0,c,a,5490,2020,11,45,0,4,0,5412.0,7269.0,7708.0,5999.428571428572,6713.357142857143
1,2020-11-03,6274,651,1,0,0,0,c,a,5490,2020,11,45,1,4,0,5922.0,4466.0,6607.0,6069.285714285715,6648.821428571428
1,2020-11-04,7513,840,1,1,0,0,c,a,5490,2020,11,45,2,4,0,6563.0,6636.0,7773.0,6119.571428571428,6636.928571428572
1,2020-11-05,7193,601,1,1,0,0,c,a,5490,2020,11,45,3,4,0,6587.0,6541.0,6041.0,6255.285714285715,6627.642857142857
1,2020-11-06,5116,425,1,0,0,0,c,a,5490,2020,11,45,4,4,0,6257.0,7078.0,6424.0,6341.857142857143,6668.785714285715
1,2020-11-07,4675,542,1,0,0,0,c,a,5490,2020,11,45,5,4,1,7196.0,7424.0,7257.0,6178.857142857143,6622.071428571428
1,2020-11-09,7010,743,1,1,0,0,c,a,5490,2020,11,46,0,4,0,4059.0,5258.0,7132.0,5818.714285714285,6529.857142857143
1,2020-11-10,5847,618,1,0,0,0,c,a,5490,2020,11,46,1,4,0,5901.0,5412.0,7640.0,6240.285714285715,6525.5
1,2020-11-11,7623,734,1,1,0,0,c,a,5490,2020,11,46,2,4,0,6274.0,5922.0,7773.0,6232.571428571428,6461.464285714285
1,2020-11-12,7199,779,1,1,0,0,c,a,5490,2020,11,46,3,4,0,7513.0,6563.0,6880.0,6425.285714285715,6456.107142857143
1,2020-11-13,4630,346,1,0,0,0,c,a,5490,2020,11,46,4,4,0,7193.0,6587.0,6844.0,6380.428571428572,6467.5
1,2020-11-14,6667,663,1,1,0,0,c,a,5490,2020,11,46,5,4,1,5116.0,6257.0,8661.0,6014.285714285715,6388.428571428572
1,2020-11-16,6062,630,1,0,0,0,c,a,5490,2020,11,47,0,4,0,4675.0,7196.0,7887.0,6235.857142857143,6317.214285714285
1,2020-11-17,6621,633,1,1,0,0,c,a,5490,2020,11,47,1,4,0,7010.0,4059.0,6679.0,6434.0,6252.035714285715
1,2020-11-18,6754,493,1,1,0,0,c,a,5490,2020,11,47,2,4,0,5847.0,5901.0,7269.0,6378.428571428572,6249.964285714285
1,2020-11-19,6789,767,1,1,0,0,c,a,5490,2020,11,47,3,4,0,7623.0,6274.0,4466.0,6508.0,6231.571428571428
1,2020-11-20,6691,522,1,1,0,0,c,a,5490,2020,11,47,4,4,0,7199.0,7513.0,6636.0,6388.857142857143,6314.535714285715
1,2020-11-21,4728,581,1,0,0,0,c,a,5490,2020,11,47,5,4,1,4630.0,7193.0,6541.0,6316.285714285715,6316.5
1,2020-11-23,6287,658,1,0,0,0,c,a,5490,2020,11,48,0,4,0,6667.0,5116.0,7078.0,6330.285714285715,6251.75
1,2020-11-24,6306,484,1,0,0,0,c,a,5490,2020,11,48,1,4,0,6062.0,4675.0,7424.0,6276.0,6223.5
1,2020-11-25,6840,709,1,1,0,0,c,a,5490,2020,11,48,2,4,0,6621.0,7010.0,5258.0,6310.857142857143,6183.571428571428
1,2020-11-26,5795,429,1,0,0,0,c,a,5490,2020,11,48,3,4,0,6754.0,5847.0,5412.0,6342.142857142857,6240.071428571428
1,2020-11-27,4455,393,1,0,0,0,c,a,5490,2020,11,48,4,4,0,6789.0,7623.0,5922.0,6205.142857142857,6253.75
1,2020-11-28,6015,463,1,1,0,0,c,a,5490,2020,11,48,5,4,1,6691.0,7199.0,6563.0,5871.714285714285,6201.357142857143
1,2020-11-30,6001,500,1,0,0,0,c,a,5490,2020,11,49,0,4,0,4728.0,4630.0,6587.0,5775.142857142857,6181.785714285715
1,2020-12-01,6571,487,1,0,0,0,c,a,5490,2020,12,49,1,4,0,6287.0,6667.0,6257.0,5957.0,6160.857142857143
1,2020-12-02,6254,755,1,0,0,0,c,a,5490,2020,12,49,2,4,0,6306.0,6062.0,7196.0,5997.571428571428,6172.071428571428
1,2020-12-03,4773,384,1,0,0,0,c,a,5490,2020,12,49,3,4,0,6840.0,6621.0,4059.0,5990.142857142857,6138.428571428572
1,2020-12-04,4457,431,1,0,0,0,c,a,5490,2020,12,49,4,4,0,5795.0,6754.0,5901.0,5694.857142857143,6163.928571428572
1,2020-12-05,4806,474,1,0,0,0,c,a,5490,2020,12,49,5,4,1,4455.0,6789.0,6274.0,5503.714285714285,6112.357142857143
1,2020-12-07,6684,615,1,1,0,0,c,a,5490,2020,12,50,0,4,0,6015.0,6691.0,7513.0,5553.857142857143,6059.928571428572
1,2020-12-08,6383,468,1,1,0,0,c,a,5490,2020,12,50,1,4,0,6001.0,4728.0,7193.0,5649.428571428572,6030.321428571428
1,2020-12-09,7429,894,1,1,0,0,c,a,5490,2020,12,50,2,4,0,6571.0,6287.0,5116.0,5704.0,6001.392857142857
1,2020-12-10,5041,435,1,0,0,0,c,a,5490,2020,12,50,3,4,0,6254.0,6306.0,4675.0,5826.571428571428,6084.0
1,2020-12-11,4816,569,1,0,0,0,c,a,5490,2020,12,50,4,4,0,4773.0,6840.0,7010.0,5653.285714285715,6097.071428571428
1,2020-12-12,5773,526,1,1,0,0,c,a,5490,2020,12,50,5,4,1,4457.0,5795.0,5847.0,5659.428571428572,6018.714285714285
1,2020-12-14,5818,450,1,1,0,0,c,a,5490,2020,12,51,0,4,0,4806.0,4455.0,7623.0,5847.428571428572,6016.071428571428
1,2020-12-15,6856,563,1,1,0,0,c,a,5490,2020,12,51,1,4,0,6684.0,6015.0,7199.0,5992.0,5951.607142857143
1,2020-12-16,5326,622,1,0,0,0,c,a,5490,2020,12,51,2,4,0,6383.0,6001.0,4630.0,6016.571428571428,5939.357142857143
1,2020-12-17,7171,812,1,1,0,0,c,a,5490,2020,12,51,3,4,0,7429.0,6571.0,6667.0,5865.571428571428,5964.214285714285
1,2020-12-18,5557,493,1,1,0,0,c,a,5490,2020,12,51,4,4,0,5041.0,6254.0,6062.0,5828.714285714285,5982.214285714285
1,2020-12-19,5557,448,1,1,0,0,c,a,5490,2020,12,51,5,4,1,4816.0,4773.0,6621.0,5902.428571428572,5964.178571428572
1,2020-12-21,6878,525,1,1,0,0,c,a,5490,2020,12,52,0,4,0,5773.0,4457.0,6754.0,6008.285714285715,5926.178571428572
1,2020-12-22,6238,570,1,0,0,0,c,a,5490,2020,12,52,1,4,0,5818.0,4806.0,6789.0,6166.142857142857,5930.607142857143
1,2020-12-23,6290,766,1,0,0,0,c,a,5490,2020,12,52,2,4,0,6856.0,6684.0,6691.0,6226.142857142857,5910.928571428572
1,2020-12-24,6761,691,1,1,0,0,c,a,5490,2020,12,52,3,4,0,5326.0,6383.0,4728.0,6145.285714285715,5896.607142857143
1,2020-12-26,6059,463,1,1,0,0,c,a,5490,2020,12,52,5,4,1,7171.0,7429.0,6287.0,6350.285714285715,5969.214285714285
1,2020-12-28,5191,400,1,0,0,0,c,a,5490,2020,12,53,0,4,0,5557.0,5041.0,6306.0,6191.428571428572,5961.071428571428
1,2020-12-29,5282,605,1,0,0,0,c,a,5490,2020,12,53,1,4,0,5557.0,4816.0,6840.0,6139.142857142857,5921.25
1,2020-12-30,6161,505,1,0,0,0,c,a,5490,2020,12,53,2,4,0,6878.0,5773.0,5795.0,6099.857142857143,5865.607142857143
1,2020-12-31,5455,551,1,0,0,0,c,a,5490,2020,12,53,3,4,0,6238.0,5818.0,4455.0,5997.428571428572,5878.678571428572
1,2021-01-02,4527,355,1,0,0,0,c,a,5490,2021,1,53,5,1,1,6290.0,6856.0,6015.0,5885.571428571428,5914.392857142857
1,2021-01-04,5559,475,1,0,0,0,c,a,5490,2021,1,1,0,1,0,6761.0,5326.0,6001.0,5633.714285714285,5861.25
1,2021-01-05,5936,728,1,0,0,0,c,a,5490,2021,1,1,1,1,0,6059.0,7171.0,6571.0,5462.0,5845.464285714285
1,2021-01-06,7402,578,1,1,0,0,c,a,5490,2021,1,1,2,1,0,5191.0,5557.0,6254.0,5444.428571428572,5822.785714285715
1,2021-01-07,6734,666,1,1,0,0,c,a,5490,2021,1,1,3,1,0,5282.0,5557.0,4773.0,5760.285714285715,5863.785714285715
1,2021-01-08,5858,497,1,1,0,0,c,a,5490,2021,1,1,4,1,0,6161.0,6878.0,4457.0,5967.714285714285,5933.821428571428
1,2021-01-09,4690,337,1,1,0,0,c,a,5490,2021,1,1,5,1,1,5455.0,6238.0,4806.0,5924.428571428572,5983.857142857143
1,2021-01-11,5753,462,1,1,0,0,c,a,5490,2021,1,2,0,1,0,4527.0,6290.0,6684.0,5815.142857142857,5979.714285714285
1,2021-01-12,5178,597,1,0,0,0,c,a,5490,2021,1,2,1,1,0,5559.0,6761.0,6383.0,5990.285714285715,5946.464285714285
1,2021-01-13,5619,597,1,0,0,0,c,a,5490,2021,1,2,2,1,0,5936.0,6059.0,7429.0,5935.857142857143,5903.428571428572
1,2021-01-14,5193,640,1,0,0,0,c,a,5490,2021,1,2,3,1,0,7402.0,5191.0,5041.0,5890.571428571428,5838.785714285715
1,2021-01-15,5345,442,1,1,0,0,c,a,5490,2021,1,2,4,1,0,6734.0,5282.0,4816.0,5575.0,5844.214285714285
1,2021-01-16,4064,296,1,0,0,0,c,a,5490,2021,1,2,5,1,1,5858.0,6161.0,5773.0,5376.571428571428,5863.107142857143
1,2021-01-18,6375,480,1,1,0,0,c,a,5490,2021,1,3,0,1,0,4690.0,5455.0,5818.0,5120.285714285715,5802.071428571428
1,2021-01-19,6729,622,1,1,0,0,c,a,5490,2021,1,3,1,1,0,5753.0,4527.0,6856.0,5361.0,5821.964285714285
1,2021-01-20,7648,690,1,1,0,0,c,a,5490,2021,1,3,2,1,0,5178.0,5559.0,5326.0,5500.428571428572,5817.428571428572
1,2021-01-21,6265,691,1,0,0,0,c,a,5490,2021,1,3,3,1,0,5619.0,5936.0,7171.0,5853.285714285715,5900.357142857143
1,2021-01-22,5199,514,1,0,0,0,c,a,5490,2021,1,3,4,1,0,5193.0,7402.0,5557.0,5945.571428571428,5868.0
1,2021-01-23,4341,314,1,0,0,0,c,a,5490,2021,1,3,5,1,1,5345.0,6734.0,5557.0,5946.428571428572,5855.214285714285
1,2021-01-25,6353,506,1,1,0,0,c,a,5490,2021,1,4,0,1,0,4064.0,5858.0,6878.0,5803.0,5811.785714285715
1,2021-01-26,6655,745,1,1,0,0,c,a,5490,2021,1,4,1,1,0,6375.0,4690.0,6238.0,6130.0,5793.035714285715
1,2021-01-27,6993,623,1,1,0,0,c,a,5490,2021,1,4,2,1,0,6729.0,5753.0,6290.0,6170.0,5807.928571428572
1,2021-01-28,6589,573,1,1,0,0,c,a,5490,2021,1,4,3,1,0,7648.0,5178.0,6761.0,6207.714285714285,5833.035714285715
1,2021-01-29,4915,559,1,0,0,0,c,a,5490,2021,1,4,4,1,0,6265.0,5619.0,6059.0,6056.428571428572,5826.892857142857
1,2021-01-30,6024,438,1,1,0,0,c,a,5490,2021,1,4,5,1,1,5199.0,5193.0,5191.0,5863.571428571428,5786.035714285715
1,2021-02-01,6779,599,1,1,0,0,c,a,5490,2021,2,5,0,1,0,4341.0,5345.0,5282.0,5981.428571428572,5815.785714285715
1,2021-02-02,6448,616,1,0,0,0,c,a,5490,2021,2,5,1,1,0,6353.0,4064.0,6161.0,6329.714285714285,5869.25
1,2021-02-03,6531,595,1,0,0,0,c,a,5490,2021,2,5,2,1,0,6655.0,6375.0,5455.0,6343.285714285715,5879.5
1,2021-02-04,5426,582,1,0,0,0,c,a,5490,2021,2,5,3,1,0,6993.0,6729.0,4527.0,6325.571428571428,5917.928571428572
1,2021-02-05,4953,428,1,1,0,0,c,a,5490,2021,2,5,4,1,0,6589.0,7648.0,5559.0,6101.714285714285,5950.035714285715
1,2021-02-06,5553,550,1,1,0,0,c,a,5490,2021,2,5,5,1,1,4915.0,6265.0,5936.0,5868.0,5928.392857142857
1,2021-02-08,6033,454,1,1,0,0,c,a,5490,2021,2,6,0,1,0,6024.0,5199.0,7402.0,5959.142857142857,5914.714285714285
1,2021-02-09,7452,623,1,1,0,0,c,a,5490,2021,2,6,1,1,0,6779.0,4341.0,6734.0,5960.428571428572,5865.821428571428
1,2021-02-10,7593,583,1,1,0,0,c,a,5490,2021,2,6,2,1,0,6448.0,6353.0,5858.0,6056.571428571428,5891.464285714285
1,2021-02-11,7311,605,1,1,0,0,c,a,5490,2021,2,6,3,1,0,6531.0,6655.0,4690.0,6220.142857142857,5953.428571428572
1,2021-02-12,6138,462,1,1,0,0,c,a,5490,2021,2,6,4,1,0,5426.0,6993.0,5753.0,6331.571428571428,6047.035714285715
1,2021-02-13,6171,754,1,1,0,0,c,a,5490,2021,2,6,5,1,1,4953.0,6589.0,5178.0,6433.285714285715,6060.785714285715
1,2021-02-15,6624,531,1,1,0,0,c,a,5490,2021,2,7,0,1,0,5553.0,4915.0,5619.0,6607.285714285715,6096.25
1,2021-02-16,5912,458,1,0,0,0,c,a,5490,2021,2,7,1,1,0,6033.0,6024.0,5193.0,6760.285714285715,6132.142857142857
1,2021-02-17,7460,767,1,1,0,0,c,a,5490,2021,2,7,2,1,0,7452.0,6779.0,5345.0,6743.0,6157.821428571428
1,2021-02-18,7149,514,1,1,0,0,c,a,5490,2021,2,7,3,1,0,7593.0,6448.0,4064.0,6744.142857142857,6233.357142857143
1,2021-02-19,6788,603,1,1,0,0,c,a,5490,2021,2,7,4,1,0,7311.0,6531.0,6375.0,6680.714285714285,6343.535714285715
1,2021-02-20,5584,646,1,1,0,0,c,a,5490,2021,2,7,5,1,1,6138.0,5426.0,6729.0,6606.0,6358.285714285715
1,2021-02-22,7090,705,1,1,0,0,c,a,5490,2021,2,8,0,1,0,6171.0,4953.0,7648.0,6526.857142857143,6317.392857142857
1,2021-02-23,7520,553,1,1,0,0,c,a,5490,2021,2,8,1,1,0,6624.0,5553.0,6265.0,6658.142857142857,6297.464285714285
1,2021-02-24,6585,783,1,0,0,0,c,a,5490,2021,2,8,2,1,0,5912.0,6033.0,5199.0,6786.142857142857,6342.285714285715
1,2021-02-25,6277,512,1,0,0,0,c,a,5490,2021,2,8,3,1,0,7460.0,7452.0,4341.0,6882.285714285715,6391.785714285715
1,2021-02-26,4780,407,1,0,0,0,c,a,5490,2021,2,8,4,1,0,7149.0,7593.0,6353.0,6713.285714285715,6460.928571428572
1,2021-02-27,5447,411,1,0,0,0,c,a,5490,2021,2,8,5,1,1,6788.0,7311.0,6655.0,6374.857142857143,6404.75
1,2021-03-01,7154,878,1,1,0,0,c,a,5490,2021,3,9,0,1,0,5584.0,6138.0,6993.0,6183.285714285715,6361.607142857143
1,2021-03-02,6280,631,1,0,0,0,c,a,5490,2021,3,9,1,1,0,7090.0,6171.0,6589.0,6407.571428571428,6367.357142857143
1,2021-03-03,6930,649,1,0,0,0,c,a,5490,2021,3,9,2,1,0,7520.0,6624.0,4915.0,6291.857142857143,6356.321428571428
1,2021-03-04,6668,476,1,0,0,0,c,a,5490,2021,3,9,3,1,0,6585.0,5912.0,6024.0,6207.571428571428,6428.285714285715
1,2021-03-05,5137,402,1,0,0,0,c,a,5490,2021,3,9,4,1,0,6277.0,7460.0,6779.0,6219.428571428572,6451.285714285715
1,2021-03-06,6296,675,1,1,0,0,c,a,5490,2021,3,9,5,1,1,4780.0,7149.0,6448.0,6056.571428571428,6392.642857142857
1,2021-03-08,6432,667,1,0,0,0,c,a,5490,2021,3,10,0,1,0,5447.0,6788.0,6531.0,6273.142857142857,6387.214285714285
1,2021-03-09,8275,929,1,1,0,0,c,a,5490,2021,3,10,1,1,0,7154.0,5584.0,5426.0,6413.857142857143,6383.678571428572
1,2021-03-10,6747,570,1,0,0,0,c,a,5490,2021,3,10,2,1,0,6280.0,7090.0,4953.0,6574.0,6485.428571428572
1,2021-03-11,6639,688,1,0,0,0,c,a,5490,2021,3,10,3,1,0,6930.0,7520.0,5553.0,6640.714285714285,6549.5
1,2021-03-12,7247,772,1,1,0,0,c,a,5490,2021,3,10,4,1,0,6668.0,6585.0,6033.0,6599.142857142857,6588.285714285715
1,2021-03-13,5279,644,1,0,0,0,c,a,5490,2021,3,10,5,1,1,5137.0,6277.0,7452.0,6681.857142857143,6631.642857142857
1,2021-03-15,7663,706,1,1,0,0,c,a,5490,2021,3,11,0,1,0,6296.0,4780.0,7593.0,6702.142857142857,6554.035714285715
1,2021-03-16,7788,854,1,1,0,0,c,a,5490,2021,3,11,1,1,0,6432.0,5447.0,7311.0,6897.428571428572,6556.535714285715
1,2021-03-17,8361,639,1,1,0,0,c,a,5490,2021,3,11,2,1,0,8275.0,7154.0,6138.0,7091.142857142857,6573.571428571428
1,2021-03-18,7973,678,1,1,0,0,c,a,5490,2021,3,11,3,1,0,6747.0,6280.0,6171.0,7103.428571428572,6652.964285714285
1,2021-03-19,6381,585,1,0,0,0,c,a,5490,2021,3,11,4,1,0,6639.0,6930.0,6624.0,7278.571428571428,6717.321428571428
1,2021-03-20,5697,651,1,0,0,0,c,a,5490,2021,3,11,5,1,1,7247.0,6668.0,5912.0,7241.714285714285,6708.642857142857
1,2021-03-22,6929,632,1,1,0,0,c,a,5490,2021,3,12,0,1,0,5279.0,5137.0,7460.0,7020.285714285715,6700.964285714285
1,2021-03-23,6800,591,1,0,0,0,c,a,5490,2021,3,12,1,1,0,7663.0,6296.0,7149.0,7256.0,6682.0
1,2021-03-24,6848,638,1,0,0,0,c,a,5490,2021,3,12,2,1,0,7788.0,6432.0,6788.0,7132.714285714285,6669.535714285715
1,2021-03-25,7081,839,1,0,0,0,c,a,5490,2021,3,12,3,1,0,8361.0,8275.0,5584.0,6998.428571428572,6671.678571428572
1,2021-03-26,7004,718,1,0,0,0,c,a,5490,2021,3,12,4,1,0,7973.0,6747.0,7090.0,6815.571428571428,6725.142857142857
1,2021-03-27,6623,503,1,1,0,0,c,a,5490,2021,3,12,5,1,1,6381.0,6639.0,7520.0,6677.142857142857,6722.071428571428
1,2021-03-29,7596,880,1,1,0,0,c,a,5490,2021,3,13,0,1,0,5697.0,7247.0,6585.0,6711.714285714285,6690.035714285715
1,2021-03-30,6858,492,1,0,0,0,c,a,5490,2021,3,13,1,1,0,6929.0,5279.0,6277.0,6983.0,6726.142857142857
1,2021-03-31,8168,668,1,0,0,0,c,a,5490,2021,3,13,2,1,0,6800.0,7663.0,4780.0,6972.857142857143,6746.892857142857
1,2021-04-01,7996,992,1,1,0,0,c,a,5490,2021,4,13,3,2,0,6848.0,7788.0,5447.0,7168.285714285715,6867.892857142857
1,2021-04-03,5483,542,1,0,0,0,c,a,5490,2021,4,13,5,2,1,7081.0,8361.0,7154.0,7332.285714285715,6958.928571428572
1,2021-04-05,6625,782,1,0,0,0,c,a,5490,2021,4,14,0,2,0,7004.0,7973.0,6280.0,7104.0,6899.25
1,2021-04-06,7308,602,1,0,0,0,c,a,5490,2021,4,14,1,2,0,6623.0,6381.0,6930.0,7049.857142857143,6911.571428571428
1,2021-04-07,8146,885,1,1,0,0,c,a,5490,2021,4,14,2,2,0,7596.0,5697.0,6668.0,7147.714285714285,6925.071428571428
1,2021-04-08,7116,581,1,0,0,0,c,a,5490,2021,4,14,3,2,0,6858.0,6929.0,5137.0,7226.285714285715,6977.857142857143
1,2021-04-09,6061,445,1,0,0,0,c,a,5490,2021,4,14,4,2,0,8168.0,6800.0,6296.0,7263.142857142857,7048.535714285715
1,2021-04-10,6669,504,1,0,0,0,c,a,5490,2021,4,14,5,2,1,7996.0,6848.0,6432.0,6962.142857142857,7040.142857142857
1,2021-04-12,8053,628,1,1,0,0,c,a,5490,2021,4,15,0,2,0,5483.0,7081.0,8275.0,6772.571428571428,7048.607142857143
1,2021-04-13,7431,575,1,0,0,0,c,a,5490,2021,4,15,1,2,0,6625.0,7004.0,6747.0,7139.714285714285,7040.678571428572
1,2021-04-14,7922,667,1,0,0,0,c,a,5490,2021,4,15,2,2,0,7308.0,6623.0,6639.0,7254.857142857143,7065.107142857143
1,2021-04-15,7022,839,1,0,0,0,c,a,5490,2021,4,15,3,2,0,8146.0,7596.0,7247.0,7342.571428571428,7110.928571428572
1,2021-04-16,6599,736,1,0,0,0,c,a,5490,2021,4,15,4,2,0,7116.0,6858.0,5279.0,7182.0,7102.892857142857
1,2021-04-17,6882,540,1,1,0,0,c,a,5490,2021,4,15,5,2,1,6061.0,8168.0,7663.0,7108.142857142857,7150.035714285715
1,2021-04-19,7865,715,1,1,0,0,c,a,5490,2021,4,16,0,2,0,6669.0,7996.0,7788.0,7225.428571428572,7122.142857142857
1,2021-04-20,8331,596,1,1,0,0,c,a,5490,2021,4,16,1,2,0,8053.0,5483.0,8361.0,7396.285714285715,7124.892857142857
1,2021-04-21,9146,768,1,1,0,0,c,a,5490,2021,4,16,2,2,0,7431.0,6625.0,7973.0,7436.0,7123.821428571428
1,2021-04-22,7121,870,1,0,0,0,c,a,5490,2021,4,16,3,2,0,7922.0,7308.0,6381.0,7681.0,7165.714285714285
1,2021-04-23,6750,626,1,0,0,0,c,a,5490,2021,4,16,4,2,0,7022.0,8146.0,5697.0,7566.571428571428,7192.142857142857
1,2021-04-24,7782,737,1,1,0,0,c,a,5490,2021,4,16,5,2,1,6599.0,7116.0,6929.0,7527.714285714285,7229.75
1,2021-04-26,7398,723,1,0,0,0,c,a,5490,2021,4,17,0,2,0,6882.0,6061.0,6800.0,7696.714285714285,7260.214285714285
1,2021-04-27,8234,666,1,1,0,0,c,a,5490,2021,4,17,1,2,0,7865.0,6669.0,6848.0,7770.428571428572,7281.571428571428
1,2021-04-28,8619,650,1,0,0,0,c,a,5490,2021,4,17,2,2,0,8331.0,8053.0,7081.0,7823.142857142857,7331.071428571428
1,2021-04-29,7980,690,1,1,0,0,c,a,5490,2021,4,17,3,2,0,9146.0,7431.0,7004.0,7864.285714285715,7386.0
1,2021-04-30,7741,835,1,1,0,0,c,a,5490,2021,4,17,4,2,0,7121.0,7922.0,6623.0,7697.714285714285,7420.857142857143
1,2021-05-01,8093,920,1,1,0,0,c,a,5490,2021,5,17,5,2,1,6750.0,7022.0,7596.0,7786.285714285715,7460.785714285715
1,2021-05-03,8650,642,1,1,0,0,c,a,5490,2021,5,18,0,2,0,7782.0,6599.0,6858.0,7978.142857142857,7478.535714285715
1,2021-05-04,7944,725,1,0,0,0,c,a,5490,2021,5,18,1,2,0,7398.0,6882.0,8168.0,8102.142857142857,7542.535714285715
1,2021-05-05,7875,595,1,0,0,0,c,a,5490,2021,5,18,2,2,0,8234.0,7865.0,7996.0,8180.142857142857,7534.535714285715
1,2021-05-06,6734,582,1,0,0,0,c,a,5490,2021,5,18,3,2,0,8619.0,8331.0,5483.0,8128.857142857143,7530.214285714285
1,2021-05-07,7033,679,1,0,0,0,c,a,5490,2021,5,18,4,2,0,7980.0,9146.0,6625.0,7859.571428571428,7574.892857142857
1,2021-05-08,8006,804,1,1,0,0,c,a,5490,2021,5,18,5,2,1,7741.0,7121.0,7308.0,7724.285714285715,7589.464285714285
1,2021-05-10,8002,910,1,1,0,0,c,a,5490,2021,5,19,0,2,0,8093.0,6750.0,8146.0,7762.142857142857,7614.392857142857
1,2021-05-11,8501,1007,1,1,0,0,c,a,5490,2021,5,19,1,2,0,8650.0,7782.0,7116.0,7749.142857142857,7609.25
1,2021-05-12,8008,720,1,0,0,0,c,a,5490,2021,5,19,2,2,0,7944.0,7398.0,6061.0,7727.857142857143,7658.714285714285
1,2021-05-13,7615,802,1,0,0,0,c,a,5490,2021,5,19,3,2,0,7875.0,8234.0,6669.0,7737.0,7728.25
1,2021-05-14,8689,709,1,1,0,0,c,a,5490,2021,5,19,4,2,0,6734.0,8619.0,8053.0,7699.857142857143,7762.035714285715
1,2021-05-15,6992,644,1,0,0,0,c,a,5490,2021,5,19,5,2,1,7033.0,7980.0,7431.0,7979.142857142857,7784.75
1,2021-05-17,9066,706,1,1,0,0,c,a,5490,2021,5,20,0,2,0,8006.0,7741.0,7922.0,7973.285714285715,7769.071428571428
1,2021-05-18,9096,1048,1,1,0,0,c,a,5490,2021,5,20,1,2,0,8002.0,8093.0,7022.0,8124.714285714285,7809.928571428572
1,2021-05-19,8371,1003,1,0,0,0,c,a,5490,2021,5,20,2,2,0,8501.0,8650.0,6599.0,8281.0,7884.0
1,2021-05-20,7776,571,1,0,0,0,c,a,5490,2021,5,20,3,2,0,8008.0,7944.0,6882.0,8262.42857142857,7947.285714285715
1,2021-05-21,6778,613,1,0,0,0,c,a,5490,2021,5,20,4,2,0,7615.0,7875.0,7865.0,8229.285714285714,7979.214285714285
1,2021-05-22,6828,516,1,0,0,0,c,a,5490,2021,5,20,5,2,1,8689.0,6734.0,8331.0,8109.714285714285,7940.392857142857
1,2021-05-24,7724,696,1,0,0,0,c,a,5490,2021,5,21,0,2,0,6992.0,7033.0,9146.0,7843.857142857143,7886.714285714285
1,2021-05-25,7830,957,1,0,0,0,c,a,5490,2021,5,21,1,2,0,9066.0,8006.0,7121.0,7948.428571428572,7835.928571428572
1,2021-05-26,8480,693,1,0,0,0,c,a,5490,2021,5,21,2,2,0,9096.0,8002.0,6750.0,7771.857142857143,7861.25
1,2021-05-27,8030,753,1,0,0,0,c,a,5490,2021,5,21,3,2,0,8371.0,8501.0,7782.0,7683.857142857143,7923.035714285715
1,2021-05-28,8172,901,1,1,0,0,c,a,5490,2021,5,21,4,2,0,7776.0,8008.0,7398.0,7635.142857142857,7931.892857142857
1,2021-05-29,8007,683,1,1,0,0,c,a,5490,2021,5,21,5,2,1,6778.0,7615.0,8234.0,7691.714285714285,7959.535714285715
1,2021-05-31,9559,836,1,1,0,0,c,a,5490,2021,5,22,0,2,0,6828.0,8689.0,8619.0,7867.285714285715,7951.428571428572
1,2021-06-01,8327,690,1,0,0,0,c,a,5490,2021,6,22,1,2,0,7724.0,6992.0,7980.0,8257.42857142857,7985.0
1,2021-06-02,8583,718,1,0,0,0,c,a,5490,2021,6,22,2,2,0,7830.0,9066.0,7741.0,8343.57142857143,7997.392857142857
1,2021-06-03,7710,645,1,0,0,0,c,a,5490,2021,6,22,3,2,0,8480.0,9096.0,8093.0,8451.142857142857,8027.464285714285
1,2021-06-04,8616,1039,1,1,0,0,c,a,5490,2021,6,22,4,2,0,8030.0,8371.0,8650.0,8341.142857142857,8013.785714285715
1,2021-06-05,8482,668,1,1,0,0,c,a,5490,2021,6,22,5,2,1,8172.0,7776.0,7944.0,8424.857142857143,8012.571428571428
1,2021-06-07,8767,705,1,1,0,0,c,a,5490,2021,6,23,0,2,0,8007.0,6778.0,7875.0,8469.142857142857,8031.785714285715
1,2021-06-08,8827,735,1,1,0,0,c,a,5490,2021,6,23,1,2,0,9559.0,6828.0,6734.0,8577.714285714286,8063.642857142857
1,2021-06-09,9272,737,1,1,0,0,c,a,5490,2021,6,23,2,2,0,8327.0,7724.0,7033.0,8473.142857142857,8138.392857142857
1,2021-06-10,9718,1114,1,1,0,0,c,a,5490,2021,6,23,3,2,0,8583.0,7830.0,8006.0,8608.142857142857,8218.357142857143
1,2021-06-11,7315,910,1,0,0,0,c,a,5490,2021,6,23,4,2,0,7710.0,8480.0,8002.0,8770.285714285714,8279.5
1,2021-06-12,6518,535,1,0,0,0,c,a,5490,2021,6,23,5,2,1,8616.0,8030.0,8501.0,8713.857142857143,8254.964285714286
1,2021-06-14,7140,667,1,0,0,0,c,a,5490,2021,6,24,0,2,0,8482.0,8172.0,8008.0,8414.142857142857,8184.142857142857
1,2021-06-15,7881,933,1,0,0,0,c,a,5490,2021,6,24,1,2,0,8767.0,8007.0,7615.0,8222.42857142857,8153.142857142857
1,2021-06-16,9451,786,1,1,0,0,c,a,5490,2021,6,24,2,2,0,8827.0,9559.0,8689.0,8095.857142857143,8162.642857142857
1,2021-06-17,8410,638,1,1,0,0,c,a,5490,2021,6,24,3,2,0,9272.0,8327.0,6992.0,8185.0,8189.857142857143
1,2021-06-18,7200,662,1,0,0,0,c,a,5490,2021,6,24,4,2,0,9718.0,8583.0,9066.0,8061.857142857143,8240.5
1,2021-06-19,6608,635,1,0,0,0,c,a,5490,2021,6,24,5,2,1,7315.0,7710.0,9096.0,7702.142857142857,8173.857142857143
1,2021-06-21,8372,747,1,1,0,0,c,a,5490,2021,6,25,0,2,0,6518.0,8616.0,8371.0,7601.142857142857,8085.0
1,2021-06-22,9824,798,1,1,0,0,c,a,5490,2021,6,25,1,2,0,7140.0,8482.0,7776.0,7866.0,8085.035714285715
1,2021-06-23,9935,1225,1,1,0,0,c,a,5490,2021,6,25,2,2,0,7881.0,8767.0,6778.0,8249.42857142857,8158.178571428572
1,2021-06-24,8056,594,1,0,0,0,c,a,5490,2021,6,25,3,2,0,9451.0,8827.0,6828.0,8542.857142857143,8270.92857142857
1,2021-06-25,7641,561,1,0,0,0,c,a,5490,2021,6,25,4,2,0,8410.0,9272.0,7724.0,8343.57142857143,8314.785714285714
1,2021-06-26,7065,740,1,0,0,0,c,a,5490,2021,6,25,5,2,1,7200.0,9718.0,7830.0,8233.714285714286,8311.82142857143
1,2021-06-28,7465,758,1,0,0,0,c,a,5490,2021,6,26,0,2,0,6608.0,7315.0,8480.0,8214.42857142857,8284.5
1,2021-06-29,8848,758,1,1,0,0,c,a,5490,2021,6,26,1,2,0,8372.0,6518.0,8030.0,8336.857142857143,8248.25
1,2021-06-30,9882,1025,1,1,0,0,c,a,5490,2021,6,26,2,2,0,9824.0,7140.0,8172.0,8404.857142857143,8277.464285714286
1,2021-07-01,8625,713,1,0,0,1,c,a,5490,2021,7,26,3,3,0,9935.0,7881.0,8007.0,8413.142857142857,8338.535714285714
1,2021-07-02,7951,713,1,0,0,1,c,a,5490,2021,7,26,4,3,0,8056.0,9451.0,9559.0,8226.0,8360.607142857143
1,2021-07-03,8808,923,1,1,0,1,c,a,5490,2021,7,26,5,3,1,7641.0,8410.0,8327.0,8211.0,8303.17857142857
1,2021-07-05,9134,837,1,1,0,1,c,a,5490,2021,7,27,0,3,0,7065.0,7200.0,8583.0,8377.714285714286,8320.357142857143
1,2021-07-06,9870,836,1,1,0,1,c,a,5490,2021,7,27,1,3,0,7465.0,6608.0,7710.0,8673.285714285714,8340.035714285714
1,2021-07-07,10263,884,1,1,0,1,c,a,5490,2021,7,27,2,3,0,8848.0,8372.0,8616.0,9016.857142857143,8417.17857142857
1,2021-07-08,9712,1047,1,1,0,1,c,a,5490,2021,7,27,3,3,0,9882.0,9824.0,8482.0,9219.0,8476.0
1,2021-07-09,9307,889,1,1,0,1,c,a,5490,2021,7,27,4,3,0,8625.0,9935.0,8767.0,9194.714285714286,8519.92857142857
1,2021-07-10,8630,916,1,1,0,1,c,a,5490,2021,7,27,5,3,1,7951.0,8056.0,8827.0,9292.142857142857,8539.214285714286
1,2021-07-12,9765,1012,1,1,0,1,c,a,5490,2021,7,28,0,3,0,8808.0,7641.0,9272.0,9389.142857142857,8532.17857142857
1,2021-07-13,10770,1256,1,1,0,1,c,a,5490,2021,7,28,1,3,0,9134.0,7065.0,9718.0,9525.857142857143,8549.785714285714
1,2021-07-14,9899,924,1,1,0,1,c,a,5490,2021,7,28,2,3,0,9870.0,7465.0,7315.0,9759.57142857143,8587.357142857143
1,2021-07-15,9998,758,1,1,0,1,c,a,5490,2021,7,28,3,3,0,10263.0,8848.0,6518.0,9763.714285714286,8679.642857142857
1,2021-07-16,7694,897,1,0,0,1,c,a,5490,2021,7,28,4,3,0,9712.0,9882.0,7140.0,9725.857142857143,8803.92857142857
1,2021-07-17,8026,711,1,0,0,1,c,a,5490,2021,7,28,5,3,1,9307.0,8625.0,7881.0,9437.57142857143,8823.714285714286
1,2021-07-19,8914,861,1,0,0,1,c,a,5490,2021,7,29,0,3,0,8630.0,7951.0,9451.0,9254.57142857143,8828.892857142857
1,2021-07-20,10156,1151,1,1,0,1,c,a,5490,2021,7,29,1,3,0,9765.0,8808.0,8410.0,9295.142857142857,8809.714285714286
1,2021-07-21,10176,976,1,1,0,1,c,a,5490,2021,7,29,2,3,0,10770.0,9134.0,7200.0,9351.0,8872.07142857143
1,2021-07-22,8979,643,1,0,0,1,c,a,5490,2021,7,29,3,3,0,9899.0,9870.0,6608.0,9266.142857142857,8978.357142857143
1,2021-07-23,8355,968,1,0,0,1,c,a,5490,2021,7,29,4,3,0,9998.0,10263.0,8372.0,9134.714285714286,9063.035714285714
1,2021-07-24,8037,948,1,1,0,1,c,a,5490,2021,7,29,5,3,1,7694.0,9712.0,9824.0,8900.0,9062.42857142857
1,2021-07-26,8456,632,1,0,0,1,c,a,5490,2021,7,30,0,3,0,8026.0,9307.0,9935.0,8949.0,8998.607142857143
1,2021-07-27,8408,830,1,0,0,1,c,a,5490,2021,7,30,1,3,0,8914.0,8630.0,8056.0,9010.42857142857,8945.785714285714
1,2021-07-28,8696,782,1,0,0,1,c,a,5490,2021,7,30,2,3,0,10156.0,9765.0,7641.0,8938.142857142857,8958.357142857143
1,2021-07-29,8306,738,1,0,0,1,c,a,5490,2021,7,30,3,3,0,10176.0,10770.0,7065.0,8729.57142857143,8996.035714285714
1,2021-07-30,9289,780,1,1,0,1,c,a,5490,2021,7,30,4,3,0,8979.0,9899.0,7465.0,8462.42857142857,9040.357142857143
1,2021-07-31,6994,582,1,0,0,1,c,a,5490,2021,7,30,5,3,1,8355.0,9998.0,8848.0,8506.714285714286,9105.5
1,2021-08-02,8848,739,1,1,0,1,c,a,5490,2021,8,31,0,3,0,8037.0,7694.0,9882.0,8312.285714285714,9039.285714285714
1,2021-08-03,9809,1173,1,1,0,1,c,a,5490,2021,8,31,1,3,0,8456.0,8026.0,8625.0,8428.142857142857,9002.357142857143
1,2021-08-04,10708,779,1,1,0,1,c,a,5490,2021,8,31,2,3,0,8408.0,8914.0,7951.0,8621.42857142857,9044.642857142857
1,2021-08-05,8089,721,1,0,0,1,c,a,5490,2021,8,31,3,3,0,8696.0,10156.0,8808.0,8950.0,9143.107142857143
1,2021-08-06,8032,750,1,0,0,1,c,a,5490,2021,8,31,4,3,0,8306.0,10176.0,9134.0,8863.285714285714,9117.42857142857
1,2021-08-07,9018,706,1,1,0,1,c,a,5490,2021,8,31,5,3,1,9289.0,8979.0,9870.0,8824.142857142857,9078.07142857143
1,2021-08-09,8770,932,1,1,0,1,c,a,5490,2021,8,32,0,3,0,6994.0,8355.0,10263.0,8785.42857142857,9047.642857142857
1,2021-08-10,8699,666,1,0,0,1,c,a,5490,2021,8,32,1,3,0,8848.0,8037.0,9712.0,9039.142857142857,8994.32142857143
1,2021-08-11,9105,775,1,0,0,1,c,a,5490,2021,8,32,2,3,0,9809.0,8456.0,9307.0,9017.857142857143,8958.142857142857
1,2021-08-12,8175,630,1,0,0,1,c,a,5490,2021,8,32,3,3,0,10708.0,8408.0,8630.0,8917.285714285714,8950.92857142857
1,2021-08-13,8986,733,1,1,0,1,c,a,5490,2021,8,32,4,3,0,8089.0,8696.0,9765.0,8555.42857142857,8934.67857142857
1,2021-08-14,6857,674,1,0,0,1,c,a,5490,2021,8,32,5,3,1,8032.0,8306.0,10770.0,8683.57142857143,8906.857142857143
1,2021-08-16,7644,561,1,0,0,1,c,a,5490,2021,8,33,0,3,0,9018.0,9289.0,9899.0,8515.714285714286,8767.107142857143
1,2021-08-17,9395,879,1,1,0,1,c,a,5490,2021,8,33,1,3,0,8770.0,6994.0,9998.0,8319.42857142857,8686.57142857143
1,2021-08-18,9239,832,1,1,0,1,c,a,5490,2021,8,33,2,3,0,8699.0,8848.0,7694.0,8408.714285714286,8665.035714285714
1,2021-08-19,9518,726,1,1,0,1,c,a,5490,2021,8,33,3,3,0,9105.0,9809.0,8026.0,8485.857142857143,8720.214285714286
1,2021-08-20,7589,558,1,0,0,1,c,a,5490,2021,8,33,4,3,0,8175.0,10708.0,8914.0,8544.857142857143,8773.5
1,2021-08-21,6990,526,1,0,0,1,c,a,5490,2021,8,33,5,3,1,8986.0,8089.0,10156.0,8461.142857142857,8726.17857142857
1,2021-08-23,9470,737,1,1,0,1,c,a,5490,2021,8,34,0,3,0,6857.0,8032.0,10176.0,8176.0,8613.107142857143
1,2021-08-24,9411,903,1,1,0,1,c,a,5490,2021,8,34,1,3,0,7644.0,9018.0,8979.0,8549.285714285714,8587.892857142857
1,2021-08-25,8495,698,1,0,0,1,c,a,5490,2021,8,34,2,3,0,9395.0,8770.0,8355.0,8801.714285714286,8603.32142857143
1,2021-08-26,8173,631,1,0,0,1,c,a,5490,2021,8,34,3,3,0,9239.0,8699.0,8037.0,8673.142857142857,8608.32142857143
1,2021-08-27,7535,572,1,0,0,1,c,a,5490,2021,8,34,4,3,0,9518.0,9105.0,8456.0,8520.857142857143,8613.17857142857
1,2021-08-28,9133,725,1,1,0,1,c,a,5490,2021,8,34,5,3,1,7589.0,8175.0,8408.0,8237.57142857143,8580.285714285714
1,2021-08-30,7633,692,1,0,0,1,c,a,5490,2021,8,35,0,3,0,6990.0,8986.0,8696.0,8458.142857142857,8606.17857142857
1,2021-08-31,8187,973,1,0,0,1,c,a,5490,2021,8,35,1,3,0,9470.0,6857.0,8306.0,8550.0,8568.214285714286
1,2021-09-01,7567,858,1,0,0,0,c,a,5490,2021,9,35,2,3,0,9411.0,7644.0,9289.0,8366.714285714286,8563.964285714286
1,2021-09-02,8858,836,1,1,0,0,c,a,5490,2021,9,35,3,3,0,8495.0,9395.0,6994.0,8103.285714285715,8502.464285714286
1,2021-09-03,6849,620,1,0,0,0,c,a,5490,2021,9,35,4,3,0,8173.0,9239.0,8848.0,8155.142857142857,8569.035714285714
1,2021-09-04,6503,699,1,0,0,0,c,a,5490,2021,9,35,5,3,1,7535.0,9518.0,9809.0,7966.0,8497.642857142857
1,2021-09-06,7949,667,1,1,0,0,c,a,5490,2021,9,36,0,3,0,9133.0,7589.0,10708.0,7818.571428571428,8379.57142857143
1,2021-09-07,7419,531,1,0,0,0,c,a,5490,2021,9,36,1,3,0,7633.0,6990.0,8089.0,7649.428571428572,8281.035714285714
1,2021-09-08,7787,639,1,0,0,0,c,a,5490,2021,9,36,2,3,0,8187.0,9470.0,8032.0,7618.857142857143,8257.107142857143
1,2021-09-09,8310,952,1,1,0,0,c,a,5490,2021,9,36,3,3,0,7567.0,9411.0,9018.0,7561.714285714285,8248.357142857143
1,2021-09-10,6532,758,1,0,0,0,c,a,5490,2021,9,36,4,3,0,8858.0,8495.0,8770.0,7667.857142857143,8223.07142857143
1,2021-09-11,7411,530,1,1,0,0,c,a,5490,2021,9,36,5,3,1,6849.0,8173.0,8699.0,7335.571428571428,8143.142857142857
1,2021-09-13,7832,669,1,1,0,0,c,a,5490,2021,9,37,0,3,0,6503.0,7535.0,9105.0,7415.857142857143,8097.142857142857
1,2021-09-14,7732,732,1,0,0,0,c,a,5490,2021,9,37,1,3,0,7949.0,9133.0,8175.0,7605.714285714285,8051.678571428572
1,2021-09-15,8545,641,1,0,0,0,c,a,5490,2021,9,37,2,3,0,7419.0,7633.0,8986.0,7574.714285714285,8035.857142857143
1,2021-09-16,7037,671,1,0,0,0,c,a,5490,2021,9,37,3,3,0,7787.0,8187.0,6857.0,7735.571428571428,8020.107142857143
1,2021-09-17,7246,584,1,1,0,0,c,a,5490,2021,9,37,4,3,0,8310.0,7567.0,7644.0,7628.428571428572,8026.535714285715
1,2021-09-18,7248,665,1,1,0,0,c,a,5490,2021,9,37,5,3,1,6532.0,8858.0,9395.0,7476.428571428572,8012.321428571428
1,2021-09-20,6747,705,1,0,0,0,c,a,5490,2021,9,38,0,3,0,7411.0,6849.0,9239.0,7578.714285714285,7935.642857142857
1,2021-09-21,8584,923,1,1,0,0,c,a,5490,2021,9,38,1,3,0,7832.0,6503.0,9518.0,7483.857142857143,7846.642857142857
1,2021-09-22,7090,750,1,0,0,0,c,a,5490,2021,9,38,2,3,0,7732.0,7949.0,7589.0,7591.285714285715,7813.285714285715
1,2021-09-23,7852,695,1,1,0,0,c,a,5490,2021,9,38,3,3,0,8545.0,7419.0,6990.0,7499.571428571428,7795.464285714285
1,2021-09-24,6384,488,1,0,0,0,c,a,5490,2021,9,38,4,3,0,7037.0,7787.0,9470.0,7400.571428571428,7826.25
1,2021-09-25,5502,553,1,0,0,0,c,a,5490,2021,9,38,5,3,1,7246.0,8310.0,9411.0,7307.285714285715,7716.035714285715
1,2021-09-27,7798,718,1,1,0,0,c,a,5490,2021,9,39,0,3,0,7248.0,6532.0,8495.0,7058.142857142857,7576.428571428572
1,2021-09-28,6906,543,1,0,0,0,c,a,5490,2021,9,39,1,3,0,6747.0,7411.0,8173.0,7136.714285714285,7551.535714285715
1,2021-09-29,7645,556,1,1,0,0,c,a,5490,2021,9,39,2,3,0,8584.0,7832.0,7535.0,7159.428571428572,7506.285714285715
1,2021-09-30,8520,801,1,1,0,0,c,a,5490,2021,9,39,3,3,0,7090.0,7732.0,9133.0,7025.285714285715,7510.214285714285
1,2021-10-01,5814,445,1,0,0,0,c,a,5490,2021,10,39,4,4,0,7852.0,8545.0,7633.0,7229.571428571428,7488.321428571428
1,2021-10-02,5773,488,1,0,0,0,c,a,5490,2021,10,39,5,4,1,6384.0,7037.0,8187.0,6938.428571428572,7423.357142857143
1,2021-10-04,8015,599,1,1,0,0,c,a,5490,2021,10,40,0,4,0,5502.0,7246.0,7567.0,6851.142857142857,7337.142857142857
1,2021-10-05,7994,719,1,1,0,0,c,a,5490,2021,10,40,1,4,0,7798.0,7248.0,8858.0,7210.142857142857,7353.142857142857
1,2021-10-06,7281,586,1,0,0,0,c,a,5490,2021,10,40,2,4,0,6906.0,6747.0,6849.0,7238.142857142857,7322.285714285715
1,2021-10-07,6692,786,1,0,0,0,c,a,5490,2021,10,40,3,4,0,7645.0,8584.0,6503.0,7291.714285714285,7337.714285714285
1,2021-10-08,7277,862,1,1,0,0,c,a,5490,2021,10,40,4,4,0,8520.0,7090.0,7949.0,7155.571428571428,7344.464285714285
1,2021-10-09,5348,546,1,0,0,0,c,a,5490,2021,10,40,5,4,1,5814.0,7852.0,7419.0,6978.0,7320.464285714285
1,2021-10-11,6859,542,1,0,0,0,c,a,5490,2021,10,41,0,4,0,5773.0,6384.0,7787.0,6911.428571428572,7246.5
1,2021-10-12,7916,921,1,1,0,0,c,a,5490,2021,10,41,1,4,0,8015.0,5502.0,8310.0,7066.571428571428,7213.357142857143
1,2021-10-13,8049,639,1,1,0,0,c,a,5490,2021,10,41,2,4,0,7994.0,7798.0,6532.0,7052.428571428572,7199.285714285715
1,2021-10-14,6863,666,1,0,0,0,c,a,5490,2021,10,41,3,4,0,7281.0,6906.0,7411.0,7060.285714285715,7253.464285714285
1,2021-10-15,6446,738,1,0,0,0,c,a,5490,2021,10,41,4,4,0,6692.0,7645.0,7832.0,7000.571428571428,7233.892857142857
1,2021-10-16,6904,617,1,1,0,0,c,a,5490,2021,10,41,5,4,1,7277.0,8520.0,7732.0,6965.428571428572,7184.392857142857
1,2021-10-18,6683,483,1,0,0,0,c,a,5490,2021,10,42,0,4,0,5348.0,5814.0,8545.0,6912.142857142857,7154.821428571428
1,2021-10-19,8501,680,1,1,0,0,c,a,5490,2021,10,42,1,4,0,6859.0,5773.0,7037.0,7102.857142857143,7088.321428571428
1,2021-10-20,8760,733,1,1,0,0,c,a,5490,2021,10,42,2,4,0,7916.0,8015.0,7246.0,7337.428571428572,7140.607142857143
1,2021-10-21,6698,716,1,0,0,0,c,a,5490,2021,10,42,3,4,0,8049.0,7994.0,7248.0,7458.0,7194.678571428572
1,2021-10-22,5718,539,1,0,0,0,c,a,5490,2021,10,42,4,4,0,6863.0,7281.0,6747.0,7265.0,7175.035714285715
1,2021-10-23,5586,591,1,0,0,0,c,a,5490,2021,10,42,5,4,1,6446.0,6692.0,8584.0,7101.428571428572,7138.285714285715
1,2021-10-25,6128,667,1,0,0,0,c,a,5490,2021,10,43,0,4,0,6904.0,7277.0,7090.0,6978.571428571428,7031.214285714285
1,2021-10-26,7287,565,1,1,0,0,c,a,5490,2021,10,43,1,4,0,6683.0,5348.0,7852.0,6867.714285714285,6996.857142857143
1,2021-10-27,8280,633,1,1,0,0,c,a,5490,2021,10,43,2,4,0,8501.0,6859.0,6384.0,6954.0,6976.678571428572
1,2021-10-28,7817,726,1,1,0,0,c,a,5490,2021,10,43,3,4,0,8760.0,7916.0,5502.0,6922.428571428572,7044.392857142857
1,2021-10-29,6499,525,1,1,0,0,c,a,5490,2021,10,43,4,4,0,6698.0,8049.0,7798.0,6787.714285714285,7127.071428571428
1,2021-10-30,5979,530,1,1,0,0,c,a,5490,2021,10,43,5,4,1,5718.0,6863.0,6906.0,6759.285714285715,7080.678571428572
1,2021-11-01,7280,534,1,1,0,0,c,a,5490,2021,11,44,0,4,0,5586.0,6446.0,7645.0,6796.571428571428,7047.571428571428
1,2021-11-02,6482,524,1,0,0,0,c,a,5490,2021,11,44,1,4,0,6128.0,6904.0,8520.0,7038.571428571428,7034.535714285715
1,2021-11-03,7765,836,1,1,0,0,c,a,5490,2021,11,44,2,4,0,7287.0,6683.0,5814.0,7089.142857142857,6961.75
1,2021-11-04,6404,569,1,0,0,0,c,a,5490,2021,11,44,3,4,0,8280.0,8501.0,5773.0,7157.428571428572,7031.428571428572
1,2021-11-05,6959,629,1,1,0,0,c,a,5490,2021,11,44,4,4,0,7817.0,8760.0,8015.0,6889.428571428572,7053.964285714285
1,2021-11-06,5793,437,1,0,0,0,c,a,5490,2021,11,44,5,4,1,6499.0,6698.0,7994.0,6766.857142857143,7016.25
1,2021-11-08,7201,573,1,1,0,0,c,a,5490,2021,11,45,0,4,0,5979.0,5718.0,7281.0,6666.0,6937.642857142857
1,2021-11-09,6298,664,1,0,0,0,c,a,5490,2021,11,45,1,4,0,7280.0,5586.0,6692.0,6840.571428571428,6934.785714285715
1,2021-11-10,7668,549,1,1,0,0,c,a,5490,2021,11,45,2,4,0,6482.0,6128.0,7277.0,6700.285714285715,6920.714285714285
1,2021-11-11,6588,714,1,0,0,0,c,a,5490,2021,11,45,3,4,0,7765.0,7287.0,5348.0,6869.714285714285,6934.678571428572
1,2021-11-12,6400,516,1,1,0,0,c,a,5490,2021,11,45,4,4,0,6404.0,8280.0,6859.0,6701.571428571428,6978.964285714285
1,2021-11-13,5934,467,1,1,0,0,c,a,5490,2021,11,45,5,4,1,6959.0,7817.0,7916.0,6701.0,6962.571428571428
1,2021-11-15,6422,799,1,1,0,0,c,a,5490,2021,11,46,0,4,0,5793.0,6499.0,8049.0,6554.571428571428,6891.785714285715
1,2021-11-16,6877,773,1,1,0,0,c,a,5490,2021,11,46,1,4,0,7201.0,5979.0,6863.0,6644.428571428572,6833.678571428572
1,2021-11-17,5991,451,1,0,0,0,c,a,5490,2021,11,46,2,4,0,6298.0,7280.0,6446.0,6598.142857142857,6834.178571428572
1,2021-11-18,6823,553,1,1,0,0,c,a,5490,2021,11,46,3,4,0,7668.0,6482.0,6904.0,6554.285714285715,6817.928571428572
1,2021-11-19,5653,489,1,1,0,0,c,a,5490,2021,11,46,4,4,0,6588.0,7765.0,6683.0,6433.571428571428,6815.035714285715
1,2021-11-20,5521,688,1,0,0,0,c,a,5490,2021,11,46,5,4,1,6400.0,6404.0,8501.0,6300.0,6778.25
1,2021-11-22,6459,637,1,1,0,0,c,a,5490,2021,11,47,0,4,0,5934.0,6959.0,8760.0,6174.428571428572,6671.821428571428
1,2021-11-23,7403,680,1,1,0,0,c,a,5490,2021,11,47,1,4,0,6422.0,5793.0,6698.0,6249.428571428572,6589.642857142857
1,2021-11-24,7148,852,1,1,0,0,c,a,5490,2021,11,47,2,4,0,6877.0,7201.0,5718.0,6389.571428571428,6614.821428571428
1,2021-11-25,7755,667,1,1,0,0,c,a,5490,2021,11,47,3,4,0,5991.0,6298.0,5586.0,6428.285714285715,6665.892857142857
1,2021-11-26,7087,552,1,1,0,0,c,a,5490,2021,11,47,4,4,0,6823.0,7668.0,6128.0,6680.285714285715,6743.357142857143
1,2021-11-27,4783,565,1,0,0,0,c,a,5490,2021,11,47,5,4,1,5653.0,6588.0,7287.0,6718.0,6777.607142857143
1,2021-11-29,6014,601,1,0,0,0,c,a,5490,2021,11,48,0,4,0,5521.0,6400.0,8280.0,6593.714285714285,6688.178571428572
1,2021-11-30,7613,685,1,1,0,0,c,a,5490,2021,11,48,1,4,0,6459.0,5934.0,7817.0,6664.142857142857,6607.25
1,2021-12-01,6498,731,1,0,0,0,c,a,5490,2021,12,48,2,4,0,7403.0,6422.0,6499.0,6829.0,6599.964285714285
1,2021-12-02,5488,588,1,0,0,0,c,a,5490,2021,12,48,3,4,0,7148.0,6877.0,5979.0,6699.714285714285,6599.928571428572
1,2021-12-03,6234,502,1,1,0,0,c,a,5490,2021,12,48,4,4,0,7755.0,5991.0,7280.0,6462.571428571428,6582.392857142857
1,2021-12-04,5934,563,1,1,0,0,c,a,5490,2021,12,48,5,4,1,7087.0,6823.0,6482.0,6245.285714285715,6545.035714285715
1,2021-12-06,6812,535,1,1,0,0,c,a,5490,2021,12,49,0,4,0,4783.0,5653.0,7765.0,6080.571428571428,6525.464285714285
1,2021-12-07,6471,628,1,0,0,0,c,a,5490,2021,12,49,1,4,0,6014.0,5521.0,6404.0,6370.428571428572,6491.428571428572
1,2021-12-08,7205,625,1,1,0,0,c,a,5490,2021,12,49,2,4,0,7613.0,6459.0,6959.0,6435.714285714285,6493.821428571428
1,2021-12-09,5207,638,1,0,0,0,c,a,5490,2021,12,49,3,4,0,6498.0,7403.0,5793.0,6377.428571428572,6502.607142857143
1,2021-12-10,4624,355,1,0,0,0,c,a,5490,2021,12,49,4,4,0,5488.0,7148.0,7201.0,6193.0,6481.678571428572
1,2021-12-11,3926,287,1,0,0,0,c,a,5490,2021,12,49,5,4,1,6234.0,7755.0,6298.0,6069.571428571428,6389.642857142857
1,2021-12-13,5452,515,1,0,0,0,c,a,5490,2021,12,50,0,4,0,5934.0,7087.0,7668.0,5739.857142857143,6304.928571428572
1,2021-12-14,6989,545,1,1,0,0,c,a,5490,2021,12,50,1,4,0,6812.0,4783.0,6588.0,5671.0,6225.785714285715
1,2021-12-15,6276,575,1,0,0,0,c,a,5490,2021,12,50,2,4,0,6471.0,6014.0,6400.0,5696.285714285715,6240.107142857143
1,2021-12-16,5781,526,1,0,0,0,c,a,5490,2021,12,50,3,4,0,7205.0,7613.0,5934.0,5668.428571428572,6235.678571428572
1,2021-12-17,4886,394,1,0,0,0,c,a,5490,2021,12,50,4,4,0,5207.0,6498.0,6422.0,5465.0,6230.214285714285
1,2021-12-18,5898,669,1,1,0,0,c,a,5490,2021,12,50,5,4,1,4624.0,5488.0,6877.0,5419.142857142857,6175.357142857143
1,2021-12-20,6080,509,1,1,0,0,c,a,5490,2021,12,51,0,4,0,3926.0,6234.0,5991.0,5601.142857142857,6140.392857142857
1,2021-12-21,6723,709,1,1,0,0,c,a,5490,2021,12,51,1,4,0,5452.0,5934.0,6823.0,5908.857142857143,6143.571428571428
1,2021-12-22,6900,726,1,1,0,0,c,a,5490,2021,12,51,2,4,0,6989.0,6812.0,5653.0,6090.428571428572,6140.0
1,2021-12-23,5557,438,1,0,0,0,c,a,5490,2021,12,51,3,4,0,6276.0,6471.0,5521.0,6077.714285714285,6184.535714285715
1,2021-12-24,5607,513,1,0,0,0,c,a,5490,2021,12,51,4,4,0,5781.0,7205.0,6459.0,5975.0,6185.821428571428
1,2021-12-27,5372,513,1,0,0,0,c,a,5490,2021,12,52,0,4,0,4886.0,5207.0,7403.0,5950.142857142857,6155.392857142857
1,2021-12-28,5498,410,1,0,0,0,c,a,5490,2021,12,52,1,4,0,5898.0,4624.0,7148.0,6019.571428571428,6082.857142857143
1,2021-12-29,6174,543,1,0,0,0,c,a,5490,2021,12,52,2,4,0,6080.0,3926.0,7755.0,5962.428571428572,6023.928571428572
1,2021-12-30,6848,823,1,1,0,0,c,a,5490,2021,12,52,3,4,0,6723.0,5452.0,7087.0,5975.857142857143,5967.464285714285
1,2021-12-31,5338,384,1,0,0,0,c,a,5490,2021,12,52,4,4,0,6900.0,6989.0,4783.0,5993.714285714285,5958.928571428572
1,2022-01-03,4981,417,1,0,0,0,c,a,5490,2022,1,1,0,1,0,5557.0,6276.0,6014.0,5770.571428571428,5978.75
1,2022-01-04,5424,392,1,0,0,0,c,a,5490,2022,1,1,1,1,0,5607.0,5781.0,7613.0,5688.285714285715,5941.857142857143
1,2022-01-05,8162,808,1,1,0,0,c,a,5490,2022,1,1,2,1,0,5372.0,4886.0,6498.0,5662.142857142857,5863.678571428572
1,2022-01-06,5509,579,1,0,0,0,c,a,5490,2022,1,1,3,1,0,5498.0,5898.0,5488.0,6060.714285714285,5923.107142857143
1,2022-01-07,5953,523,1,1,0,0,c,a,5490,2022,1,1,4,1,0,6174.0,6080.0,6234.0,6062.285714285715,5923.857142857143
1,2022-01-08,4485,366,1,0,0,0,c,a,5490,2022,1,1,5,1,1,6848.0,6723.0,5934.0,6030.714285714285,5913.821428571428
1,2022-01-10,5412,637,1,0,0,0,c,a,5490,2022,1,2,0,1,0,5338.0,6900.0,6812.0,5693.142857142857,5862.071428571428
1,2022-01-11,5471,400,1,0,0,0,c,a,5490,2022,1,2,1,1,0,4981.0,5557.0,6471.0,5703.714285714285,5812.071428571428
1,2022-01-12,7238,602,1,1,0,0,c,a,5490,2022,1,2,2,1,0,5424.0,5607.0,7205.0,5773.714285714285,5776.357142857143
1,2022-01-13,6378,565,1,0,0,0,c,a,5490,2022,1,2,3,1,0,8162.0,5372.0,5207.0,6032.857142857143,5777.535714285715
1,2022-01-14,4643,419,1,0,0,0,c,a,5490,2022,1,2,4,1,0,5509.0,5498.0,4624.0,5778.0,5819.357142857143
1,2022-01-15,5533,435,1,1,0,0,c,a,5490,2022,1,2,5,1,1,5953.0,6174.0,3926.0,5654.285714285715,5820.035714285715
1,2022-01-17,5368,561,1,0,0,0,c,a,5490,2022,1,3,0,1,0,4485.0,6848.0,5452.0,5594.285714285715,5877.428571428572
1,2022-01-18,6443,579,1,0,0,0,c,a,5490,2022,1,3,1,1,0,5412.0,5338.0,6989.0,5720.428571428572,5874.428571428572
1,2022-01-19,5858,441,1,0,0,0,c,a,5490,2022,1,3,2,1,0,5471.0,4981.0,6276.0,5867.714285714285,5854.928571428572
1,2022-01-20,6757,631,1,1,0,0,c,a,5490,2022,1,3,3,1,0,7238.0,5424.0,5781.0,5923.0,5840.0
1,2022-01-21,6434,509,1,1,0,0,c,a,5490,2022,1,3,4,1,0,6378.0,8162.0,4886.0,5854.285714285715,5874.857142857143
1,2022-01-22,4657,346,1,0,0,0,c,a,5490,2022,1,3,5,1,1,4643.0,5509.0,5898.0,5862.285714285715,5930.142857142857
1,2022-01-24,5164,470,1,0,0,0,c,a,5490,2022,1,4,0,1,0,5533.0,5953.0,6080.0,5864.285714285715,5885.821428571428
1,2022-01-25,6453,627,1,0,0,0,c,a,5490,2022,1,4,1,1,0,5368.0,4485.0,6723.0,5811.571428571428,5853.107142857143
1,2022-01-26,7557,548,1,1,0,0,c,a,5490,2022,1,4,2,1,0,6443.0,5412.0,6900.0,5966.571428571428,5843.464285714285
1,2022-01-27,5106,400,1,0,0,0,c,a,5490,2022,1,4,3,1,0,5858.0,5471.0,5557.0,6125.714285714285,5866.928571428572
1,2022-01-28,6380,540,1,1,0,0,c,a,5490,2022,1,4,4,1,0,6757.0,7238.0,5607.0,6018.285714285715,5850.821428571428
1,2022-01-29,6192,552,1,1,0,0,c,a,5490,2022,1,4,5,1,1,6434.0,6378.0,5372.0,5964.428571428572,5878.428571428572
1,2022-01-31,5445,447,1,0,0,0,c,a,5490,2022,1,5,0,1,0,4657.0,4643.0,5498.0,5929.857142857143,5907.714285714285
1,2022-02-01,7600,565,1,1,0,0,c,a,5490,2022,2,5,1,1,0,5164.0,5533.0,6174.0,6042.428571428572,5905.821428571428
1,2022-02-02,6126,440,1,0,0,0,c,a,5490,2022,2,5,2,1,0,6453.0,5368.0,6848.0,6390.428571428572,5956.75
1,2022-02-03,5677,424,1,0,0,0,c,a,5490,2022,2,5,3,1,0,7557.0,6443.0,5338.0,6343.714285714285,5930.964285714285
1,2022-02-04,6187,694,1,1,0,0,c,a,5490,2022,2,5,4,1,0,5106.0,5858.0,4981.0,6075.142857142857,5943.071428571428
1,2022-02-05,4550,342,1,0,0,0,c,a,5490,2022,2,5,5,1,1,6380.0,6757.0,5424.0,6229.571428571428,5986.142857142857
1,2022-02-07,6835,619,1,1,0,0,c,a,5490,2022,2,6,0,1,0,6192.0,6434.0,8162.0,5968.142857142857,5954.928571428572
1,2022-02-08,7472,622,1,1,0,0,c,a,5490,2022,2,6,1,1,0,5445.0,4657.0,5509.0,6060.0,5907.535714285715
1,2022-02-09,7515,835,1,1,0,0,c,a,5490,2022,2,6,2,1,0,7600.0,5164.0,5953.0,6349.571428571428,5977.642857142857
1,2022-02-10,6676,826,1,1,0,0,c,a,5490,2022,2,6,3,1,0,6126.0,6453.0,4485.0,6337.428571428572,6033.428571428572
1,2022-02-11,6383,571,1,1,0,0,c,a,5490,2022,2,6,4,1,0,5677.0,7557.0,5412.0,6416.0,6111.678571428572
1,2022-02-12,5773,439,1,1,0,0,c,a,5490,2022,2,6,5,1,1,6187.0,5106.0,5471.0,6516.857142857143,6146.357142857143
1,2022-02-14,7089,630,1,1,0,0,c,a,5490,2022,2,7,0,1,0,4550.0,6380.0,7238.0,6457.714285714285,6157.142857142857
1,2022-02-15,7359,569,1,1,0,0,c,a,5490,2022,2,7,1,1,0,6835.0,6192.0,6378.0,6820.428571428572,6151.821428571428
1,2022-02-16,5739,565,1,0,0,0,c,a,5490,2022,2,7,2,1,0,7472.0,5445.0,4643.0,6895.285714285715,6186.857142857143
1,2022-02-17,5899,652,1,0,0,0,c,a,5490,2022,2,7,3,1,0,7515.0,7600.0,5533.0,6647.714285714285,6226.0
1,2022-02-18,6973,538,1,1,0,0,c,a,5490,2022,2,7,4,1,0,6676.0,6126.0,5368.0,6416.857142857143,6239.071428571428
1,2022-02-19,4827,478,1,0,0,0,c,a,5490,2022,2,7,5,1,1,6383.0,5677.0,6443.0,6459.285714285715,6296.392857142857
1,2022-02-21,5668,453,1,0,0,0,c,a,5490,2022,2,8,0,1,0,5773.0,6187.0,5858.0,6237.0,6238.678571428572
1,2022-02-22,7011,537,1,1,0,0,c,a,5490,2022,2,8,1,1,0,7089.0,4550.0,6757.0,6222.0,6231.892857142857
1,2022-02-23,7086,510,1,0,0,0,c,a,5490,2022,2,8,2,1,0,7359.0,6835.0,6434.0,6210.857142857143,6240.964285714285
1,2022-02-24,7505,754,1,1,0,0,c,a,5490,2022,2,8,3,1,0,5739.0,7472.0,4657.0,6171.857142857143,6264.25
1,2022-02-25,6412,761,1,1,0,0,c,a,5490,2022,2,8,4,1,0,5899.0,7515.0,5164.0,6424.142857142857,6365.964285714285
1,2022-02-26,5014,385,1,0,0,0,c,a,5490,2022,2,8,5,1,1,6973.0,6676.0,6453.0,6497.428571428572,6410.535714285715
1,2022-02-28,6155,519,1,0,0,0,c,a,5490,2022,2,9,0,1,0,4827.0,6383.0,7557.0,6217.571428571428,6359.142857142857
1,2022-03-01,6980,752,1,1,0,0,c,a,5490,2022,3,9,1,1,0,5668.0,5773.0,5106.0,6407.285714285715,6309.071428571428
1,2022-03-02,6788,690,1,0,0,0,c,a,5490,2022,3,9,2,1,0,7011.0,7089.0,6380.0,6594.714285714285,6376.0
1,2022-03-03,7772,648,1,1,0,0,c,a,5490,2022,3,9,3,1,0,7086.0,7359.0,6192.0,6562.857142857143,6390.571428571428
1,2022-03-04,5954,442,1,0,0,0,c,a,5490,2022,3,9,4,1,0,7505.0,5739.0,5445.0,6660.857142857143,6447.0
1,2022-03-05,6083,569,1,1,0,0,c,a,5490,2022,3,9,5,1,1,6412.0,5899.0,7600.0,6439.285714285715,6465.178571428572
1,2022-03-07,6149,466,1,0,0,0,c,a,5490,2022,3,10,0,1,0,5014.0,6973.0,6126.0,6392.285714285715,6411.0
1,2022-03-08,6808,785,1,0,0,0,c,a,5490,2022,3,10,1,1,0,6155.0,4827.0,5677.0,6554.428571428572,6411.821428571428
1,2022-03-09,6855,830,1,0,0,0,c,a,5490,2022,3,10,2,1,0,6980.0,5668.0,6187.0,6647.714285714285,6452.214285714285
1,2022-03-10,7551,574,1,1,0,0,c,a,5490,2022,3,10,3,1,0,6788.0,7011.0,4550.0,6629.857142857143,6476.071428571428
1,2022-03-11,6002,445,1,0,0,0,c,a,5490,2022,3,10,4,1,0,7772.0,7086.0,6835.0,6738.857142857143,6583.25
1,2022-03-12,6938,716,1,1,0,0,c,a,5490,2022,3,10,5,1,1,5954.0,7505.0,7472.0,6486.0,6553.5
1,2022-03-14,7185,828,1,1,0,0,c,a,5490,2022,3,11,0,1,0,6083.0,6412.0,7515.0,6626.571428571428,6534.428571428572
1,2022-03-15,7658,810,1,1,0,0,c,a,5490,2022,3,11,1,1,0,6149.0,5014.0,6676.0,6784.0,6522.642857142857
1,2022-03-16,7062,653,1,0,0,0,c,a,5490,2022,3,11,2,1,0,6808.0,6155.0,6383.0,6999.571428571428,6557.714285714285
1,2022-03-17,6017,614,1,0,0,0,c,a,5490,2022,3,11,3,1,0,6855.0,6980.0,5773.0,7035.857142857143,6581.964285714285
1,2022-03-18,7439,897,1,1,0,0,c,a,5490,2022,3,11,4,1,0,7551.0,6788.0,7089.0,6916.142857142857,6590.678571428572
1,2022-03-19,6911,597,1,1,0,0,c,a,5490,2022,3,11,5,1,1,6002.0,7772.0,7359.0,6900.142857142857,6603.178571428572
1,2022-03-21,7883,865,1,1,0,0,c,a,5490,2022,3,12,0,1,0,6938.0,5954.0,5739.0,7030.0,6587.178571428572
1,2022-03-22,7291,888,1,0,0,0,c,a,5490,2022,3,12,1,1,0,7185.0,6083.0,5899.0,7165.0,6663.75
1,2022-03-23,8081,578,1,1,0,0,c,a,5490,2022,3,12,2,1,0,7658.0,6149.0,6973.0,7180.142857142857,6713.464285714285
1,2022-03-24,7655,589,1,1,0,0,c,a,5490,2022,3,12,3,1,0,7062.0,6808.0,4827.0,7240.571428571428,6753.035714285715
1,2022-03-25,7307,840,1,1,0,0,c,a,5490,2022,3,12,4,1,0,6017.0,6855.0,5668.0,7325.285714285715,6854.035714285715
1,2022-03-26,5852,450,1,0,0,0,c,a,5490,2022,3,12,5,1,1,7439.0,7551.0,7011.0,7509.571428571428,6912.571428571428
1,2022-03-28,7939,694,1,1,0,0,c,a,5490,2022,3,13,0,1,0,6911.0,6002.0,7086.0,7282.857142857143,6871.178571428572
1,2022-03-29,6470,609,1,0,0,0,c,a,5490,2022,3,13,1,1,0,7883.0,6938.0,7505.0,7429.714285714285,6901.642857142857
1,2022-03-30,8221,708,1,1,0,0,c,a,5490,2022,3,13,2,1,0,7291.0,7185.0,6412.0,7227.857142857143,6864.678571428572
1,2022-03-31,8899,754,1,1,0,0,c,a,5490,2022,3,13,3,1,0,8081.0,7658.0,5014.0,7360.714285714285,6929.285714285715
1,2022-04-01,7022,574,1,1,0,0,c,a,5490,2022,4,13,4,2,0,7655.0,7062.0,6155.0,7477.571428571428,7068.035714285715
1,2022-04-02,5536,537,1,0,0,0,c,a,5490,2022,4,13,5,2,1,7307.0,6017.0,6980.0,7387.142857142857,7099.0
1,2022-04-04,6710,563,1,0,0,0,c,a,5490,2022,4,14,0,2,0,5852.0,7439.0,6788.0,7134.142857142857,7047.428571428572
1,2022-04-05,9038,818,1,1,0,0,c,a,5490,2022,4,14,1,2,0,7939.0,6911.0,7772.0,7256.714285714285,7044.642857142857
1,2022-04-06,8875,1053,1,1,0,0,c,a,5490,2022,4,14,2,2,0,6470.0,7883.0,5954.0,7413.714285714285,7089.857142857143
1,2022-04-07,6929,837,1,0,0,0,c,a,5490,2022,4,14,3,2,0,8221.0,7291.0,6083.0,7757.285714285715,7194.178571428572
1,2022-04-08,5608,580,1,0,0,0,c,a,5490,2022,4,14,4,2,0,8899.0,8081.0,6149.0,7572.714285714285,7224.392857142857
1,2022-04-09,7127,776,1,1,0,0,c,a,5490,2022,4,14,5,2,1,7022.0,7655.0,6808.0,7102.571428571428,7205.071428571428
1,2022-04-11,7211,744,1,1,0,0,c,a,5490,2022,4,15,0,2,0,5536.0,7307.0,6855.0,7117.571428571428,7216.464285714285
1,2022-04-12,7396,919,1,0,0,0,c,a,5490,2022,4,15,1,2,0,6710.0,5852.0,7551.0,7356.857142857143,7229.178571428572
1,2022-04-13,7648,930,1,0,0,0,c,a,5490,2022,4,15,2,2,0,9038.0,7939.0,6002.0,7454.857142857143,7223.642857142857
1,2022-04-14,7668,670,1,0,0,0,c,a,5490,2022,4,15,3,2,0,8875.0,6470.0,6938.0,7256.285714285715,7282.428571428572
1,2022-04-16,5993,613,1,0,0,0,c,a,5490,2022,4,15,5,2,1,6929.0,8221.0,7185.0,7083.857142857143,7308.5
1,2022-04-18,7857,671,1,1,0,0,c,a,5490,2022,4,16,0,2,0,5608.0,8899.0,7658.0,6950.142857142857,7265.928571428572
1,2022-04-19,7552,749,1,0,0,0,c,a,5490,2022,4,16,1,2,0,7127.0,7022.0,7062.0,7271.428571428572,7273.035714285715
1,2022-04-20,7789,637,1,0,0,0,c,a,5490,2022,4,16,2,2,0,7211.0,5536.0,6017.0,7332.142857142857,7290.535714285715
1,2022-04-21,8965,1020,1,1,0,0,c,a,5490,2022,4,16,3,2,0,7396.0,6710.0,7439.0,7414.714285714285,7353.821428571428
1,2022-04-22,6229,595,1,0,0,0,c,a,5490,2022,4,16,4,2,0,7648.0,9038.0,6911.0,7638.857142857143,7408.321428571428
1,2022-04-23,6801,553,1,1,0,0,c,a,5490,2022,4,16,5,2,1,7668.0,8875.0,7883.0,7436.142857142857,7383.964285714285
1,2022-04-25,8656,630,1,1,0,0,c,a,5490,2022,4,17,0,2,0,5993.0,6929.0,7291.0,7312.285714285715,7345.321428571428
1,2022-04-26,8715,1088,1,1,0,0,c,a,5490,2022,4,17,1,2,0,7857.0,5608.0,8081.0,7692.714285714285,7394.071428571428
1,2022-04-27,9146,754,1,1,0,0,c,a,5490,2022,4,17,2,2,0,7552.0,7127.0,7655.0,7815.285714285715,7416.714285714285
1,2022-04-28,7310,709,1,0,0,0,c,a,5490,2022,4,17,3,2,0,7789.0,7211.0,7307.0,8043.0,7469.964285714285
1,2022-04-29,6560,623,1,0,0,0,c,a,5490,2022,4,17,4,2,0,8965.0,7396.0,5852.0,7974.571428571428,7470.071428571428
1,2022-04-30,7538,894,1,1,0,0,c,a,5490,2022,4,17,5,2,1,6229.0,7648.0,7939.0,7631.0,7495.357142857143
1,2022-05-02,7488,623,1,0,0,0,c,a,5490,2022,5,18,0,2,0,6801.0,7668.0,6470.0,7818.0,7481.035714285715
1,2022-05-03,8996,884,1,1,0,0,c,a,5490,2022,5,18,1,2,0,8656.0,5993.0,8221.0,7916.142857142857,7517.392857142857
1,2022-05-04,9307,702,1,1,0,0,c,a,5490,2022,5,18,2,2,0,8715.0,7857.0,8899.0,7964.714285714285,7545.071428571428
1,2022-05-05,9123,1045,1,1,0,0,c,a,5490,2022,5,18,3,2,0,9146.0,7552.0,7022.0,8049.285714285715,7559.642857142857
1,2022-05-06,8207,927,1,1,0,0,c,a,5490,2022,5,18,4,2,0,7310.0,7789.0,5536.0,8046.0,7634.678571428572
1,2022-05-07,6352,603,1,0,0,0,c,a,5490,2022,5,18,5,2,1,6560.0,8965.0,6710.0,8174.142857142857,7730.071428571428
1,2022-05-09,8449,1022,1,0,0,0,c,a,5490,2022,5,19,0,2,0,7538.0,6229.0,9038.0,8144.428571428572,7717.285714285715
1,2022-05-10,7853,691,1,0,0,0,c,a,5490,2022,5,19,1,2,0,7488.0,6801.0,8875.0,8274.57142857143,7696.25
1,2022-05-11,8532,652,1,0,0,0,c,a,5490,2022,5,19,2,2,0,8996.0,8656.0,6929.0,8326.714285714286,7659.75
1,2022-05-12,9451,893,1,1,0,0,c,a,5490,2022,5,19,3,2,0,9307.0,8715.0,5608.0,8260.42857142857,7717.0
1,2022-05-13,7947,624,1,1,0,0,c,a,5490,2022,5,19,4,2,0,9123.0,9146.0,7127.0,8281.0,7854.25
1,2022-05-14,6340,495,1,0,0,0,c,a,5490,2022,5,19,5,2,1,8207.0,7310.0,7211.0,8113.0,7883.535714285715
1,2022-05-16,7993,695,1,1,0,0,c,a,5490,2022,5,20,0,2,0,6352.0,6560.0,7396.0,7846.285714285715,7852.428571428572
1,2022-05-17,7890,679,1,0,0,0,c,a,5490,2022,5,20,1,2,0,8449.0,7538.0,7648.0,8080.714285714285,7873.75
1,2022-05-18,9092,1010,1,1,0,0,c,a,5490,2022,5,20,2,2,0,7853.0,7488.0,7668.0,8000.857142857143,7882.392857142857
1,2022-05-19,8489,958,1,0,0,0,c,a,5490,2022,5,20,3,2,0,8532.0,8996.0,5993.0,8177.857142857143,7933.25
1,2022-05-20,8050,987,1,1,0,0,c,a,5490,2022,5,20,4,2,0,9451.0,9307.0,7857.0,8171.714285714285,8022.392857142857
1,2022-05-21,7855,664,1,1,0,0,c,a,5490,2022,5,20,5,2,1,7947.0,9123.0,7552.0,7971.571428571428,8029.285714285715
1,2022-05-23,7589,769,1,0,0,0,c,a,5490,2022,5,21,0,2,0,6340.0,8207.0,7789.0,7958.428571428572,8040.107142857143
1,2022-05-24,9137,785,1,1,0,0,c,a,5490,2022,5,21,1,2,0,7993.0,6352.0,8965.0,8136.857142857143,8032.964285714285
1,2022-05-25,9147,1034,1,0,0,0,c,a,5490,2022,5,21,2,2,0,7890.0,8449.0,6229.0,8300.285714285714,8039.107142857143
1,2022-05-26,7843,960,1,0,0,0,c,a,5490,2022,5,21,3,2,0,9092.0,7853.0,6801.0,8479.857142857143,8143.321428571428
1,2022-05-27,7329,890,1,0,0,0,c,a,5490,2022,5,21,4,2,0,8489.0,8532.0,8656.0,8301.42857142857,8180.535714285715
1,2022-05-28,7122,689,1,0,0,0,c,a,5490,2022,5,21,5,2,1,8050.0,9451.0,8715.0,8135.714285714285,8133.142857142857
1,2022-05-30,7046,525,1,0,0,0,c,a,5490,2022,5,22,0,2,0,7855.0,7947.0,9146.0,8003.142857142857,8076.25
1,2022-05-31,8213,597,1,0,0,0,c,a,5490,2022,5,22,1,2,0,7589.0,6340.0,7310.0,7887.571428571428,8001.25
1,2022-06-01,8601,663,1,0,0,0,c,a,5490,2022,6,22,2,2,0,9137.0,7993.0,6560.0,7976.714285714285,8033.5
1,2022-06-02,9602,986,1,1,0,0,c,a,5490,2022,6,22,3,2,0,9147.0,7890.0,7538.0,7900.142857142857,8106.392857142857
1,2022-06-03,8010,797,1,1,0,0,c,a,5490,2022,6,22,4,2,0,7843.0,9092.0,7488.0,7965.142857142857,8180.107142857143
1,2022-06-04,6476,725,1,0,0,0,c,a,5490,2022,6,22,5,2,1,7329.0,8489.0,8996.0,7989.0,8198.75
1,2022-06-06,9567,735,1,1,0,0,c,a,5490,2022,6,23,0,2,0,7122.0,8050.0,9307.0,7867.142857142857,8108.75
1,2022-06-07,8519,868,1,0,0,0,c,a,5490,2022,6,23,1,2,0,7046.0,7855.0,9123.0,8216.42857142857,8118.035714285715
1,2022-06-08,8096,586,1,0,0,0,c,a,5490,2022,6,23,2,2,0,8213.0,7589.0,8207.0,8426.857142857143,8096.464285714285
1,2022-06-09,8992,891,1,1,0,0,c,a,5490,2022,6,23,3,2,0,8601.0,9137.0,6352.0,8410.142857142857,8092.5
1,2022-06-10,8601,731,1,1,0,0,c,a,5490,2022,6,23,4,2,0,9602.0,9147.0,8449.0,8466.0,8186.785714285715
1,2022-06-11,6685,642,1,0,0,0,c,a,5490,2022,6,23,5,2,1,8010.0,7843.0,7853.0,8323.0,8192.214285714286
1,2022-06-13,9135,800,1,1,0,0,c,a,5490,2022,6,24,0,2,0,6476.0,7329.0,8532.0,8133.714285714285,8150.5
1,2022-06-14,9975,1083,1,1,0,0,c,a,5490,2022,6,24,1,2,0,9567.0,7122.0,9451.0,8513.57142857143,8172.035714285715
1,2022-06-15,8622,765,1,0,0,0,c,a,5490,2022,6,24,2,2,0,8519.0,7046.0,7947.0,8571.857142857143,8190.75
1,2022-06-16,8008,580,1,0,0,0,c,a,5490,2022,6,24,3,2,0,8096.0,8213.0,6340.0,8586.57142857143,8214.857142857143
1,2022-06-17,8818,667,1,1,0,0,c,a,5490,2022,6,24,4,2,0,8992.0,8601.0,7993.0,8574.0,8274.42857142857
1,2022-06-18,7835,614,1,0,0,0,c,a,5490,2022,6,24,5,2,1,8601.0,9602.0,7890.0,8549.142857142857,8303.892857142857
1,2022-06-20,7659,577,1,0,0,0,c,a,5490,2022,6,25,0,2,0,6685.0,8010.0,9092.0,8439.714285714286,8301.92857142857
1,2022-06-21,10003,1124,1,1,0,0,c,a,5490,2022,6,25,1,2,0,9135.0,6476.0,8489.0,8578.857142857143,8250.75
1,2022-06-22,8665,657,1,0,0,0,c,a,5490,2022,6,25,2,2,0,9975.0,9567.0,8050.0,8702.857142857143,8304.82142857143
1,2022-06-23,9559,932,1,1,0,0,c,a,5490,2022,6,25,3,2,0,8622.0,8519.0,7855.0,8515.714285714286,8326.785714285714
1,2022-06-24,7842,759,1,0,0,0,c,a,5490,2022,6,25,4,2,0,8008.0,8096.0,7589.0,8649.57142857143,8387.642857142857
1,2022-06-25,6907,630,1,0,0,0,c,a,5490,2022,6,25,5,2,1,8818.0,8992.0,9137.0,8625.857142857143,8396.67857142857
1,2022-06-27,9545,758,1,1,0,0,c,a,5490,2022,6,26,0,2,0,7835.0,8601.0,9147.0,8352.857142857143,8317.035714285714
1,2022-06-28,9560,695,1,1,0,0,c,a,5490,2022,6,26,1,2,0,7659.0,6685.0,7843.0,8597.142857142857,8331.25
1,2022-06-29,9135,683,1,0,0,0,c,a,5490,2022,6,26,2,2,0,10003.0,9135.0,7329.0,8868.714285714286,8392.57142857143
1,2022-06-30,8196,616,1,0,0,0,c,a,5490,2022,6,26,3,2,0,8665.0,9975.0,7122.0,8744.714285714286,8457.07142857143
1,2022-07-01,9015,664,1,0,0,1,c,a,5490,2022,7,26,4,3,0,9559.0,8622.0,7046.0,8677.714285714286,8495.42857142857
1,2022-07-02,7780,716,1,0,0,1,c,a,5490,2022,7,26,5,3,1,7842.0,8008.0,8213.0,8600.0,8565.75
1,2022-07-04,9969,1131,1,1,0,1,c,a,5490,2022,7,27,0,3,0,6907.0,8818.0,8601.0,8591.142857142857,8550.285714285714
1,2022-07-05,9474,933,1,0,0,1,c,a,5490,2022,7,27,1,3,0,9545.0,7835.0,9602.0,9028.57142857143,8599.142857142857
1,2022-07-06,10006,727,1,1,0,1,c,a,5490,2022,7,27,2,3,0,9560.0,7659.0,8010.0,9018.42857142857,8594.57142857143
1,2022-07-07,8520,609,1,0,0,1,c,a,5490,2022,7,27,3,3,0,9135.0,10003.0,6476.0,9082.142857142857,8665.857142857143
1,2022-07-08,9060,1120,1,1,0,1,c,a,5490,2022,7,27,4,3,0,8196.0,8665.0,9567.0,8994.285714285714,8738.857142857143
1,2022-07-09,9177,705,1,1,0,1,c,a,5490,2022,7,27,5,3,1,9015.0,9559.0,8519.0,9117.714285714286,8720.75
1,2022-07-11,9751,773,1,1,0,1,c,a,5490,2022,7,28,0,3,0,7780.0,7842.0,8096.0,9140.857142857143,8744.25
1,2022-07-12,9958,790,1,1,0,1,c,a,5490,2022,7,28,1,3,0,9969.0,6907.0,8992.0,9422.42857142857,8803.357142857143
1,2022-07-13,10036,918,1,1,0,1,c,a,5490,2022,7,28,2,3,0,9474.0,9545.0,8601.0,9420.857142857143,8837.857142857143
1,2022-07-14,8842,846,1,0,0,1,c,a,5490,2022,7,28,3,3,0,10006.0,9560.0,6685.0,9501.142857142857,8889.107142857143
1,2022-07-15,8017,925,1,0,0,1,c,a,5490,2022,7,28,4,3,0,8520.0,9135.0,9135.0,9334.857142857143,8966.142857142857
1,2022-07-16,8611,629,1,1,0,1,c,a,5490,2022,7,28,5,3,1,9060.0,8196.0,9975.0,9263.0,8926.214285714286
1,2022-07-18,8419,859,1,0,0,1,c,a,5490,2022,7,29,0,3,0,9177.0,9015.0,8622.0,9198.857142857143,8877.5
1,2022-07-19,9234,839,1,0,0,1,c,a,5490,2022,7,29,1,3,0,9751.0,7780.0,8008.0,9090.57142857143,8870.25
1,2022-07-20,10224,1211,1,1,0,1,c,a,5490,2022,7,29,2,3,0,9958.0,9969.0,8818.0,9016.714285714286,8914.035714285714
1,2022-07-21,8753,895,1,0,0,1,c,a,5490,2022,7,29,3,3,0,10036.0,9474.0,7835.0,9054.714285714286,8964.25
1,2022-07-22,8383,617,1,0,0,1,c,a,5490,2022,7,29,4,3,0,8842.0,10006.0,7659.0,8871.42857142857,8997.035714285714
1,2022-07-23,7384,549,1,0,0,1,c,a,5490,2022,7,29,5,3,1,8017.0,8520.0,10003.0,8805.857142857143,9022.892857142857
1,2022-07-25,7767,655,1,0,0,1,c,a,5490,2022,7,30,0,3,0,8611.0,9060.0,8665.0,8715.42857142857,8929.357142857143
1,2022-07-26,10048,864,1,1,0,1,c,a,5490,2022,7,30,1,3,0,8419.0,9177.0,9559.0,8594.857142857143,8897.285714285714
1,2022-07-27,8760,657,1,0,0,1,c,a,5490,2022,7,30,2,3,0,9234.0,9751.0,7842.0,8827.57142857143,8914.75
1,2022-07-28,8792,821,1,0,0,1,c,a,5490,2022,7,30,3,3,0,10224.0,9958.0,6907.0,8759.857142857143,8947.535714285714
1,2022-07-29,8890,734,1,1,0,1,c,a,5490,2022,7,30,4,3,0,8753.0,10036.0,9545.0,8555.285714285714,9014.857142857143
1,2022-07-30,7636,621,1,0,0,1,c,a,5490,2022,7,30,5,3,1,8383.0,8842.0,9560.0,8574.857142857143,8991.464285714286
1,2022-08-01,9532,857,1,1,0,1,c,a,5490,2022,8,31,0,3,0,7384.0,8017.0,9135.0,8468.142857142857,8922.75
1,2022-08-02,9405,743,1,0,0,1,c,a,5490,2022,8,31,1,3,0,7767.0,8611.0,8196.0,8775.0,8936.92857142857
1,2022-08-03,8313,944,1,0,0,1,c,a,5490,2022,8,31,2,3,0,10048.0,8419.0,9015.0,9009.0,8980.107142857143
1,2022-08-04,9729,1168,1,1,0,1,c,a,5490,2022,8,31,3,3,0,8760.0,9234.0,7780.0,8761.142857142857,8955.035714285714
1,2022-08-05,8823,913,1,1,0,1,c,a,5490,2022,8,31,4,3,0,8792.0,10224.0,9969.0,8899.57142857143,9024.642857142857
1,2022-08-06,8642,1031,1,1,0,1,c,a,5490,2022,8,31,5,3,1,8890.0,8753.0,9474.0,8904.0,8983.714285714286
1,2022-08-08,9029,1048,1,1,0,1,c,a,5490,2022,8,32,0,3,0,7636.0,8383.0,10006.0,8868.57142857143,8954.0
1,2022-08-09,9226,958,1,0,0,1,c,a,5490,2022,8,32,1,3,0,9532.0,7384.0,8520.0,9067.57142857143,8919.107142857143
1,2022-08-10,10473,784,1,1,0,1,c,a,5490,2022,8,32,2,3,0,9405.0,7767.0,9060.0,9023.857142857143,8944.32142857143
1,2022-08-11,8246,612,1,0,0,1,c,a,5490,2022,8,32,3,3,0,8313.0,10048.0,9177.0,9176.42857142857,8994.785714285714
1,2022-08-12,7796,754,1,0,0,1,c,a,5490,2022,8,32,4,3,0,9729.0,8760.0,9751.0,9166.857142857143,8961.535714285714
1,2022-08-13,9302,761,1,1,0,1,c,a,5490,2022,8,32,5,3,1,8823.0,8792.0,9958.0,8890.714285714286,8891.714285714286
1,2022-08-15,8310,692,1,0,0,1,c,a,5490,2022,8,33,0,3,0,8642.0,8890.0,10036.0,8959.142857142857,8868.285714285714
1,2022-08-16,9532,758,1,1,0,1,c,a,5490,2022,8,33,1,3,0,9029.0,7636.0,8842.0,8911.714285714286,8806.642857142857
1,2022-08-17,9573,1108,1,1,0,1,c,a,5490,2022,8,33,2,3,0,9226.0,9532.0,8017.0,8983.57142857143,8831.285714285714
1,2022-08-18,9953,838,1,1,0,1,c,a,5490,2022,8,33,3,3,0,10473.0,9405.0,8611.0,9033.142857142857,8886.857142857143
1,2022-08-19,7872,715,1,0,0,1,c,a,5490,2022,8,33,4,3,0,8246.0,8313.0,8419.0,8958.857142857143,8934.785714285714
1,2022-08-20,7236,673,1,0,0,1,c,a,5490,2022,8,33,5,3,1,7796.0,9729.0,9234.0,8905.42857142857,8915.25
1,2022-08-22,7460,897,1,0,0,1,c,a,5490,2022,8,34,0,3,0,9302.0,8823.0,10224.0,8825.42857142857,8843.892857142857
1,2022-08-23,9189,875,1,1,0,1,c,a,5490,2022,8,34,1,3,0,8310.0,8642.0,8753.0,8562.285714285714,8745.17857142857
1,2022-08-24,9711,813,1,1,0,1,c,a,5490,2022,8,34,2,3,0,9532.0,9029.0,8383.0,8687.857142857143,8760.75
1,2022-08-25,8465,637,1,0,0,1,c,a,5490,2022,8,34,3,3,0,9573.0,9226.0,7384.0,8713.42857142857,8808.17857142857
1,2022-08-26,7970,815,1,0,0,1,c,a,5490,2022,8,34,4,3,0,9953.0,10473.0,7767.0,8555.142857142857,8846.785714285714
1,2022-08-27,7779,653,1,0,0,1,c,a,5490,2022,8,34,5,3,1,7872.0,8246.0,10048.0,8271.857142857143,8854.035714285714
1,2022-08-29,9439,910,1,1,0,1,c,a,5490,2022,8,35,0,3,0,7236.0,7796.0,8760.0,8258.57142857143,8773.0
1,2022-08-30,9083,987,1,1,0,1,c,a,5490,2022,8,35,1,3,0,7460.0,9302.0,8792.0,8573.285714285714,8797.25
1,2022-08-31,9400,1125,1,1,0,1,c,a,5490,2022,8,35,2,3,0,9189.0,8310.0,8890.0,8805.142857142857,8807.642857142857
1,2022-09-01,7100,639,1,0,0,0,c,a,5490,2022,9,35,3,3,0,9711.0,9532.0,7636.0,8835.285714285714,8825.857142857143
1,2022-09-02,6372,785,1,0,0,0,c,a,5490,2022,9,35,4,3,0,8465.0,9573.0,9532.0,8462.285714285714,8806.714285714286
1,2022-09-03,6088,580,1,0,0,0,c,a,5490,2022,9,35,5,3,1,7970.0,9953.0,9405.0,8163.285714285715,8693.857142857143
1,2022-09-05,7531,650,1,0,0,0,c,a,5490,2022,9,36,0,3,0,7779.0,7872.0,8313.0,7894.428571428572,8575.392857142857
1,2022-09-06,6888,638,1,0,0,0,c,a,5490,2022,9,36,1,3,0,9439.0,7236.0,9729.0,7859.0,8547.464285714286
1,2022-09-07,9864,999,1,1,0,0,c,a,5490,2022,9,36,2,3,0,9083.0,7460.0,8823.0,7494.571428571428,8446.0
1,2022-09-08,8739,691,1,1,0,0,c,a,5490,2022,9,36,3,3,0,9400.0,9189.0,8642.0,7606.142857142857,8483.17857142857
1,2022-09-09,6729,701,1,0,0,0,c,a,5490,2022,9,36,4,3,0,7100.0,9711.0,9029.0,7511.714285714285,8486.642857142857
1,2022-09-10,6458,661,1,0,0,0,c,a,5490,2022,9,36,5,3,1,6372.0,8465.0,9226.0,7458.714285714285,8404.5
1,2022-09-12,7413,724,1,1,0,0,c,a,5490,2022,9,37,0,3,0,6088.0,7970.0,10473.0,7471.0,8305.642857142857
1,2022-09-13,7768,792,1,0,0,0,c,a,5490,2022,9,37,1,3,0,7531.0,7779.0,8246.0,7660.285714285715,8196.357142857143
1,2022-09-14,9205,856,1,1,0,0,c,a,5490,2022,9,37,2,3,0,6888.0,9439.0,7796.0,7694.142857142857,8179.285714285715
1,2022-09-15,7622,776,1,0,0,0,c,a,5490,2022,9,37,3,3,0,9864.0,9083.0,9302.0,8025.142857142857,8229.607142857143
1,2022-09-16,6391,586,1,0,0,0,c,a,5490,2022,9,37,4,3,0,8739.0,9400.0,8310.0,7704.857142857143,8169.607142857143
1,2022-09-17,7084,653,1,1,0,0,c,a,5490,2022,9,37,5,3,1,6729.0,7100.0,9532.0,7369.428571428572,8101.071428571428
1,2022-09-19,7151,845,1,0,0,0,c,a,5490,2022,9,38,0,3,0,6458.0,6372.0,9573.0,7420.142857142857,8013.642857142857
1,2022-09-20,7543,806,1,0,0,0,c,a,5490,2022,9,38,1,3,0,7413.0,6088.0,9953.0,7519.142857142857,7927.142857142857
1,2022-09-21,7780,613,1,0,0,0,c,a,5490,2022,9,38,2,3,0,7768.0,7531.0,7872.0,7537.714285714285,7841.071428571428
1,2022-09-22,7983,898,1,1,0,0,c,a,5490,2022,9,38,3,3,0,9205.0,6888.0,7236.0,7539.428571428572,7837.785714285715
1,2022-09-23,7179,596,1,1,0,0,c,a,5490,2022,9,38,4,3,0,7622.0,9864.0,7460.0,7364.857142857143,7864.464285714285
1,2022-09-24,6695,664,1,0,0,0,c,a,5490,2022,9,38,5,3,1,6391.0,8739.0,9189.0,7301.571428571428,7854.428571428572
1,2022-09-26,7844,587,1,1,0,0,c,a,5490,2022,9,39,0,3,0,7084.0,6729.0,9711.0,7345.0,7765.357142857143
1,2022-09-27,7819,933,1,1,0,0,c,a,5490,2022,9,39,1,3,0,7151.0,6458.0,8465.0,7453.571428571428,7698.678571428572
1,2022-09-28,7081,515,1,0,0,0,c,a,5490,2022,9,39,2,3,0,7543.0,7413.0,7970.0,7549.0,7675.607142857143
1,2022-09-29,7003,740,1,0,0,0,c,a,5490,2022,9,39,3,3,0,7780.0,7768.0,7779.0,7483.0,7643.857142857143
1,2022-09-30,6172,639,1,0,0,0,c,a,5490,2022,9,39,4,3,0,7983.0,9205.0,9439.0,7372.0,7616.142857142857
1,2022-10-01,7175,666,1,1,0,0,c,a,5490,2022,10,39,5,4,1,7179.0,7622.0,9083.0,7113.285714285715,7499.464285714285
1,2022-10-03,6427,714,1,0,0,0,c,a,5490,2022,10,40,0,4,0,6695.0,6391.0,9400.0,7112.714285714285,7431.321428571428
1,2022-10-04,7189,776,1,0,0,0,c,a,5490,2022,10,40,1,4,0,7844.0,7084.0,7100.0,7074.428571428572,7325.142857142857
1,2022-10-05,7519,795,1,0,0,0,c,a,5490,2022,10,40,2,4,0,7819.0,7151.0,6372.0,6980.857142857143,7328.321428571428
1,2022-10-06,8203,893,1,1,0,0,c,a,5490,2022,10,40,3,4,0,7081.0,7543.0,6088.0,6938.0,7369.285714285715
1,2022-10-07,7392,773,1,1,0,0,c,a,5490,2022,10,40,4,4,0,7003.0,7780.0,7531.0,7098.285714285715,7444.821428571428
1,2022-10-08,5914,511,1,0,0,0,c,a,5490,2022,10,40,5,4,1,6172.0,7983.0,6888.0,7153.857142857143,7439.857142857143
1,2022-10-10,6554,717,1,0,0,0,c,a,5490,2022,10,41,0,4,0,7175.0,7179.0,9864.0,7117.0,7405.071428571428
1,2022-10-11,8236,612,1,1,0,0,c,a,5490,2022,10,41,1,4,0,6427.0,6695.0,8739.0,7028.285714285715,7286.857142857143
1,2022-10-12,8357,602,1,1,0,0,c,a,5490,2022,10,41,2,4,0,7189.0,7844.0,6729.0,7286.714285714285,7268.892857142857
1,2022-10-13,8130,906,1,1,0,0,c,a,5490,2022,10,41,3,4,0,7519.0,7819.0,6458.0,7453.571428571428,7327.035714285715
1,2022-10-14,5705,481,1,0,0,0,c,a,5490,2022,10,41,4,4,0,8203.0,7081.0,7413.0,7540.857142857143,7386.75
1,2022-10-15,7107,791,1,1,0,0,c,a,5490,2022,10,41,5,4,1,7392.0,7003.0,7768.0,7184.0,7325.75
1,2022-10-17,7492,928,1,1,0,0,c,a,5490,2022,10,42,0,4,0,5914.0,6172.0,9205.0,7143.285714285715,7302.142857142857
1,2022-10-18,7521,741,1,0,0,0,c,a,5490,2022,10,42,1,4,0,6554.0,7175.0,7622.0,7368.714285714285,7240.964285714285
1,2022-10-19,8441,904,1,1,0,0,c,a,5490,2022,10,42,2,4,0,8236.0,6427.0,6391.0,7506.857142857143,7237.357142857143
1,2022-10-20,6128,468,1,0,0,0,c,a,5490,2022,10,42,3,4,0,8357.0,7189.0,7084.0,7536.142857142857,7310.571428571428
1,2022-10-21,7020,858,1,1,0,0,c,a,5490,2022,10,42,4,4,0,8130.0,7519.0,7151.0,7217.714285714285,7276.428571428572
1,2022-10-22,5158,430,1,0,0,0,c,a,5490,2022,10,42,5,4,1,5705.0,8203.0,7543.0,7059.142857142857,7271.75
1,2022-10-24,5910,437,1,0,0,0,c,a,5490,2022,10,43,0,4,0,7107.0,7392.0,7780.0,6981.0,7186.571428571428
1,2022-10-25,7330,886,1,1,0,0,c,a,5490,2022,10,43,1,4,0,7492.0,5914.0,7983.0,6810.0,7119.785714285715
1,2022-10-26,7544,602,1,1,0,0,c,a,5490,2022,10,43,2,4,0,7521.0,6554.0,7179.0,6786.857142857143,7096.464285714285
1,2022-10-27,7010,511,1,1,0,0,c,a,5490,2022,10,43,3,4,0,8441.0,8236.0,6695.0,6790.142857142857,7109.5
1,2022-10-28,7397,778,1,1,0,0,c,a,5490,2022,10,43,4,4,0,6128.0,8357.0,7844.0,6585.714285714285,7120.75
1,2022-10-29,6278,618,1,1,0,0,c,a,5490,2022,10,43,5,4,1,7020.0,8130.0,7819.0,6767.0,7104.785714285715
1,2022-10-31,6943,513,1,1,0,0,c,a,5490,2022,10,44,0,4,0,5158.0,5705.0,7081.0,6661.0,7049.75
1,2022-11-01,6416,581,1,0,0,0,c,a,5490,2022,11,44,1,4,0,5910.0,7107.0,7003.0,6916.0,7044.821428571428
1,2022-11-02,6857,707,1,0,0,0,c,a,5490,2022,11,44,2,4,0,7330.0,7492.0,6172.0,6988.285714285715,7023.857142857143
1,2022-11-03,7420,645,1,1,0,0,c,a,5490,2022,11,44,3,4,0,7544.0,7521.0,7175.0,6920.714285714285,7048.321428571428
1,2022-11-04,5869,467,1,0,0,0,c,a,5490,2022,11,44,4,4,0,7010.0,8441.0,6427.0,6903.0,7057.071428571428
1,2022-11-05,6236,616,1,0,0,0,c,a,5490,2022,11,44,5,4,1,7397.0,6128.0,7189.0,6740.0,7037.142857142857
1,2022-11-07,7630,702,1,1,0,0,c,a,5490,2022,11,45,0,4,0,6278.0,7020.0,7519.0,6574.142857142857,7003.107142857143
1,2022-11-08,6365,689,1,0,0,0,c,a,5490,2022,11,45,1,4,0,6943.0,5158.0,8203.0,6767.285714285715,7007.071428571428
1,2022-11-09,7591,578,1,1,0,0,c,a,5490,2022,11,45,2,4,0,6416.0,5910.0,7392.0,6684.714285714285,6941.428571428572
1,2022-11-10,5826,691,1,0,0,0,c,a,5490,2022,11,45,3,4,0,6857.0,7330.0,5914.0,6852.571428571428,6948.535714285715
1,2022-11-11,5542,530,1,0,0,0,c,a,5490,2022,11,45,4,4,0,7420.0,7544.0,6554.0,6705.285714285715,6945.392857142857
1,2022-11-12,6529,501,1,1,0,0,c,a,5490,2022,11,45,5,4,1,5869.0,7010.0,8236.0,6437.0,6909.25
1,2022-11-14,6220,521,1,0,0,0,c,a,5490,2022,11,46,0,4,0,6236.0,7397.0,8357.0,6531.285714285715,6848.285714285715
1,2022-11-15,6691,504,1,0,0,0,c,a,5490,2022,11,46,1,4,0,7630.0,6278.0,8130.0,6529.0,6771.964285714285
1,2022-11-16,6320,768,1,0,0,0,c,a,5490,2022,11,46,2,4,0,6365.0,6943.0,5705.0,6394.857142857143,6720.571428571428
1,2022-11-17,5471,434,1,0,0,0,c,a,5490,2022,11,46,3,4,0,7591.0,6416.0,7107.0,6388.428571428572,6742.535714285715
1,2022-11-18,5694,683,1,0,0,0,c,a,5490,2022,11,46,4,4,0,5826.0,6857.0,7492.0,6085.571428571428,6684.107142857143
1,2022-11-19,5170,552,1,1,0,0,c,a,5490,2022,11,46,5,4,1,5542.0,7420.0,7521.0,6066.714285714285,6619.892857142857
1,2022-11-21,5325,664,1,0,0,0,c,a,5490,2022,11,47,0,4,0,6529.0,5869.0,8441.0,6013.571428571428,6535.928571428572
1,2022-11-22,7169,519,1,1,0,0,c,a,5490,2022,11,47,1,4,0,6220.0,6236.0,6128.0,5841.571428571428,6424.642857142857
1,2022-11-23,6908,527,1,0,0,0,c,a,5490,2022,11,47,2,4,0,6691.0,7630.0,7020.0,5977.142857142857,6461.821428571428
1,2022-11-24,6328,644,1,0,0,0,c,a,5490,2022,11,47,3,4,0,6320.0,6365.0,5158.0,6008.142857142857,6457.821428571428
1,2022-11-25,5666,623,1,0,0,0,c,a,5490,2022,11,47,4,4,0,5471.0,7591.0,5910.0,6009.285714285715,6499.607142857143
1,2022-11-26,5130,382,1,0,0,0,c,a,5490,2022,11,47,5,4,1,5694.0,5826.0,7330.0,6037.142857142857,6490.892857142857
1,2022-11-28,7342,613,1,1,0,0,c,a,5490,2022,11,48,0,4,0,5170.0,5542.0,7544.0,5956.571428571428,6412.321428571428
1,2022-11-29,5560,493,1,0,0,0,c,a,5490,2022,11,48,1,4,0,5325.0,6529.0,7010.0,6266.857142857143,6405.107142857143
1,2022-11-30,7691,668,1,1,0,0,c,a,5490,2022,11,48,2,4,0,7169.0,6220.0,7397.0,6300.428571428572,6353.321428571428
1,2022-12-01,6863,831,1,1,0,0,c,a,5490,2022,12,48,3,4,0,6908.0,6691.0,6278.0,6375.0,6363.821428571428
1,2022-12-02,4646,378,1,0,0,0,c,a,5490,2022,12,48,4,4,0,6328.0,6320.0,6943.0,6368.571428571428,6384.714285714285
1,2022-12-03,6285,729,1,1,0,0,c,a,5490,2022,12,48,5,4,1,5666.0,5471.0,6416.0,6128.285714285715,6302.678571428572
1,2022-12-05,4673,343,1,0,0,0,c,a,5490,2022,12,49,0,4,0,5130.0,5694.0,6857.0,6216.714285714285,6298.0
1,2022-12-06,7360,604,1,1,0,0,c,a,5490,2022,12,49,1,4,0,7342.0,5170.0,7420.0,6151.428571428572,6220.0
1,2022-12-07,7752,637,1,1,0,0,c,a,5490,2022,12,49,2,4,0,5560.0,5325.0,5869.0,6154.0,6217.857142857143
1,2022-12-08,6987,530,1,1,0,0,c,a,5490,2022,12,49,3,4,0,7691.0,7169.0,6236.0,6467.142857142857,6285.107142857143
1,2022-12-09,4986,495,1,0,0,0,c,a,5490,2022,12,49,4,4,0,6863.0,6908.0,7630.0,6366.571428571428,6311.928571428572
1,2022-12-10,4976,358,1,0,0,0,c,a,5490,2022,12,49,5,4,1,4646.0,6328.0,6365.0,6098.428571428572,6217.5
1,2022-12-12,7059,620,1,1,0,0,c,a,5490,2022,12,50,0,4,0,6285.0,5666.0,7591.0,6145.571428571428,6167.892857142857
1,2022-12-13,7606,692,1,1,0,0,c,a,5490,2022,12,50,1,4,0,4673.0,5130.0,5826.0,6256.142857142857,6148.892857142857
1,2022-12-14,6412,516,1,0,0,0,c,a,5490,2022,12,50,2,4,0,7360.0,7342.0,5542.0,6675.142857142857,6212.464285714285
1,2022-12-15,5612,688,1,0,0,0,c,a,5490,2022,12,50,3,4,0,7752.0,5560.0,6529.0,6539.714285714285,6243.535714285715
1,2022-12-16,6273,666,1,1,0,0,c,a,5490,2022,12,50,4,4,0,6987.0,7691.0,6220.0,6234.0,6210.785714285715
1,2022-12-17,6051,468,1,1,0,0,c,a,5490,2022,12,50,5,4,1,4986.0,6863.0,6691.0,6132.0,6212.678571428572
1,2022-12-19,6162,467,1,0,0,0,c,a,5490,2022,12,51,0,4,0,4976.0,4646.0,6320.0,6284.142857142857,6189.821428571428
1,2022-12-20,6075,474,1,0,0,0,c,a,5490,2022,12,51,1,4,0,7059.0,6285.0,5471.0,6453.571428571428,6184.178571428572
1,2022-12-21,6973,528,1,1,0,0,c,a,5490,2022,12,51,2,4,0,7606.0,4673.0,5694.0,6313.0,6205.75
1,2022-12-22,5679,576,1,0,0,0,c,a,5490,2022,12,51,3,4,0,6412.0,7360.0,5170.0,6222.571428571428,6251.428571428572
1,2022-12-23,5262,411,1,0,0,0,c,a,5490,2022,12,51,4,4,0,5612.0,7752.0,5325.0,6117.857142857143,6269.607142857143
1,2022-12-24,5011,426,1,0,0,0,c,a,5490,2022,12,51,5,4,1,6273.0,6987.0,7169.0,6067.857142857143,6267.357142857143
1,2022-12-26,6621,680,1,1,0,0,c,a,5490,2022,12,52,0,4,0,6051.0,4986.0,6908.0,5887.571428571428,6190.285714285715
1,2022-12-27,5797,572,1,0,0,0,c,a,5490,2022,12,52,1,4,0,6162.0,4976.0,6328.0,5969.0,6180.035714285715
1,2022-12-28,7807,748,1,1,0,0,c,a,5490,2022,12,52,2,4,0,6075.0,7059.0,5666.0,5916.857142857143,6161.071428571428
1,2022-12-29,5441,428,1,0,0,0,c,a,5490,2022,12,52,3,4,0,6973.0,7606.0,5130.0,6164.285714285715,6237.535714285715
1,2022-12-30,5803,580,1,0,0,0,c,a,5490,2022,12,52,4,4,0,5679.0,6412.0,7342.0,5945.428571428572,6248.642857142857
1,2022-12-31,4441,433,1,0,0,0,c,a,5490,2022,12,52,5,4,1,5262.0,5612.0,5560.0,5963.142857142857,6193.678571428572
1,2023-01-02,7124,604,1,1,0,0,c,a,5490,2023,1,1,0,1,0,5011.0,6273.0,7691.0,5845.857142857143,6153.714285714285
1,2023-01-03,6483,616,1,0,0,0,c,a,5490,2023,1,1,1,1,0,6621.0,6051.0,6863.0,6147.714285714285,6133.464285714285
1,2023-01-04,7230,748,1,1,0,0,c,a,5490,2023,1,1,2,1,0,5797.0,6162.0,4646.0,6128.0,6119.892857142857
1,2023-01-05,5577,401,1,0,0,0,c,a,5490,2023,1,1,3,1,0,7807.0,6075.0,6285.0,6332.714285714285,6212.178571428572
1,2023-01-06,4607,333,1,0,0,0,c,a,5490,2023,1,1,4,1,0,5441.0,6973.0,4673.0,6014.142857142857,6186.892857142857
1,2023-01-07,4734,454,1,0,0,0,c,a,5490,2023,1,1,5,1,1,5803.0,5679.0,7360.0,5895.0,6184.535714285715
1,2023-01-09,6363,631,1,1,0,0,c,a,5490,2023,1,2,0,1,0,4441.0,5262.0,7752.0,5742.285714285715,6090.75
1,2023-01-10,6715,700,1,0,0,0,c,a,5490,2023,1,2,1,1,0,7124.0,5011.0,6987.0,6016.857142857143,6041.142857142857
1,2023-01-11,5545,570,1,0,0,0,c,a,5490,2023,1,2,2,1,0,6483.0,6621.0,4986.0,5958.428571428572,6031.428571428572
1,2023-01-12,6906,500,1,1,0,0,c,a,5490,2023,1,2,3,1,0,7230.0,5797.0,4976.0,5824.428571428572,6051.392857142857
1,2023-01-13,6262,732,1,1,0,0,c,a,5490,2023,1,2,4,1,0,5577.0,7807.0,7059.0,5778.142857142857,6120.321428571428
1,2023-01-14,5956,507,1,1,0,0,c,a,5490,2023,1,2,5,1,1,4607.0,5441.0,7606.0,5876.0,6091.857142857143
1,2023-01-16,7100,608,1,1,0,0,c,a,5490,2023,1,3,0,1,0,4734.0,5803.0,6412.0,6068.714285714285,6032.928571428572
1,2023-01-17,6489,674,1,0,0,0,c,a,5490,2023,1,3,1,1,0,6363.0,4441.0,5612.0,6406.714285714285,6057.5
1,2023-01-18,7323,635,1,1,0,0,c,a,5490,2023,1,3,2,1,0,6715.0,7124.0,6273.0,6424.714285714285,6088.821428571428
1,2023-01-19,7104,588,1,1,0,0,c,a,5490,2023,1,3,3,1,0,5545.0,6483.0,6051.0,6511.571428571428,6126.321428571428
1,2023-01-20,5206,546,1,0,0,0,c,a,5490,2023,1,3,4,1,0,6906.0,7230.0,6162.0,6734.285714285715,6163.928571428572
1,2023-01-21,4684,340,1,0,0,0,c,a,5490,2023,1,3,5,1,1,6262.0,5577.0,6075.0,6491.428571428572,6129.785714285715
1,2023-01-23,5399,448,1,0,0,0,c,a,5490,2023,1,4,0,1,0,5956.0,4607.0,6973.0,6266.0,6080.107142857143
1,2023-01-24,7467,867,1,1,0,0,c,a,5490,2023,1,4,1,1,0,7100.0,4734.0,5679.0,6186.428571428572,6023.892857142857
1,2023-01-25,5981,478,1,0,0,0,c,a,5490,2023,1,4,2,1,0,6489.0,6363.0,5262.0,6238.857142857143,6087.75
1,2023-01-26,7004,660,1,1,0,0,c,a,5490,2023,1,4,3,1,0,7323.0,6715.0,5011.0,6166.285714285715,6113.428571428572
1,2023-01-27,5895,731,1,0,0,0,c,a,5490,2023,1,4,4,1,0,7104.0,5545.0,6621.0,6120.714285714285,6184.607142857143
1,2023-01-28,5809,497,1,1,0,0,c,a,5490,2023,1,4,5,1,1,5206.0,6906.0,5797.0,5948.0,6158.678571428572
1,2023-01-30,7077,827,1,1,0,0,c,a,5490,2023,1,5,0,1,0,4684.0,6262.0,7807.0,6034.142857142857,6159.107142857143
1,2023-01-31,5854,441,1,0,0,0,c,a,5490,2023,1,5,1,1,0,5399.0,5956.0,5441.0,6376.0,6133.035714285715
1,2023-02-01,7270,766,1,1,0,0,c,a,5490,2023,2,5,2,1,0,7467.0,7100.0,5803.0,6441.0,6147.785714285715
1,2023-02-02,5650,525,1,0,0,0,c,a,5490,2023,2,5,3,1,0,5981.0,6489.0,4441.0,6412.857142857143,6200.178571428572
1,2023-02-03,7101,836,1,1,0,0,c,a,5490,2023,2,5,4,1,0,7004.0,7323.0,7124.0,6365.571428571428,6243.357142857143
1,2023-02-04,6461,495,1,1,0,0,c,a,5490,2023,2,5,5,1,1,5895.0,7104.0,6483.0,6379.428571428572,6242.535714285715
1,2023-02-06,6316,539,1,1,0,0,c,a,5490,2023,2,6,0,1,0,5809.0,5206.0,7230.0,6460.285714285715,6241.75
1,2023-02-07,7545,607,1,1,0,0,c,a,5490,2023,2,6,1,1,0,7077.0,4684.0,5577.0,6532.714285714285,6209.107142857143
1,2023-02-08,6407,473,1,0,0,0,c,a,5490,2023,2,6,2,1,0,5854.0,5399.0,4607.0,6599.571428571428,6279.392857142857
1,2023-02-09,6990,622,1,1,0,0,c,a,5490,2023,2,6,3,1,0,7270.0,7467.0,4734.0,6678.571428571428,6343.678571428572
1,2023-02-10,5736,478,1,0,0,0,c,a,5490,2023,2,6,4,1,0,5650.0,5981.0,6363.0,6638.571428571428,6424.25
1,2023-02-11,6072,566,1,1,0,0,c,a,5490,2023,2,6,5,1,1,7101.0,7004.0,6715.0,6650.857142857143,6401.857142857143
1,2023-02-13,7272,688,1,1,0,0,c,a,5490,2023,2,7,0,1,0,6461.0,5895.0,5545.0,6503.857142857143,6378.892857142857
1,2023-02-14,6029,506,1,0,0,0,c,a,5490,2023,2,7,1,1,0,6316.0,5809.0,6906.0,6619.714285714285,6440.571428571428
1,2023-02-15,7549,928,1,1,0,0,c,a,5490,2023,2,7,2,1,0,7545.0,7077.0,6262.0,6578.714285714285,6409.25
1,2023-02-16,5504,499,1,0,0,0,c,a,5490,2023,2,7,3,1,0,6407.0,5854.0,5956.0,6579.285714285715,6455.214285714285
1,2023-02-17,5839,676,1,0,0,0,c,a,5490,2023,2,7,4,1,0,6990.0,7270.0,7100.0,6450.285714285715,6439.071428571428
1,2023-02-18,6280,600,1,1,0,0,c,a,5490,2023,2,7,5,1,1,5736.0,5650.0,6489.0,6285.857142857143,6394.035714285715
1,2023-02-20,6800,758,1,1,0,0,c,a,5490,2023,2,8,0,1,0,6072.0,7101.0,7323.0,6363.571428571428,6386.571428571428
1,2023-02-21,6346,696,1,0,0,0,c,a,5490,2023,2,8,1,1,0,7272.0,6461.0,7104.0,6467.571428571428,6367.892857142857
1,2023-02-22,7903,652,1,1,0,0,c,a,5490,2023,2,8,2,1,0,6029.0,6316.0,5206.0,6335.285714285715,6340.821428571428
1,2023-02-23,6367,654,1,0,0,0,c,a,5490,2023,2,8,3,1,0,7549.0,7545.0,4684.0,6603.0,6437.142857142857
1,2023-02-24,5694,507,1,0,0,0,c,a,5490,2023,2,8,4,1,0,5504.0,6407.0,5399.0,6434.142857142857,6497.25
1,2023-02-25,4623,456,1,0,0,0,c,a,5490,2023,2,8,5,1,1,5839.0,6990.0,7467.0,6461.285714285715,6507.785714285715
1,2023-02-27,6938,514,1,1,0,0,c,a,5490,2023,2,9,0,1,0,6280.0,5736.0,5981.0,6287.571428571428,6406.214285714285
1,2023-02-28,8199,823,1,1,0,0,c,a,5490,2023,2,9,1,1,0,6800.0,6072.0,7004.0,6381.571428571428,6440.392857142857
1,2023-03-01,7101,535,1,0,0,0,c,a,5490,2023,3,9,2,1,0,6346.0,7272.0,5895.0,6581.428571428572,6483.071428571428
1,2023-03-02,6438,621,1,0,0,0,c,a,5490,2023,3,9,3,1,0,7903.0,6029.0,5809.0,6689.285714285715,6526.142857142857
1,2023-03-03,6401,486,1,1,0,0,c,a,5490,2023,3,9,4,1,0,6367.0,7549.0,7077.0,6480.0,6548.607142857143
1,2023-03-04,6549,502,1,1,0,0,c,a,5490,2023,3,9,5,1,1,5694.0,5504.0,5854.0,6484.857142857143,6524.464285714285
1,2023-03-06,7181,615,1,1,0,0,c,a,5490,2023,3,10,0,1,0,4623.0,5839.0,7270.0,6607.0,6549.285714285715
1,2023-03-07,7410,615,1,0,0,0,c,a,5490,2023,3,10,1,1,0,6938.0,6280.0,5650.0,6972.428571428572,6546.107142857143
1,2023-03-08,6571,754,1,0,0,0,c,a,5490,2023,3,10,2,1,0,8199.0,6800.0,7101.0,7039.857142857143,6608.964285714285
1,2023-03-09,6859,856,1,0,0,0,c,a,5490,2023,3,10,3,1,0,7101.0,6346.0,6461.0,6807.285714285715,6590.035714285715
1,2023-03-10,7123,794,1,1,0,0,c,a,5490,2023,3,10,4,1,0,6438.0,7903.0,6316.0,6772.714285714285,6604.25
1,2023-03-11,6204,764,1,0,0,0,c,a,5490,2023,3,10,5,1,1,6401.0,6367.0,7545.0,6870.571428571428,6633.071428571428
1,2023-03-13,6217,613,1,0,0,0,c,a,5490,2023,3,11,0,1,0,6549.0,5694.0,6407.0,6842.428571428572,6585.178571428572
1,2023-03-14,7108,761,1,0,0,0,c,a,5490,2023,3,11,1,1,0,7181.0,4623.0,6990.0,6795.0,6578.392857142857
1,2023-03-15,6571,787,1,0,0,0,c,a,5490,2023,3,11,2,1,0,7410.0,6938.0,5736.0,6784.571428571428,6582.607142857143
1,2023-03-16,6951,739,1,0,0,0,c,a,5490,2023,3,11,3,1,0,6571.0,8199.0,6072.0,6664.714285714285,6612.428571428572
1,2023-03-17,6120,539,1,0,0,0,c,a,5490,2023,3,11,4,1,0,6859.0,7101.0,7272.0,6719.0,6643.821428571428
1,2023-03-18,5855,553,1,0,0,0,c,a,5490,2023,3,11,5,1,1,7123.0,6438.0,6029.0,6613.428571428572,6602.678571428572
1,2023-03-20,6892,763,1,0,0,0,c,a,5490,2023,3,12,0,1,0,6204.0,6401.0,7549.0,6432.285714285715,6596.464285714285
1,2023-03-21,7501,716,1,0,0,0,c,a,5490,2023,3,12,1,1,0,6217.0,6549.0,5504.0,6530.571428571428,6573.0
1,2023-03-22,8627,992,1,1,0,0,c,a,5490,2023,3,12,2,1,0,7108.0,7181.0,5839.0,6714.0,6644.321428571428
1,2023-03-23,8875,1019,1,1,0,0,c,a,5490,2023,3,12,3,1,0,6571.0,7410.0,6280.0,6931.0,6743.892857142857
1,2023-03-24,6396,692,1,0,0,0,c,a,5490,2023,3,12,4,1,0,6951.0,6571.0,6800.0,7260.142857142857,6836.571428571428
1,2023-03-25,5528,413,1,0,0,0,c,a,5490,2023,3,12,5,1,1,6120.0,6859.0,6346.0,7180.857142857143,6822.142857142857
1,2023-03-27,5600,690,1,0,0,0,c,a,5490,2023,3,13,0,1,0,5855.0,7123.0,7903.0,7096.285714285715,6792.928571428572
1,2023-03-28,8501,1010,1,1,0,0,c,a,5490,2023,3,13,1,1,0,6892.0,6204.0,6367.0,7059.857142857143,6710.678571428572
1,2023-03-29,8200,675,1,0,0,0,c,a,5490,2023,3,13,2,1,0,7501.0,6217.0,5694.0,7289.714285714285,6786.892857142857
1,2023-03-30,7396,917,1,0,0,0,c,a,5490,2023,3,13,3,1,0,8627.0,7108.0,4623.0,7389.571428571428,6876.392857142857
1,2023-03-31,8013,619,1,1,0,0,c,a,5490,2023,3,13,4,1,0,8875.0,6571.0,6938.0,7213.714285714285,6975.428571428572
1,2023-04-01,7194,659,1,1,0,0,c,a,5490,2023,4,13,5,2,1,6396.0,6951.0,8199.0,7090.571428571428,7013.821428571428
1,2023-04-03,6694,735,1,0,0,0,c,a,5490,2023,4,14,0,2,0,5528.0,6120.0,7101.0,7204.571428571428,6977.928571428572
1,2023-04-04,9106,684,1,1,0,0,c,a,5490,2023,4,14,1,2,0,5600.0,5855.0,6438.0,7371.142857142857,6963.392857142857
1,2023-04-05,7507,585,1,0,0,0,c,a,5490,2023,4,14,2,2,0,8501.0,6892.0,6401.0,7872.0,7058.678571428572
1,2023-04-06,8068,874,1,1,0,0,c,a,5490,2023,4,14,3,2,0,8200.0,7501.0,6549.0,7730.0,7098.178571428572
1,2023-04-08,6043,537,1,0,0,0,c,a,5490,2023,4,14,5,2,1,7396.0,8627.0,7181.0,7711.142857142857,7152.428571428572
1,2023-04-10,8452,1006,1,1,0,0,c,a,5490,2023,4,15,0,2,0,8013.0,8875.0,7410.0,7517.857142857143,7111.785714285715
1,2023-04-11,8638,673,1,1,0,0,c,a,5490,2023,4,15,1,2,0,7194.0,6396.0,6571.0,7580.571428571428,7149.0
1,2023-04-12,7478,534,1,0,0,0,c,a,5490,2023,4,15,2,2,0,6694.0,5528.0,6859.0,7786.857142857143,7222.821428571428
1,2023-04-13,8076,799,1,1,0,0,c,a,5490,2023,4,15,3,2,0,9106.0,5600.0,7123.0,7898.857142857143,7244.928571428572
1,2023-04-14,6432,764,1,0,0,0,c,a,5490,2023,4,15,4,2,0,7507.0,8501.0,6204.0,7751.714285714285,7278.964285714285
1,2023-04-15,6978,584,1,0,0,0,c,a,5490,2023,4,15,5,2,1,8068.0,8200.0,6217.0,7598.142857142857,7287.107142857143
1,2023-04-17,8135,1010,1,1,0,0,c,a,5490,2023,4,16,0,2,0,6043.0,7396.0,7108.0,7442.428571428572,7314.285714285715
1,2023-04-18,7634,950,1,0,0,0,c,a,5490,2023,4,16,1,2,0,8452.0,8013.0,6571.0,7741.285714285715,7350.964285714285
1,2023-04-19,9843,778,1,1,0,0,c,a,5490,2023,4,16,2,2,0,8638.0,7194.0,6951.0,7624.428571428572,7388.928571428572
1,2023-04-20,8026,641,1,0,0,0,c,a,5490,2023,4,16,3,2,0,7478.0,6694.0,6120.0,7796.571428571428,7492.214285714285
1,2023-04-21,8155,734,1,1,0,0,c,a,5490,2023,4,16,4,2,0,8076.0,9106.0,5855.0,7874.857142857143,7560.285714285715
1,2023-04-22,6864,551,1,0,0,0,c,a,5490,2023,4,16,5,2,1,6432.0,7507.0,6892.0,7886.142857142857,7642.428571428572
1,2023-04-24,7826,853,1,0,0,0,c,a,5490,2023,4,17,0,2,0,6978.0,8068.0,7501.0,7947.857142857143,7641.428571428572
1,2023-04-25,9148,728,1,1,0,0,c,a,5490,2023,4,17,1,2,0,8135.0,6043.0,8627.0,8069.0,7653.035714285715
1,2023-04-26,9264,776,1,1,0,0,c,a,5490,2023,4,17,2,2,0,7634.0,8452.0,8875.0,8213.714285714286,7671.642857142857
1,2023-04-27,9500,1062,1,1,0,0,c,a,5490,2023,4,17,3,2,0,9843.0,8638.0,6396.0,8446.57142857143,7685.535714285715
1,2023-04-28,7415,602,1,0,0,0,c,a,5490,2023,4,17,4,2,0,8026.0,7478.0,5528.0,8397.57142857143,7796.392857142857
1,2023-04-29,6353,672,1,0,0,0,c,a,5490,2023,4,17,5,2,1,8155.0,8076.0,5600.0,8310.285714285714,7863.785714285715
1,2023-05-01,6995,663,1,0,0,0,c,a,5490,2023,5,18,0,2,0,6864.0,6432.0,8501.0,8052.857142857143,7890.678571428572
1,2023-05-02,8625,1019,1,1,0,0,c,a,5490,2023,5,18,1,2,0,7826.0,6978.0,8200.0,8071.571428571428,7836.892857142857
1,2023-05-03,9330,906,1,1,0,0,c,a,5490,2023,5,18,2,2,0,9148.0,8135.0,7396.0,8185.714285714285,7852.071428571428
1,2023-05-04,9347,970,1,1,0,0,c,a,5490,2023,5,18,3,2,0,9264.0,7634.0,8013.0,8211.714285714286,7921.142857142857
1,2023-05-05,8504,887,1,1,0,0,c,a,5490,2023,5,18,4,2,0,9500.0,9843.0,7194.0,8223.57142857143,7968.785714285715
1,2023-05-06,7334,762,1,1,0,0,c,a,5490,2023,5,18,5,2,1,7415.0,8026.0,6694.0,8081.285714285715,8015.571428571428
1,2023-05-08,7937,652,1,0,0,0,c,a,5490,2023,5,19,0,2,0,6353.0,8155.0,9106.0,8069.714285714285,8038.428571428572
1,2023-05-09,7546,630,1,0,0,0,c,a,5490,2023,5,19,1,2,0,6995.0,6864.0,7507.0,8296.0,7996.678571428572
1,2023-05-10,9684,764,1,1,0,0,c,a,5490,2023,5,19,2,2,0,8625.0,7826.0,8068.0,8374.714285714286,7998.071428571428
1,2023-05-11,8685,819,1,1,0,0,c,a,5490,2023,5,19,3,2,0,9330.0,9148.0,6043.0,8526.0,8055.785714285715
1,2023-05-12,7801,816,1,0,0,0,c,a,5490,2023,5,19,4,2,0,9347.0,9264.0,8452.0,8433.857142857143,8150.142857142857
1,2023-05-13,6725,592,1,0,0,0,c,a,5490,2023,5,19,5,2,1,8504.0,9500.0,8638.0,8213.0,8126.892857142857
1,2023-05-15,7822,651,1,0,0,0,c,a,5490,2023,5,20,0,2,0,7334.0,7415.0,7478.0,7958.857142857143,8058.571428571428
1,2023-05-16,8507,608,1,0,0,0,c,a,5490,2023,5,20,1,2,0,7937.0,6353.0,8076.0,8028.571428571428,8070.857142857143
1,2023-05-17,9452,723,1,1,0,0,c,a,5490,2023,5,20,2,2,0,7546.0,6995.0,6432.0,8110.0,8086.25
1,2023-05-18,7743,903,1,0,0,0,c,a,5490,2023,5,20,3,2,0,9684.0,8625.0,6978.0,8382.285714285714,8194.107142857143
1,2023-05-19,8563,859,1,1,0,0,c,a,5490,2023,5,20,4,2,0,8685.0,9330.0,8135.0,8105.0,8221.42857142857
1,2023-05-20,8256,590,1,1,0,0,c,a,5490,2023,5,20,5,2,1,7801.0,9347.0,7634.0,8087.571428571428,8236.714285714286
1,2023-05-22,7863,954,1,0,0,0,c,a,5490,2023,5,21,0,2,0,6725.0,8504.0,9843.0,8152.571428571428,8258.92857142857
1,2023-05-23,8821,773,1,0,0,0,c,a,5490,2023,5,21,1,2,0,7822.0,7334.0,8026.0,8315.142857142857,8188.214285714285
1,2023-05-24,8288,694,1,0,0,0,c,a,5490,2023,5,21,2,2,0,8507.0,7937.0,8155.0,8457.857142857143,8216.607142857143
1,2023-05-25,8628,1047,1,0,0,0,c,a,5490,2023,5,21,3,2,0,9452.0,7546.0,6864.0,8426.57142857143,8221.357142857143
1,2023-05-26,8856,755,1,1,0,0,c,a,5490,2023,5,21,4,2,0,7743.0,9684.0,7826.0,8308.857142857143,8284.357142857143
1,2023-05-27,8583,744,1,1,0,0,c,a,5490,2023,5,21,5,2,1,8563.0,8685.0,9148.0,8467.857142857143,8321.142857142857
1,2023-05-29,9112,653,1,1,0,0,c,a,5490,2023,5,22,0,2,0,8256.0,7801.0,9264.0,8470.714285714286,8300.964285714286
1,2023-05-30,10276,994,1,1,0,0,c,a,5490,2023,5,22,1,2,0,7863.0,6725.0,9500.0,8593.0,8295.535714285714
1,2023-05-31,8418,726,1,0,0,0,c,a,5490,2023,5,22,2,2,0,8821.0,7822.0,7415.0,8937.714285714286,8323.25
1,2023-06-01,9275,830,1,1,0,0,c,a,5490,2023,6,22,3,2,0,8288.0,8507.0,6353.0,8880.142857142857,8359.07142857143
1,2023-06-02,7764,555,1,0,0,0,c,a,5490,2023,6,22,4,2,0,8628.0,9452.0,6995.0,9021.142857142857,8463.42857142857
1,2023-06-03,8724,709,1,1,0,0,c,a,5490,2023,6,22,5,2,1,8856.0,7743.0,8625.0,8897.714285714286,8490.892857142857
1,2023-06-05,9274,1114,1,1,0,0,c,a,5490,2023,6,23,0,2,0,8583.0,8563.0,9330.0,8878.857142857143,8494.42857142857
1,2023-06-06,8979,876,1,0,0,0,c,a,5490,2023,6,23,1,2,0,9112.0,8256.0,9347.0,8977.57142857143,8492.42857142857
1,2023-06-07,10280,1141,1,1,0,0,c,a,5490,2023,6,23,2,2,0,10276.0,7863.0,8504.0,8958.57142857143,8479.285714285714
1,2023-06-08,8701,731,1,0,0,0,c,a,5490,2023,6,23,3,2,0,8418.0,8821.0,7334.0,8959.142857142857,8542.714285714286
1,2023-06-09,8031,898,1,0,0,0,c,a,5490,2023,6,23,4,2,0,9275.0,8288.0,7937.0,8999.57142857143,8591.535714285714
1,2023-06-10,7899,645,1,1,0,0,c,a,5490,2023,6,23,5,2,1,7764.0,8628.0,7546.0,8821.857142857143,8594.892857142857
1,2023-06-12,8118,676,1,0,0,0,c,a,5490,2023,6,24,0,2,0,8724.0,8856.0,9684.0,8841.142857142857,8607.5
1,2023-06-13,9933,814,1,1,0,0,c,a,5490,2023,6,24,1,2,0,9274.0,8583.0,8685.0,8754.57142857143,8551.57142857143
1,2023-06-14,10398,811,1,1,0,0,c,a,5490,2023,6,24,2,2,0,8979.0,9112.0,7801.0,8848.714285714286,8596.142857142857
1,2023-06-15,9103,874,1,1,0,0,c,a,5490,2023,6,24,3,2,0,10280.0,10276.0,6725.0,9051.42857142857,8688.892857142857
1,2023-06-16,8843,773,1,0,0,0,c,a,5490,2023,6,24,4,2,0,8701.0,8418.0,7822.0,8883.285714285714,8773.82142857143
1,2023-06-17,7318,633,1,0,0,0,c,a,5490,2023,6,24,5,2,1,8031.0,9275.0,8507.0,8903.57142857143,8810.285714285714
1,2023-06-19,8312,1000,1,0,0,0,c,a,5490,2023,6,25,0,2,0,7899.0,7764.0,9452.0,8801.714285714286,8767.82142857143
1,2023-06-20,8314,714,1,0,0,0,c,a,5490,2023,6,25,1,2,0,8118.0,8724.0,7743.0,8860.714285714286,8727.107142857143
1,2023-06-21,9869,742,1,1,0,0,c,a,5490,2023,6,25,2,2,0,9933.0,9274.0,8563.0,8888.714285714286,8747.5
1,2023-06-22,9680,726,1,1,0,0,c,a,5490,2023,6,25,3,2,0,10398.0,8979.0,8256.0,8879.57142857143,8794.142857142857
1,2023-06-23,7572,609,1,0,0,0,c,a,5490,2023,6,25,4,2,0,9103.0,10280.0,7863.0,8777.0,8845.0
1,2023-06-24,7402,686,1,0,0,0,c,a,5490,2023,6,25,5,2,1,8843.0,8701.0,8821.0,8558.285714285714,8834.607142857143
1,2023-06-26,9224,1101,1,1,0,0,c,a,5490,2023,6,26,0,2,0,7318.0,8031.0,8288.0,8352.42857142857,8783.92857142857
1,2023-06-27,8778,644,1,0,0,0,c,a,5490,2023,6,26,1,2,0,8312.0,7899.0,8628.0,8624.714285714286,8817.357142857143
1,2023-06-28,8915,864,1,0,0,0,c,a,5490,2023,6,26,2,2,0,8314.0,8118.0,8856.0,8691.285714285714,8822.714285714286
1,2023-06-29,8130,751,1,0,0,0,c,a,5490,2023,6,26,3,2,0,9869.0,9933.0,8583.0,8777.142857142857,8824.82142857143
1,2023-06-30,7448,865,1,0,0,0,c,a,5490,2023,6,26,4,2,0,9680.0,10398.0,9112.0,8528.714285714286,8808.642857142857
1,2023-07-01,7163,560,1,0,0,1,c,a,5490,2023,7,26,5,3,1,7572.0,9103.0,10276.0,8209.857142857143,8749.214285714286
1,2023-07-03,8386,856,1,0,0,1,c,a,5490,2023,7,27,0,3,0,7402.0,8843.0,8418.0,8151.428571428572,8638.035714285714
1,2023-07-04,9016,889,1,0,0,1,c,a,5490,2023,7,27,1,3,0,9224.0,7318.0,9275.0,8292.0,8636.892857142857
1,2023-07-05,10238,1222,1,1,0,1,c,a,5490,2023,7,27,2,3,0,8778.0,8312.0,7764.0,8262.285714285714,8627.642857142857
1,2023-07-06,8748,869,1,0,0,1,c,a,5490,2023,7,27,3,3,0,8915.0,8314.0,8724.0,8470.857142857143,8716.0
1,2023-07-07,9504,1064,1,1,0,1,c,a,5490,2023,7,27,4,3,0,8130.0,9869.0,9274.0,8447.0,8716.857142857143
1,2023-07-08,7074,621,1,0,0,1,c,a,5490,2023,7,27,5,3,1,7448.0,9680.0,8979.0,8643.285714285714,8725.07142857143
1,2023-07-10,9645,1093,1,1,0,1,c,a,5490,2023,7,28,0,3,0,7163.0,7572.0,10280.0,8589.857142857143,8657.035714285714
1,2023-07-11,9852,838,1,1,0,1,c,a,5490,2023,7,28,1,3,0,8386.0,7402.0,8701.0,8944.42857142857,8634.357142857143
1,2023-07-12,9300,851,1,0,0,1,c,a,5490,2023,7,28,2,3,0,9016.0,9224.0,8031.0,9153.857142857143,8675.464285714286
1,2023-07-13,8151,630,1,0,0,1,c,a,5490,2023,7,28,3,3,0,10238.0,8778.0,7899.0,9194.42857142857,8720.785714285714
1,2023-07-14,8054,766,1,0,0,1,c,a,5490,2023,7,28,4,3,0,8748.0,8915.0,8118.0,8896.285714285714,8729.785714285714
1,2023-07-15,7993,665,1,0,0,1,c,a,5490,2023,7,28,5,3,1,9504.0,8130.0,9933.0,8797.142857142857,8727.5
1,2023-07-17,10302,782,1,1,0,1,c,a,5490,2023,7,29,0,3,0,7074.0,7448.0,10398.0,8581.285714285714,8658.214285714286
1,2023-07-18,9586,687,1,0,0,1,c,a,5490,2023,7,29,1,3,0,9645.0,7163.0,9103.0,9042.42857142857,8654.785714285714
1,2023-07-19,10461,1022,1,1,0,1,c,a,5490,2023,7,29,2,3,0,9852.0,8386.0,8843.0,9034.0,8672.035714285714
1,2023-07-20,9490,866,1,0,0,1,c,a,5490,2023,7,29,3,3,0,9300.0,9016.0,7318.0,9121.0,8729.82142857143
1,2023-07-21,8136,624,1,0,0,1,c,a,5490,2023,7,29,4,3,0,8151.0,10238.0,8312.0,9148.142857142857,8807.392857142857
1,2023-07-22,7638,766,1,0,0,1,c,a,5490,2023,7,29,5,3,1,8054.0,8748.0,8314.0,9146.0,8801.107142857143
1,2023-07-24,8880,706,1,0,0,1,c,a,5490,2023,7,30,0,3,0,7993.0,9504.0,9869.0,9086.57142857143,8776.964285714286
1,2023-07-25,9167,798,1,0,0,1,c,a,5490,2023,7,30,1,3,0,10302.0,7074.0,9680.0,9213.285714285714,8741.642857142857
1,2023-07-26,8725,735,1,0,0,1,c,a,5490,2023,7,30,2,3,0,9586.0,9645.0,7572.0,9051.142857142857,8723.32142857143
1,2023-07-27,7978,666,1,0,0,1,c,a,5490,2023,7,30,3,3,0,10461.0,9852.0,7402.0,8928.142857142857,8764.5
1,2023-07-28,8439,738,1,0,0,1,c,a,5490,2023,7,30,4,3,0,9490.0,9300.0,9224.0,8573.42857142857,8785.07142857143
1,2023-07-29,7335,806,1,0,0,1,c,a,5490,2023,7,30,5,3,1,8136.0,8151.0,8778.0,8423.285714285714,8757.035714285714
1,2023-07-31,9287,956,1,1,0,1,c,a,5490,2023,7,31,0,3,0,7638.0,8054.0,8915.0,8308.857142857143,8705.5
1,2023-08-01,10176,1148,1,1,0,1,c,a,5490,2023,8,31,1,3,0,8880.0,7993.0,8130.0,8544.42857142857,8718.785714285714
1,2023-08-02,9308,727,1,0,0,1,c,a,5490,2023,8,31,2,3,0,9167.0,10302.0,7448.0,8729.57142857143,8791.857142857143
1,2023-08-03,8755,669,1,0,0,1,c,a,5490,2023,8,31,3,3,0,8725.0,9586.0,7163.0,8749.714285714286,8858.285714285714
1,2023-08-04,8860,978,1,1,0,1,c,a,5490,2023,8,31,4,3,0,7978.0,10461.0,8386.0,8754.0,8915.142857142857
1,2023-08-05,8496,641,1,1,0,1,c,a,5490,2023,8,31,5,3,1,8439.0,9490.0,9016.0,8880.0,8932.07142857143
1,2023-08-07,8071,842,1,0,0,1,c,a,5490,2023,8,32,0,3,0,7335.0,8136.0,10238.0,8888.142857142857,8913.5
1,2023-08-08,9030,767,1,0,0,1,c,a,5490,2023,8,32,1,3,0,9287.0,7638.0,8748.0,8993.285714285714,8836.107142857143
1,2023-08-09,10346,1160,1,1,0,1,c,a,5490,2023,8,32,2,3,0,10176.0,8880.0,9504.0,8956.57142857143,8846.17857142857
1,2023-08-10,8350,764,1,0,0,1,c,a,5490,2023,8,32,3,3,0,9308.0,9167.0,7074.0,8980.857142857143,8876.25
1,2023-08-11,8994,1091,1,1,0,1,c,a,5490,2023,8,32,4,3,0,8755.0,8725.0,9645.0,8844.0,8921.82142857143
1,2023-08-12,7264,540,1,0,0,1,c,a,5490,2023,8,32,5,3,1,8860.0,7978.0,9852.0,8878.142857142857,8898.57142857143
1,2023-08-14,7953,736,1,0,0,1,c,a,5490,2023,8,33,0,3,0,8496.0,8439.0,9300.0,8650.142857142857,8806.142857142857
1,2023-08-15,9952,940,1,1,0,1,c,a,5490,2023,8,33,1,3,0,8071.0,7335.0,8151.0,8572.57142857143,8758.035714285714
1,2023-08-16,9637,688,1,1,0,1,c,a,5490,2023,8,33,2,3,0,9030.0,9287.0,8054.0,8841.285714285714,8822.357142857143
1,2023-08-17,10122,1121,1,1,0,1,c,a,5490,2023,8,33,3,3,0,10346.0,10176.0,7993.0,8928.0,8878.892857142857
1,2023-08-18,7701,834,1,0,0,1,c,a,5490,2023,8,33,4,3,0,8350.0,9308.0,10302.0,8896.0,8954.92857142857
1,2023-08-19,8334,619,1,0,0,1,c,a,5490,2023,8,33,5,3,1,8994.0,8755.0,9586.0,8803.285714285714,8862.035714285714
1,2023-08-21,8210,745,1,0,0,1,c,a,5490,2023,8,34,0,3,0,7264.0,8860.0,10461.0,8709.0,8817.32142857143
1,2023-08-22,8730,821,1,0,0,1,c,a,5490,2023,8,34,1,3,0,7953.0,8496.0,9490.0,8844.142857142857,8736.92857142857
1,2023-08-23,9793,1092,1,1,0,1,c,a,5490,2023,8,34,2,3,0,9952.0,8071.0,8136.0,8955.142857142857,8709.785714285714
1,2023-08-24,7812,941,1,0,0,1,c,a,5490,2023,8,34,3,3,0,9637.0,9030.0,7638.0,8932.42857142857,8768.964285714286
1,2023-08-25,8759,1010,1,1,0,1,c,a,5490,2023,8,34,4,3,0,10122.0,10346.0,8880.0,8671.714285714286,8775.17857142857
1,2023-08-26,8130,790,1,1,0,1,c,a,5490,2023,8,34,5,3,1,7701.0,8350.0,9167.0,8477.0,8770.857142857143
1,2023-08-28,8945,864,1,1,0,1,c,a,5490,2023,8,35,0,3,0,8334.0,8994.0,8725.0,8538.285714285714,8733.82142857143
1,2023-08-29,9860,1046,1,1,0,1,c,a,5490,2023,8,35,1,3,0,8210.0,7264.0,7978.0,8625.57142857143,8741.67857142857
1,2023-08-30,9694,850,1,1,0,1,c,a,5490,2023,8,35,2,3,0,8730.0,7953.0,8439.0,8861.285714285714,8808.892857142857
1,2023-08-31,9186,1131,1,1,0,1,c,a,5490,2023,8,35,3,3,0,9793.0,9952.0,7335.0,8999.0,8853.714285714286
1,2023-09-01,8172,733,1,1,0,0,c,a,5490,2023,9,35,4,3,0,7812.0,9637.0,9287.0,8912.285714285714,8919.82142857143
1,2023-09-02,7533,920,1,1,0,0,c,a,5490,2023,9,35,5,3,1,8759.0,10122.0,10176.0,8963.714285714286,8880.0
1,2023-09-04,8050,670,1,1,0,0,c,a,5490,2023,9,36,0,3,0,8130.0,7701.0,9308.0,8788.57142857143,8785.607142857143
1,2023-09-05,9358,775,1,1,0,0,c,a,5490,2023,9,36,1,3,0,8945.0,8334.0,8755.0,8777.142857142857,8740.67857142857
1,2023-09-06,7509,573,1,0,0,0,c,a,5490,2023,9,36,2,3,0,9860.0,8210.0,8860.0,8836.142857142857,8762.214285714286
1,2023-09-07,8912,922,1,1,0,0,c,a,5490,2023,9,36,3,3,0,9694.0,8730.0,8496.0,8500.285714285714,8713.964285714286
1,2023-09-08,7154,519,1,0,0,0,c,a,5490,2023,9,36,4,3,0,9186.0,9793.0,8071.0,8388.57142857143,8728.82142857143
1,2023-09-09,6894,587,1,0,0,0,c,a,5490,2023,9,36,5,3,1,8172.0,7812.0,9030.0,8098.285714285715,8696.07142857143
1,2023-09-11,8770,888,1,1,0,0,c,a,5490,2023,9,37,0,3,0,7533.0,8759.0,10346.0,7915.714285714285,8619.785714285714
1,2023-09-12,7759,811,1,0,0,0,c,a,5490,2023,9,37,1,3,0,8050.0,8130.0,8350.0,8092.428571428572,8563.5
1,2023-09-13,7621,585,1,0,0,0,c,a,5490,2023,9,37,2,3,0,9358.0,8945.0,8994.0,8050.857142857143,8542.392857142857
1,2023-09-14,8463,623,1,1,0,0,c,a,5490,2023,9,37,3,3,0,7509.0,9860.0,7264.0,7802.714285714285,8493.357142857143
1,2023-09-15,6363,743,1,0,0,0,c,a,5490,2023,9,37,4,3,0,8912.0,9694.0,7953.0,7939.0,8536.17857142857
1,2023-09-16,5950,430,1,0,0,0,c,a,5490,2023,9,37,5,3,1,7154.0,9186.0,9952.0,7574.857142857143,8479.392857142857
1,2023-09-18,7190,653,1,0,0,0,c,a,5490,2023,9,38,0,3,0,6894.0,8172.0,9637.0,7402.857142857143,8336.464285714286
1,2023-09-19,8450,675,1,0,0,0,c,a,5490,2023,9,38,1,3,0,8770.0,7533.0,10122.0,7445.142857142857,8249.07142857143
1,2023-09-20,8788,766,1,1,0,0,c,a,5490,2023,9,38,2,3,0,7759.0,8050.0,7701.0,7399.428571428572,8189.357142857143
1,2023-09-21,8712,1045,1,1,0,0,c,a,5490,2023,9,38,3,3,0,7621.0,9358.0,8334.0,7546.428571428572,8228.17857142857
1,2023-09-22,6926,746,1,0,0,0,c,a,5490,2023,9,38,4,3,0,8463.0,7509.0,8210.0,7702.285714285715,8241.67857142857
1,2023-09-23,6717,504,1,1,0,0,c,a,5490,2023,9,38,5,3,1,6363.0,8912.0,8730.0,7482.714285714285,8195.82142857143
1,2023-09-25,7480,555,1,1,0,0,c,a,5490,2023,9,39,0,3,0,5950.0,7154.0,9793.0,7533.285714285715,8123.928571428572
1,2023-09-26,7080,774,1,0,0,0,c,a,5490,2023,9,39,1,3,0,7190.0,6894.0,7812.0,7751.857142857143,8041.321428571428
1,2023-09-27,7984,794,1,0,0,0,c,a,5490,2023,9,39,2,3,0,8450.0,8770.0,8759.0,7736.142857142857,8015.178571428572
1,2023-09-28,7281,748,1,0,0,0,c,a,5490,2023,9,39,3,3,0,8788.0,7759.0,8130.0,7669.571428571428,7987.5
1,2023-09-29,7163,730,1,0,0,0,c,a,5490,2023,9,39,4,3,0,8712.0,7621.0,8945.0,7454.285714285715,7957.178571428572
1,2023-09-30,6756,776,1,1,0,0,c,a,5490,2023,9,39,5,3,1,6926.0,8463.0,9860.0,7233.0,7893.535714285715
1,2023-10-02,6683,498,1,0,0,0,c,a,5490,2023,10,40,0,4,0,6717.0,6363.0,9694.0,7208.714285714285,7782.678571428572
1,2023-10-03,7679,565,1,0,0,0,c,a,5490,2023,10,40,1,4,0,7480.0,5950.0,9186.0,7203.857142857143,7675.142857142857
1,2023-10-04,9109,799,1,1,0,0,c,a,5490,2023,10,40,2,4,0,7080.0,7190.0,8172.0,7232.285714285715,7621.321428571428
1,2023-10-05,8109,814,1,1,0,0,c,a,5490,2023,10,40,3,4,0,7984.0,8450.0,7533.0,7522.142857142857,7654.785714285715
1,2023-10-06,6684,515,1,0,0,0,c,a,5490,2023,10,40,4,4,0,7281.0,8788.0,8050.0,7540.0,7675.357142857143
1,2023-10-07,7136,661,1,1,0,0,c,a,5490,2023,10,40,5,4,1,7163.0,8712.0,9358.0,7454.714285714285,7626.571428571428
1,2023-10-09,6273,451,1,0,0,0,c,a,5490,2023,10,41,0,4,0,6756.0,6926.0,7509.0,7450.857142857143,7547.214285714285
1,2023-10-10,7258,583,1,0,0,0,c,a,5490,2023,10,41,1,4,0,6683.0,6717.0,8912.0,7381.857142857143,7503.071428571428
1,2023-10-11,7067,591,1,0,0,0,c,a,5490,2023,10,41,2,4,0,7679.0,7480.0,7154.0,7464.0,7444.0
1,2023-10-12,6222,456,1,0,0,0,c,a,5490,2023,10,41,3,4,0,9109.0,7080.0,6894.0,7376.571428571428,7440.892857142857
1,2023-10-13,7578,545,1,1,0,0,c,a,5490,2023,10,41,4,4,0,8109.0,7984.0,8770.0,6964.142857142857,7416.892857142857
1,2023-10-14,5743,569,1,0,0,0,c,a,5490,2023,10,41,5,4,1,6684.0,7281.0,7759.0,6888.285714285715,7374.321428571428
1,2023-10-16,6647,799,1,0,0,0,c,a,5490,2023,10,42,0,4,0,7136.0,7163.0,7621.0,6753.857142857143,7302.321428571428
1,2023-10-17,7620,652,1,1,0,0,c,a,5490,2023,10,42,1,4,0,6273.0,6756.0,8463.0,6684.0,7267.535714285715
1,2023-10-18,7090,618,1,0,0,0,c,a,5490,2023,10,42,2,4,0,7258.0,6683.0,6363.0,6876.428571428572,7237.428571428572
1,2023-10-19,6909,635,1,0,0,0,c,a,5490,2023,10,42,3,4,0,7067.0,7679.0,5950.0,6852.428571428572,7263.392857142857
1,2023-10-20,6224,611,1,0,0,0,c,a,5490,2023,10,42,4,4,0,6222.0,9109.0,7190.0,6829.857142857143,7297.642857142857
1,2023-10-21,6360,747,1,1,0,0,c,a,5490,2023,10,42,5,4,1,7578.0,8109.0,8450.0,6830.142857142857,7263.142857142857
1,2023-10-23,6086,558,1,0,0,0,c,a,5490,2023,10,43,0,4,0,5743.0,6684.0,8788.0,6656.142857142857,7188.5
1,2023-10-24,7847,610,1,1,0,0,c,a,5490,2023,10,43,1,4,0,6647.0,7136.0,8712.0,6705.142857142857,7092.0
1,2023-10-25,7689,745,1,1,0,0,c,a,5490,2023,10,43,2,4,0,7620.0,6273.0,6926.0,6876.571428571428,7061.107142857143
1,2023-10-26,6761,776,1,0,0,0,c,a,5490,2023,10,43,3,4,0,7090.0,7258.0,6717.0,6886.428571428572,7088.357142857143
1,2023-10-27,6997,578,1,1,0,0,c,a,5490,2023,10,43,4,4,0,6909.0,7067.0,7480.0,6839.428571428572,7089.928571428572
1,2023-10-28,5473,523,1,0,0,0,c,a,5490,2023,10,43,5,4,1,6224.0,6222.0,7080.0,6852.0,7072.678571428572
1,2023-10-30,5996,502,1,0,0,0,c,a,5490,2023,10,44,0,4,0,6360.0,7578.0,7984.0,6744.714285714285,7015.285714285715
1,2023-10-31,8585,1020,1,1,0,0,c,a,5490,2023,10,44,1,4,0,6086.0,5743.0,7281.0,6692.714285714285,6944.285714285715
1,2023-11-01,7095,815,1,0,0,0,c,a,5490,2023,11,44,2,4,0,7847.0,6647.0,7163.0,7049.714285714285,6990.857142857143
1,2023-11-02,7689,908,1,1,0,0,c,a,5490,2023,11,44,3,4,0,7689.0,7620.0,6756.0,6942.285714285715,6988.428571428572
1,2023-11-03,5973,528,1,0,0,0,c,a,5490,2023,11,44,4,4,0,6761.0,7090.0,6683.0,6942.285714285715,7021.75
1,2023-11-04,5508,471,1,0,0,0,c,a,5490,2023,11,44,5,4,1,6997.0,6909.0,7679.0,6829.714285714285,6996.392857142857
1,2023-11-06,6229,653,1,0,0,0,c,a,5490,2023,11,45,0,4,0,5473.0,6224.0,9109.0,6617.0,6918.857142857143
1,2023-11-07,6237,517,1,0,0,0,c,a,5490,2023,11,45,1,4,0,5996.0,6360.0,8109.0,6725.0,6816.0
1,2023-11-08,7243,860,1,1,0,0,c,a,5490,2023,11,45,2,4,0,8585.0,6086.0,6684.0,6759.428571428572,6749.142857142857
1,2023-11-09,6202,478,1,0,0,0,c,a,5490,2023,11,45,3,4,0,7095.0,7847.0,7136.0,6567.714285714285,6769.107142857143
1,2023-11-10,5530,525,1,0,0,0,c,a,5490,2023,11,45,4,4,0,7689.0,7689.0,6273.0,6440.142857142857,6735.75
1,2023-11-11,5291,563,1,0,0,0,c,a,5490,2023,11,45,5,4,1,5973.0,6761.0,7258.0,6131.714285714285,6709.214285714285
1,2023-11-13,6338,511,1,0,0,0,c,a,5490,2023,11,46,0,4,0,5508.0,6997.0,7067.0,6034.285714285715,6638.964285714285
1,2023-11-14,7818,574,1,1,0,0,c,a,5490,2023,11,46,1,4,0,6229.0,5473.0,6222.0,6152.857142857143,6612.928571428572
1,2023-11-15,7717,653,1,1,0,0,c,a,5490,2023,11,46,2,4,0,6237.0,5996.0,7578.0,6379.857142857143,6669.928571428572
1,2023-11-16,7946,710,1,1,0,0,c,a,5490,2023,11,46,3,4,0,7243.0,8585.0,5743.0,6591.285714285715,6674.892857142857
1,2023-11-17,6489,613,1,1,0,0,c,a,5490,2023,11,46,4,4,0,6202.0,7095.0,6647.0,6691.714285714285,6753.571428571428
1,2023-11-18,6160,473,1,1,0,0,c,a,5490,2023,11,46,5,4,1,5530.0,7689.0,7620.0,6732.714285714285,6747.928571428572
1,2023-11-20,5948,455,1,0,0,0,c,a,5490,2023,11,47,0,4,0,5291.0,5973.0,7090.0,6822.714285714285,6695.785714285715
1,2023-11-21,6710,705,1,0,0,0,c,a,5490,2023,11,47,1,4,0,6338.0,5508.0,6909.0,6916.571428571428,6655.0
1,2023-11-22,7632,699,1,1,0,0,c,a,5490,2023,11,47,2,4,0,7818.0,6229.0,6224.0,6969.714285714285,6647.892857142857
1,2023-11-23,6394,642,1,0,0,0,c,a,5490,2023,11,47,3,4,0,7717.0,6237.0,6360.0,6943.142857142857,6698.178571428572
1,2023-11-24,4780,496,1,0,0,0,c,a,5490,2023,11,47,4,4,0,7946.0,7243.0,6086.0,6754.142857142857,6699.392857142857
1,2023-11-25,5608,556,1,0,0,0,c,a,5490,2023,11,47,5,4,1,6489.0,6202.0,7847.0,6301.857142857143,6652.75
1,2023-11-27,6638,517,1,1,0,0,c,a,5490,2023,11,48,0,4,0,6160.0,5530.0,7689.0,6176.0,6572.785714285715
1,2023-11-28,8008,834,1,1,0,0,c,a,5490,2023,11,48,1,4,0,5948.0,5291.0,6761.0,6244.285714285715,6535.25
1,2023-11-29,7446,913,1,1,0,0,c,a,5490,2023,11,48,2,4,0,6710.0,6338.0,6997.0,6538.571428571428,6579.785714285715
1,2023-11-30,7694,882,1,1,0,0,c,a,5490,2023,11,48,3,4,0,7632.0,7818.0,5473.0,6643.714285714285,6595.821428571428
1,2023-12-01,6943,764,1,1,0,0,c,a,5490,2023,12,48,4,4,0,6394.0,7717.0,5996.0,6652.571428571428,6675.142857142857
1,2023-12-02,5826,516,1,1,0,0,c,a,5490,2023,12,48,5,4,1,4780.0,7946.0,8585.0,6731.0,6708.964285714285
1,2023-12-04,5283,589,1,0,0,0,c,a,5490,2023,12,49,0,4,0,5608.0,6489.0,7095.0,6880.428571428572,6610.428571428572
1,2023-12-05,6842,511,1,0,0,0,c,a,5490,2023,12,49,1,4,0,6638.0,6160.0,7689.0,6834.0,6545.714285714285
1,2023-12-06,6225,600,1,0,0,0,c,a,5490,2023,12,49,2,4,0,8008.0,5948.0,5973.0,6863.142857142857,6515.464285714285
1,2023-12-07,5549,590,1,0,0,0,c,a,5490,2023,12,49,3,4,0,7446.0,6710.0,5508.0,6608.428571428572,6524.464285714285
1,2023-12-08,5442,418,1,0,0,0,c,a,5490,2023,12,49,4,4,0,7694.0,7632.0,6229.0,6337.428571428572,6525.928571428572
1,2023-12-09,5894,446,1,1,0,0,c,a,5490,2023,12,49,5,4,1,6943.0,6394.0,6237.0,6015.714285714285,6497.821428571428
1,2023-12-11,6575,625,1,1,0,0,c,a,5490,2023,12,50,0,4,0,5826.0,4780.0,7243.0,5865.857142857143,6485.571428571428
1,2023-12-12,6244,602,1,0,0,0,c,a,5490,2023,12,50,1,4,0,5283.0,5608.0,6202.0,5972.857142857143,6461.714285714285
1,2023-12-13,6154,535,1,0,0,0,c,a,5490,2023,12,50,2,4,0,6842.0,6638.0,5530.0,6110.142857142857,6463.214285714285
1,2023-12-14,5673,688,1,0,0,0,c,a,5490,2023,12,50,3,4,0,6225.0,8008.0,5291.0,6011.857142857143,6485.5
1,2023-12-15,6797,654,1,1,0,0,c,a,5490,2023,12,50,4,4,0,5549.0,7446.0,6338.0,5933.0,6499.142857142857
1,2023-12-16,5326,434,1,1,0,0,c,a,5490,2023,12,50,5,4,1,5442.0,7694.0,7818.0,6111.285714285715,6515.535714285715
1,2023-12-18,5709,425,1,0,0,0,c,a,5490,2023,12,51,0,4,0,5894.0,6943.0,7717.0,6094.714285714285,6426.535714285715
1,2023-12-19,5932,561,1,0,0,0,c,a,5490,2023,12,51,1,4,0,6575.0,5826.0,7946.0,6068.285714285715,6354.821428571428
1,2023-12-20,7495,584,1,1,0,0,c,a,5490,2023,12,51,2,4,0,6244.0,5283.0,6489.0,5976.428571428572,6282.892857142857
1,2023-12-21,6143,452,1,0,0,0,c,a,5490,2023,12,51,3,4,0,6154.0,6842.0,6160.0,6155.142857142857,6318.821428571428
1,2023-12-22,5020,469,1,0,0,0,c,a,5490,2023,12,51,4,4,0,5673.0,6225.0,5948.0,6153.571428571428,6318.214285714285
1,2023-12-23,5072,610,1,0,0,0,c,a,5490,2023,12,51,5,4,1,6797.0,5549.0,6710.0,6060.285714285715,6285.071428571428
1,2023-12-26,5856,549,1,0,0,0,c,a,5490,2023,12,52,1,4,0,5326.0,5442.0,7632.0,5813.857142857143,6226.571428571428
1,2023-12-27,6558,731,1,0,0,0,c,a,5490,2023,12,52,2,4,0,5709.0,5894.0,6394.0,5889.571428571428,6163.142857142857
1,2023-12-28,6125,477,1,1,0,0,c,a,5490,2023,12,52,3,4,0,5932.0,6575.0,4780.0,6010.857142857143,6169.0
1,2023-12-29,6302,655,1,1,0,0,c,a,5490,2023,12,52,4,4,0,7495.0,6244.0,5608.0,6038.428571428572,6217.035714285715
1,2023-12-30,4737,453,1,0,0,0,c,a,5490,2023,12,52,5,4,1,6143.0,6154.0,6638.0,5868.0,6241.821428571428
2,2020-02-04,5973,465,1,1,0,0,c,a,5834,2020,2,6,1,1,0,4780.0,3128.0,4166.0,4613.142857142857,4415.071428571428
2,2020-02-05,4537,353,1,0,0,0,c,a,5834,2020,2,6,2,1,0,4057.0,4636.0,4787.0,4783.571428571428,4479.607142857143
2,2020-02-06,5340,409,1,1,0,0,c,a,5834,2020,2,6,3,1,0,5546.0,4094.0,3759.0,4852.142857142857,4470.678571428572
2,2020-02-07,3181,248,1,0,0,0,c,a,5834,2020,2,6,4,1,0,5175.0,4391.0,3478.0,4822.714285714285,4527.142857142857
2,2020-02-08,4384,314,1,1,0,0,c,a,5834,2020,2,6,5,1,1,3365.0,5098.0,5225.0,4537.857142857143,4516.535714285715
2,2020-02-10,4889,384,1,1,0,0,c,a,5834,2020,2,7,0,1,0,4402.0,4381.0,4501.0,4683.428571428572,4486.5
2,2020-02-11,4930,378,1,1,0,0,c,a,5834,2020,2,7,1,1,0,4967.0,4418.0,4223.0,4753.0,4500.357142857143
2,2020-02-12,5760,501,1,1,0,0,c,a,5834,2020,2,7,2,1,0,5973.0,4780.0,4191.0,4747.714285714285,4525.607142857143
2,2020-02-13,4282,316,1,0,0,0,c,a,5834,2020,2,7,3,1,0,4537.0,4057.0,3357.0,4717.285714285715,4581.642857142857
2,2020-02-14,3904,445,1,0,0,0,c,a,5834,2020,2,7,4,1,0,5340.0,5546.0,3006.0,4680.857142857143,4614.678571428572
2,2020-02-15,3589,267,1,0,0,0,c,a,5834,2020,2,7,5,1,1,3181.0,5175.0,5817.0,4475.714285714285,4646.75
2,2020-02-17,4948,564,1,1,0,0,c,a,5834,2020,2,8,0,1,0,4384.0,3365.0,5316.0,4534.0,4567.178571428572
2,2020-02-18,4586,462,1,0,0,0,c,a,5834,2020,2,8,1,1,0,4889.0,4402.0,4557.0,4614.571428571428,4554.035714285715
2,2020-02-19,4679,394,1,1,0,0,c,a,5834,2020,2,8,2,1,0,4930.0,4967.0,4801.0,4571.285714285715,4555.071428571428
2,2020-02-20,4618,571,1,0,0,0,c,a,5834,2020,2,8,3,1,0,5760.0,5973.0,3128.0,4535.428571428572,4550.714285714285
2,2020-02-21,3857,340,1,0,0,0,c,a,5834,2020,2,8,4,1,0,4282.0,4537.0,4636.0,4372.285714285715,4603.928571428572
2,2020-02-22,3689,286,1,0,0,0,c,a,5834,2020,2,8,5,1,1,3904.0,5340.0,4094.0,4311.571428571428,4576.107142857143
2,2020-02-24,4505,375,1,0,0,0,c,a,5834,2020,2,9,0,1,0,3589.0,3181.0,4391.0,4280.857142857143,4561.642857142857
2,2020-02-25,5408,497,1,1,0,0,c,a,5834,2020,2,9,1,1,0,4948.0,4384.0,5098.0,4411.714285714285,4565.714285714285
2,2020-02-26,4441,523,1,0,0,0,c,a,5834,2020,2,9,2,1,0,4586.0,4889.0,4381.0,4477.428571428572,4576.785714285715
2,2020-02-27,5373,630,1,1,0,0,c,a,5834,2020,2,9,3,1,0,4679.0,4930.0,4418.0,4456.714285714285,4578.928571428572
2,2020-02-28,4141,310,1,0,0,0,c,a,5834,2020,2,9,4,1,0,4618.0,5760.0,4780.0,4555.857142857143,4613.035714285715
2,2020-02-29,3676,370,1,0,0,0,c,a,5834,2020,2,9,5,1,1,3857.0,4282.0,4057.0,4487.714285714285,4590.214285714285
2,2020-03-02,3766,286,1,0,0,0,c,a,5834,2020,3,10,0,1,0,3689.0,3904.0,5546.0,4461.857142857143,4576.607142857143
2,2020-03-03,5381,432,1,1,0,0,c,a,5834,2020,3,10,1,1,0,4505.0,3589.0,5175.0,4472.857142857143,4513.035714285715
2,2020-03-04,6197,710,1,1,0,0,c,a,5834,2020,3,10,2,1,0,5408.0,4948.0,3365.0,4598.0,4520.392857142857
2,2020-03-05,5718,541,1,1,0,0,c,a,5834,2020,3,10,3,1,0,4441.0,4586.0,4402.0,4710.714285714285,4621.535714285715
2,2020-03-06,4832,564,1,1,0,0,c,a,5834,2020,3,10,4,1,0,5373.0,4679.0,4967.0,4893.142857142857,4668.535714285715
2,2020-03-07,5039,511,1,1,0,0,c,a,5834,2020,3,10,5,1,1,4141.0,4618.0,5973.0,4815.857142857143,4663.714285714285
2,2020-03-09,4655,364,1,0,0,0,c,a,5834,2020,3,11,0,1,0,3676.0,3857.0,4537.0,4944.142857142857,4630.357142857143
2,2020-03-10,4990,447,1,0,0,0,c,a,5834,2020,3,11,1,1,0,3766.0,3689.0,5340.0,5084.0,4634.571428571428
2,2020-03-11,4605,470,1,0,0,0,c,a,5834,2020,3,11,2,1,0,5381.0,4505.0,3181.0,5258.857142857143,4622.071428571428
2,2020-03-12,4935,379,1,0,0,0,c,a,5834,2020,3,11,3,1,0,6197.0,5408.0,4384.0,5148.0,4672.928571428572
2,2020-03-13,5465,503,1,1,0,0,c,a,5834,2020,3,11,4,1,0,5718.0,4441.0,4889.0,4967.714285714285,4692.607142857143
2,2020-03-14,3944,290,1,0,0,0,c,a,5834,2020,3,11,5,1,1,4832.0,5373.0,4930.0,4931.571428571428,4713.178571428572
2,2020-03-16,4510,468,1,0,0,0,c,a,5834,2020,3,12,0,1,0,5039.0,4141.0,5760.0,4804.714285714285,4677.964285714285
2,2020-03-17,5507,617,1,0,0,0,c,a,5834,2020,3,12,1,1,0,4655.0,3676.0,4282.0,4729.142857142857,4633.321428571428
2,2020-03-18,6322,561,1,1,0,0,c,a,5834,2020,3,12,2,1,0,4990.0,3766.0,3904.0,4850.857142857143,4677.071428571428
2,2020-03-19,5145,513,1,0,0,0,c,a,5834,2020,3,12,3,1,0,4605.0,5381.0,3589.0,5041.142857142857,4763.428571428572
2,2020-03-20,5449,487,1,1,0,0,c,a,5834,2020,3,12,4,1,0,4935.0,6197.0,4948.0,5118.285714285715,4819.0
2,2020-03-21,4792,347,1,1,0,0,c,a,5834,2020,3,12,5,1,1,5465.0,5718.0,4586.0,5191.714285714285,4836.892857142857
2,2020-03-23,5783,425,1,1,0,0,c,a,5834,2020,3,13,0,1,0,3944.0,4832.0,4679.0,5095.571428571428,4844.25
2,2020-03-24,5717,505,1,1,0,0,c,a,5834,2020,3,13,1,1,0,4510.0,5039.0,4618.0,5358.285714285715,4883.678571428572
2,2020-03-25,5709,576,1,1,0,0,c,a,5834,2020,3,13,2,1,0,5507.0,4655.0,3857.0,5530.714285714285,4922.928571428572
2,2020-03-26,6138,568,1,1,0,0,c,a,5834,2020,3,13,3,1,0,6322.0,4990.0,3689.0,5559.571428571428,4989.071428571428
2,2020-03-27,4340,482,1,0,0,0,c,a,5834,2020,3,13,4,1,0,5145.0,4605.0,4505.0,5533.285714285715,5076.535714285715
2,2020-03-28,3915,450,1,0,0,0,c,a,5834,2020,3,13,5,1,1,5449.0,4935.0,5408.0,5418.285714285715,5070.642857142857
2,2020-03-30,5649,426,1,1,0,0,c,a,5834,2020,3,14,0,1,0,4792.0,5465.0,4441.0,5199.142857142857,5017.321428571428
2,2020-03-31,5688,529,1,0,0,0,c,a,5834,2020,3,14,1,1,0,5783.0,3944.0,5373.0,5321.571428571428,5060.464285714285
2,2020-04-01,5807,541,1,0,0,0,c,a,5834,2020,4,14,2,2,0,5717.0,4510.0,4141.0,5308.0,5071.714285714285
2,2020-04-02,4902,533,1,0,0,0,c,a,5834,2020,4,14,3,2,0,5709.0,5507.0,3676.0,5320.857142857143,5131.214285714285
2,2020-04-03,4724,493,1,0,0,0,c,a,5834,2020,4,14,4,2,0,6138.0,6322.0,3766.0,5205.571428571428,5175.0
2,2020-04-04,4072,337,1,0,0,0,c,a,5834,2020,4,14,5,2,1,4340.0,5145.0,5381.0,5003.571428571428,5209.214285714285
2,2020-04-06,4761,406,1,0,0,0,c,a,5834,2020,4,15,0,2,0,3915.0,5449.0,6197.0,4965.285714285715,5162.464285714285
2,2020-04-07,6011,691,1,1,0,0,c,a,5834,2020,4,15,1,2,0,5649.0,4792.0,5718.0,5086.142857142857,5111.178571428572
2,2020-04-08,5424,555,1,0,0,0,c,a,5834,2020,4,15,2,2,0,5688.0,5783.0,4832.0,5137.857142857143,5121.642857142857
2,2020-04-09,5458,613,1,0,0,0,c,a,5834,2020,4,15,3,2,0,5807.0,5717.0,5039.0,5100.142857142857,5142.785714285715
2,2020-04-11,4915,370,1,0,0,0,c,a,5834,2020,4,15,5,2,1,4902.0,5709.0,4655.0,5050.285714285715,5157.75
2,2020-04-13,5790,495,1,1,0,0,c,a,5834,2020,4,16,0,2,0,4724.0,6138.0,4990.0,5052.142857142857,5167.035714285715
2,2020-04-14,5755,580,1,0,0,0,c,a,5834,2020,4,16,1,2,0,4072.0,4340.0,4605.0,5204.428571428572,5195.607142857143
2,2020-04-15,5203,526,1,0,0,0,c,a,5834,2020,4,16,2,2,0,4761.0,3915.0,4935.0,5444.857142857143,5236.678571428572
2,2020-04-16,6184,458,1,1,0,0,c,a,5834,2020,4,16,3,2,0,6011.0,5649.0,5465.0,5508.0,5246.25
2,2020-04-17,4561,377,1,0,0,0,c,a,5834,2020,4,16,4,2,0,5424.0,5688.0,3944.0,5532.714285714285,5271.928571428572
2,2020-04-18,4368,313,1,0,0,0,c,a,5834,2020,4,16,5,2,1,5458.0,5807.0,4510.0,5409.428571428572,5293.964285714285
2,2020-04-20,5577,435,1,0,0,0,c,a,5834,2020,4,17,0,2,0,4915.0,4902.0,5507.0,5253.714285714285,5288.892857142857
2,2020-04-21,5146,488,1,0,0,0,c,a,5834,2020,4,17,1,2,0,5790.0,4724.0,6322.0,5348.285714285715,5291.392857142857
2,2020-04-22,6701,572,1,1,0,0,c,a,5834,2020,4,17,2,2,0,5755.0,4072.0,5145.0,5256.285714285715,5249.392857142857
2,2020-04-23,5290,399,1,0,0,0,c,a,5834,2020,4,17,3,2,0,5203.0,4761.0,5449.0,5391.428571428572,5304.964285714285
2,2020-04-24,5051,499,1,0,0,0,c,a,5834,2020,4,17,4,2,0,6184.0,6011.0,4792.0,5403.857142857143,5299.285714285715
2,2020-04-25,5091,625,1,1,0,0,c,a,5834,2020,4,17,5,2,1,4561.0,5424.0,5783.0,5242.0,5308.535714285715
2,2020-04-27,5179,481,1,0,0,0,c,a,5834,2020,4,18,0,2,0,4368.0,5458.0,5717.0,5317.714285714285,5283.821428571428
2,2020-04-28,6491,483,1,1,0,0,c,a,5834,2020,4,18,1,2,0,5577.0,4915.0,5709.0,5433.571428571428,5264.607142857143
2,2020-04-29,6617,719,1,1,0,0,c,a,5834,2020,4,18,2,2,0,5146.0,5790.0,6138.0,5564.142857142857,5292.535714285715
2,2020-04-30,5145,466,1,0,0,0,c,a,5834,2020,4,18,3,2,0,6701.0,5755.0,4340.0,5774.285714285715,5309.642857142857
2,2020-05-01,4354,538,1,0,0,0,c,a,5834,2020,5,18,4,2,0,5290.0,5203.0,3915.0,5552.0,5338.392857142857
2,2020-05-02,4323,327,1,0,0,0,c,a,5834,2020,5,18,5,2,1,5051.0,6184.0,5649.0,5418.285714285715,5354.071428571428
2,2020-05-04,5278,485,1,0,0,0,c,a,5834,2020,5,19,0,2,0,5091.0,4561.0,5688.0,5314.285714285715,5306.714285714285
2,2020-05-05,5796,448,1,0,0,0,c,a,5834,2020,5,19,1,2,0,5179.0,4368.0,5807.0,5341.0,5292.071428571428
2,2020-05-06,6595,506,1,1,0,0,c,a,5834,2020,5,19,2,2,0,6491.0,5577.0,4902.0,5429.142857142857,5291.678571428572
2,2020-05-07,5898,575,1,0,0,0,c,a,5834,2020,5,19,3,2,0,6617.0,5146.0,4724.0,5444.0,5352.142857142857
2,2020-05-08,5765,497,1,1,0,0,c,a,5834,2020,5,19,4,2,0,5145.0,6701.0,4072.0,5341.285714285715,5394.071428571428
2,2020-05-09,5087,387,1,0,0,0,c,a,5834,2020,5,19,5,2,1,4354.0,5290.0,4761.0,5429.857142857143,5454.535714285715
2,2020-05-11,6201,676,1,1,0,0,c,a,5834,2020,5,20,0,2,0,4323.0,5051.0,6011.0,5534.571428571428,5466.178571428572
2,2020-05-12,6066,754,1,0,0,0,c,a,5834,2020,5,20,1,2,0,5278.0,5091.0,5424.0,5802.857142857143,5472.964285714285
2,2020-05-13,6327,452,1,0,0,0,c,a,5834,2020,5,20,2,2,0,5796.0,5179.0,5458.0,5915.428571428572,5495.892857142857
2,2020-05-14,6515,682,1,0,0,0,c,a,5834,2020,5,20,3,2,0,6595.0,6491.0,4915.0,5991.285714285715,5526.928571428572
2,2020-05-15,4480,448,1,0,0,0,c,a,5834,2020,5,20,4,2,0,5898.0,6617.0,5790.0,5979.857142857143,5584.071428571428
2,2020-05-16,6190,577,1,1,0,0,c,a,5834,2020,5,20,5,2,1,5765.0,5145.0,5755.0,5777.285714285715,5537.285714285715
2,2020-05-18,5710,472,1,0,0,0,c,a,5834,2020,5,21,0,2,0,5087.0,4354.0,5203.0,5838.0,5552.821428571428
2,2020-05-19,6199,741,1,0,0,0,c,a,5834,2020,5,21,1,2,0,6201.0,4323.0,6184.0,5927.0,5570.928571428572
2,2020-05-20,7246,803,1,1,0,0,c,a,5834,2020,5,21,2,2,0,6066.0,5278.0,4561.0,5926.714285714285,5571.464285714285
2,2020-05-21,5461,546,1,0,0,0,c,a,5834,2020,5,21,3,2,0,6327.0,5796.0,4368.0,6095.285714285715,5667.357142857143
2,2020-05-22,6692,583,1,1,0,0,c,a,5834,2020,5,21,4,2,0,6515.0,6595.0,5577.0,5971.571428571428,5706.392857142857
2,2020-05-23,4731,339,1,0,0,0,c,a,5834,2020,5,21,5,2,1,4480.0,5898.0,5146.0,5996.857142857143,5746.214285714285
2,2020-05-25,5615,407,1,0,0,0,c,a,5834,2020,5,22,0,2,0,6190.0,5765.0,6701.0,6032.714285714285,5731.392857142857
2,2020-05-26,6199,566,1,0,0,0,c,a,5834,2020,5,22,1,2,0,5710.0,5087.0,5290.0,5950.571428571428,5692.607142857143
2,2020-05-27,6219,672,1,0,0,0,c,a,5834,2020,5,22,2,2,0,6199.0,6201.0,5051.0,6020.428571428572,5725.071428571428
2,2020-05-28,6587,759,1,1,0,0,c,a,5834,2020,5,22,3,2,0,7246.0,6066.0,5091.0,6023.285714285715,5766.785714285715
2,2020-05-29,5296,450,1,0,0,0,c,a,5834,2020,5,22,4,2,0,5461.0,6327.0,5179.0,5929.142857142857,5820.214285714285
2,2020-05-30,6364,487,1,1,0,0,c,a,5834,2020,5,22,5,2,1,6692.0,6515.0,6491.0,5905.571428571428,5824.392857142857
2,2020-06-01,5696,460,1,0,0,0,c,a,5834,2020,6,23,0,2,0,4731.0,4480.0,6617.0,5858.714285714285,5819.857142857143
2,2020-06-02,6134,520,1,0,0,0,c,a,5834,2020,6,23,1,2,0,5615.0,6190.0,5145.0,5996.571428571428,5786.964285714285
2,2020-06-03,7052,769,1,1,0,0,c,a,5834,2020,6,23,2,2,0,6199.0,5710.0,4354.0,6070.714285714285,5822.285714285715
2,2020-06-04,6809,706,1,1,0,0,c,a,5834,2020,6,23,3,2,0,6219.0,6199.0,4323.0,6192.571428571428,5918.642857142857
2,2020-06-05,6420,763,1,1,0,0,c,a,5834,2020,6,23,4,2,0,6587.0,7246.0,5278.0,6276.857142857143,6007.428571428572
2,2020-06-06,4486,326,1,0,0,0,c,a,5834,2020,6,23,5,2,1,5296.0,5461.0,5796.0,6253.0,6048.214285714285
2,2020-06-08,6419,532,1,1,0,0,c,a,5834,2020,6,24,0,2,0,6364.0,6692.0,6595.0,6137.285714285715,6001.428571428572
2,2020-06-09,7628,668,1,1,0,0,c,a,5834,2020,6,24,1,2,0,5696.0,4731.0,5898.0,6145.142857142857,5995.142857142857
2,2020-06-10,6656,476,1,0,0,0,c,a,5834,2020,6,24,2,2,0,6134.0,5615.0,5765.0,6421.142857142857,6056.928571428572
2,2020-06-11,6165,497,1,0,0,0,c,a,5834,2020,6,24,3,2,0,7052.0,6199.0,5087.0,6495.714285714285,6088.75
2,2020-06-12,6053,578,1,1,0,0,c,a,5834,2020,6,24,4,2,0,6809.0,6219.0,6201.0,6369.0,6127.25
2,2020-06-13,5133,522,1,0,0,0,c,a,5834,2020,6,24,5,2,1,6420.0,6587.0,6066.0,6261.0,6121.964285714285
2,2020-06-15,6827,500,1,1,0,0,c,a,5834,2020,6,25,0,2,0,4486.0,5296.0,6327.0,6077.142857142857,6088.642857142857
2,2020-06-16,6684,706,1,0,0,0,c,a,5834,2020,6,25,1,2,0,6419.0,6364.0,6515.0,6411.571428571428,6106.5
2,2020-06-17,7007,749,1,1,0,0,c,a,5834,2020,6,25,2,2,0,7628.0,5696.0,4480.0,6449.428571428572,6112.535714285715
2,2020-06-18,5729,441,1,0,0,0,c,a,5834,2020,6,25,3,2,0,6656.0,6134.0,6190.0,6360.714285714285,6202.785714285715
2,2020-06-19,5352,438,1,0,0,0,c,a,5834,2020,6,25,4,2,0,6165.0,7052.0,5710.0,6228.285714285715,6186.321428571428
2,2020-06-20,5205,417,1,0,0,0,c,a,5834,2020,6,25,5,2,1,6053.0,6809.0,6199.0,6112.142857142857,6173.535714285715
2,2020-06-22,5798,660,1,0,0,0,c,a,5834,2020,6,26,0,2,0,5133.0,6420.0,7246.0,5991.0,6138.035714285715
2,2020-06-23,5828,588,1,0,0,0,c,a,5834,2020,6,26,1,2,0,6827.0,4486.0,5461.0,6086.0,6086.321428571428
2,2020-06-24,7253,797,1,1,0,0,c,a,5834,2020,6,26,2,2,0,6684.0,6419.0,6692.0,5943.285714285715,6099.428571428572
2,2020-06-25,5931,565,1,0,0,0,c,a,5834,2020,6,26,3,2,0,7007.0,7628.0,4731.0,6024.571428571428,6119.464285714285
2,2020-06-26,6311,636,1,1,0,0,c,a,5834,2020,6,26,4,2,0,5729.0,6656.0,5615.0,5870.857142857143,6162.321428571428
2,2020-06-27,5174,589,1,0,0,0,c,a,5834,2020,6,26,5,2,1,5352.0,6165.0,6199.0,5954.0,6187.178571428572
2,2020-06-29,6398,731,1,1,0,0,c,a,5834,2020,6,27,0,2,0,5205.0,6053.0,6219.0,5928.571428571428,6150.571428571428
2,2020-06-30,6638,560,1,0,0,0,c,a,5834,2020,6,27,1,2,0,5798.0,5133.0,6587.0,6099.0,6156.964285714285
2,2020-07-01,6433,558,1,0,0,1,c,a,5834,2020,7,27,2,3,0,5828.0,6827.0,5296.0,6219.0,6158.785714285715
2,2020-07-02,6421,545,1,0,0,1,c,a,5834,2020,7,27,3,3,0,7253.0,6684.0,6364.0,6305.428571428572,6199.392857142857
2,2020-07-03,6348,665,1,1,0,1,c,a,5834,2020,7,27,4,3,0,5931.0,7007.0,5696.0,6186.571428571428,6201.428571428572
2,2020-07-04,5857,651,1,0,0,1,c,a,5834,2020,7,27,5,3,1,6311.0,5729.0,6134.0,6246.142857142857,6224.714285714285
2,2020-07-06,6029,567,1,0,0,1,c,a,5834,2020,7,28,0,3,0,5174.0,5352.0,7052.0,6181.285714285715,6214.821428571428
2,2020-07-07,7847,680,1,1,0,1,c,a,5834,2020,7,28,1,3,0,6398.0,5205.0,6809.0,6303.428571428572,6178.285714285715
2,2020-07-08,6618,536,1,0,0,1,c,a,5834,2020,7,28,2,3,0,6638.0,5798.0,6420.0,6510.428571428572,6215.357142857143
2,2020-07-09,7393,601,1,1,0,1,c,a,5834,2020,7,28,3,3,0,6433.0,5828.0,4486.0,6507.571428571428,6222.428571428572
2,2020-07-10,6322,479,1,1,0,1,c,a,5834,2020,7,28,4,3,0,6421.0,7253.0,6419.0,6644.714285714285,6326.25
2,2020-07-11,6029,617,1,0,0,1,c,a,5834,2020,7,28,5,3,1,6348.0,5931.0,7628.0,6630.571428571428,6322.785714285715
2,2020-07-13,6348,518,1,0,0,1,c,a,5834,2020,7,29,0,3,0,5857.0,6311.0,6656.0,6585.0,6265.678571428572
2,2020-07-14,6911,537,1,1,0,1,c,a,5834,2020,7,29,1,3,0,6029.0,5174.0,6165.0,6655.142857142857,6254.678571428572
2,2020-07-15,7332,833,1,1,0,1,c,a,5834,2020,7,29,2,3,0,7847.0,6398.0,6053.0,6781.142857142857,6281.321428571428
2,2020-07-16,7451,751,1,1,0,1,c,a,5834,2020,7,29,3,3,0,6618.0,6638.0,5133.0,6707.571428571428,6327.0
2,2020-07-17,5781,570,1,0,0,1,c,a,5834,2020,7,29,4,3,0,7393.0,6433.0,6827.0,6826.571428571428,6409.785714285715
2,2020-07-18,6049,733,1,1,0,1,c,a,5834,2020,7,29,5,3,1,6322.0,6421.0,6684.0,6596.285714285715,6372.428571428572
2,2020-07-20,6265,534,1,0,0,1,c,a,5834,2020,7,30,0,3,0,6029.0,6348.0,7007.0,6557.285714285715,6349.75
2,2020-07-21,7490,880,1,1,0,1,c,a,5834,2020,7,30,1,3,0,6348.0,5857.0,5729.0,6591.0,6323.25
2,2020-07-22,6926,777,1,0,0,1,c,a,5834,2020,7,30,2,3,0,6911.0,6029.0,5352.0,6754.142857142857,6386.142857142857
2,2020-07-23,6280,629,1,0,0,1,c,a,5834,2020,7,30,3,3,0,7332.0,7847.0,5205.0,6756.285714285715,6442.357142857143
2,2020-07-24,6410,518,1,0,0,1,c,a,5834,2020,7,30,4,3,0,7451.0,6618.0,5798.0,6606.0,6480.75
2,2020-07-25,5239,589,1,0,0,1,c,a,5834,2020,7,30,5,3,1,5781.0,7393.0,5828.0,6457.285714285715,6502.607142857143
2,2020-07-27,6383,614,1,0,0,1,c,a,5834,2020,7,31,0,3,0,6049.0,6322.0,7253.0,6379.857142857143,6481.571428571428
2,2020-07-28,6120,549,1,0,0,1,c,a,5834,2020,7,31,1,3,0,6265.0,6029.0,5931.0,6427.571428571428,6450.5
2,2020-07-29,7626,597,1,1,0,1,c,a,5834,2020,7,31,2,3,0,7490.0,6348.0,6311.0,6406.857142857143,6457.25
2,2020-07-30,6441,511,1,0,0,1,c,a,5834,2020,7,31,3,3,0,6926.0,6911.0,5174.0,6426.285714285715,6504.214285714285
2,2020-07-31,6163,755,1,0,0,1,c,a,5834,2020,7,31,4,3,0,6280.0,7332.0,6398.0,6357.0,6549.464285714285
2,2020-08-01,6746,502,1,1,0,1,c,a,5834,2020,8,31,5,3,1,6410.0,7451.0,6638.0,6340.285714285715,6541.071428571428
2,2020-08-03,5928,525,1,0,0,1,c,a,5834,2020,8,32,0,3,0,5239.0,5781.0,6433.0,6388.285714285715,6544.928571428572
2,2020-08-04,8051,608,1,1,0,1,c,a,5834,2020,8,32,1,3,0,6383.0,6049.0,6421.0,6486.714285714285,6526.892857142857
2,2020-08-05,7560,880,1,1,0,1,c,a,5834,2020,8,32,2,3,0,6120.0,6265.0,6348.0,6725.0,6585.107142857143
2,2020-08-06,7046,706,1,1,0,1,c,a,5834,2020,8,32,3,3,0,7626.0,7490.0,5857.0,6930.714285714285,6628.392857142857
2,2020-08-07,5419,572,1,0,0,1,c,a,5834,2020,8,32,4,3,0,6441.0,6926.0,6029.0,6847.857142857143,6670.857142857143
2,2020-08-08,5632,671,1,0,0,1,c,a,5834,2020,8,32,5,3,1,6163.0,6280.0,7847.0,6701.857142857143,6649.071428571428
2,2020-08-10,5961,700,1,0,0,1,c,a,5834,2020,8,33,0,3,0,6746.0,6410.0,6618.0,6626.0,6569.964285714285
2,2020-08-11,7227,767,1,1,0,1,c,a,5834,2020,8,33,1,3,0,5928.0,5239.0,7393.0,6513.857142857143,6546.5
2,2020-08-12,7252,571,1,1,0,1,c,a,5834,2020,8,33,2,3,0,8051.0,6383.0,6322.0,6699.428571428572,6540.571428571428
2,2020-08-13,7242,520,1,1,0,1,c,a,5834,2020,8,33,3,3,0,7560.0,6120.0,6029.0,6585.285714285715,6573.785714285715
2,2020-08-14,6600,561,1,1,0,1,c,a,5834,2020,8,33,4,3,0,7046.0,7626.0,6348.0,6539.857142857143,6617.107142857143
2,2020-08-15,6024,612,1,1,0,1,c,a,5834,2020,8,33,5,3,1,5419.0,6441.0,6911.0,6476.142857142857,6626.107142857143
2,2020-08-17,6904,584,1,1,0,1,c,a,5834,2020,8,34,0,3,0,5632.0,6163.0,7332.0,6562.571428571428,6594.428571428572
2,2020-08-18,6606,576,1,0,0,1,c,a,5834,2020,8,34,1,3,0,5961.0,6746.0,7451.0,6744.285714285715,6579.142857142857
2,2020-08-19,6841,492,1,0,0,1,c,a,5834,2020,8,34,2,3,0,7227.0,5928.0,5781.0,6836.428571428572,6548.964285714285
2,2020-08-20,6930,509,1,1,0,1,c,a,5834,2020,8,34,3,3,0,7252.0,8051.0,6049.0,6781.285714285715,6586.821428571428
2,2020-08-21,6122,452,1,0,0,1,c,a,5834,2020,8,34,4,3,0,7242.0,7560.0,6265.0,6735.285714285715,6618.285714285715
2,2020-08-22,5187,527,1,0,0,1,c,a,5834,2020,8,34,5,3,1,6600.0,7046.0,7490.0,6575.285714285715,6613.178571428572
2,2020-08-24,5356,537,1,0,0,1,c,a,5834,2020,8,35,0,3,0,6024.0,5419.0,6926.0,6373.428571428572,6530.928571428572
2,2020-08-25,6495,643,1,0,0,1,c,a,5834,2020,8,35,1,3,0,6904.0,5632.0,6280.0,6278.0,6474.857142857143
2,2020-08-26,7414,629,1,1,0,1,c,a,5834,2020,8,35,2,3,0,6606.0,5961.0,6410.0,6219.571428571428,6482.535714285715
2,2020-08-27,6574,747,1,1,0,1,c,a,5834,2020,8,35,3,3,0,6841.0,7227.0,5239.0,6335.0,6518.392857142857
2,2020-08-28,6335,759,1,1,0,1,c,a,5834,2020,8,35,4,3,0,6930.0,7252.0,6383.0,6296.857142857143,6566.071428571428
2,2020-08-29,5213,466,1,0,0,1,c,a,5834,2020,8,35,5,3,1,6122.0,7242.0,6120.0,6211.857142857143,6564.357142857143
2,2020-08-31,5666,691,1,0,0,1,c,a,5834,2020,8,36,0,3,0,5187.0,6600.0,7626.0,6082.0,6531.964285714285
2,2020-09-01,5397,514,1,0,0,0,c,a,5834,2020,9,36,1,3,0,5356.0,6024.0,6441.0,6150.428571428572,6461.964285714285
2,2020-09-02,5681,530,1,0,0,0,c,a,5834,2020,9,36,2,3,0,6495.0,6904.0,6163.0,6156.285714285715,6424.678571428572
2,2020-09-03,5699,509,1,1,0,0,c,a,5834,2020,9,36,3,3,0,7414.0,6606.0,6746.0,6040.0,6407.464285714285
2,2020-09-04,5374,401,1,0,0,0,c,a,5834,2020,9,36,4,3,0,6574.0,6841.0,5928.0,5795.0,6370.071428571428
2,2020-09-05,5453,452,1,1,0,0,c,a,5834,2020,9,36,5,3,1,6335.0,6930.0,8051.0,5623.571428571428,6350.285714285715
2,2020-09-07,5281,423,1,0,0,0,c,a,5834,2020,9,37,0,3,0,5213.0,6122.0,7560.0,5497.571428571428,6257.5
2,2020-09-08,5812,444,1,0,0,0,c,a,5834,2020,9,37,1,3,0,5666.0,5187.0,7046.0,5507.285714285715,6176.107142857143
2,2020-09-09,5523,419,1,0,0,0,c,a,5834,2020,9,37,2,3,0,5397.0,5356.0,5419.0,5528.142857142857,6132.035714285715
2,2020-09-10,6186,546,1,0,0,0,c,a,5834,2020,9,37,3,3,0,5681.0,6495.0,5632.0,5546.142857142857,6135.75
2,2020-09-11,5151,411,1,0,0,0,c,a,5834,2020,9,37,4,3,0,5699.0,7414.0,5961.0,5618.285714285715,6155.535714285715
2,2020-09-12,5287,398,1,1,0,0,c,a,5834,2020,9,37,5,3,1,5374.0,6574.0,7227.0,5540.0,6126.607142857143
2,2020-09-14,6195,629,1,1,0,0,c,a,5834,2020,9,38,0,3,0,5453.0,6335.0,7252.0,5527.571428571428,6057.321428571428
2,2020-09-15,5264,623,1,0,0,0,c,a,5834,2020,9,38,1,3,0,5281.0,5213.0,7242.0,5633.571428571428,6019.571428571428
2,2020-09-16,6225,498,1,1,0,0,c,a,5834,2020,9,38,2,3,0,5812.0,5666.0,6600.0,5631.142857142857,5948.928571428572
2,2020-09-17,6401,740,1,1,0,0,c,a,5834,2020,9,38,3,3,0,5523.0,5397.0,6024.0,5690.142857142857,5935.535714285715
2,2020-09-18,4562,388,1,0,0,0,c,a,5834,2020,9,38,4,3,0,6186.0,5681.0,6904.0,5815.571428571428,5949.0
2,2020-09-19,4746,443,1,0,0,0,c,a,5834,2020,9,38,5,3,1,5151.0,5699.0,6606.0,5583.571428571428,5865.357142857143
2,2020-09-21,6142,463,1,1,0,0,c,a,5834,2020,9,39,0,3,0,5287.0,5374.0,6841.0,5525.714285714285,5798.928571428572
2,2020-09-22,6462,537,1,1,0,0,c,a,5834,2020,9,39,1,3,0,6195.0,5453.0,6930.0,5647.857142857143,5773.964285714285
2,2020-09-23,5375,418,1,0,0,0,c,a,5834,2020,9,39,2,3,0,5264.0,5281.0,6122.0,5686.0,5757.25
2,2020-09-24,5218,458,1,0,0,0,c,a,5834,2020,9,39,3,3,0,6225.0,5812.0,5187.0,5701.857142857143,5730.571428571428
2,2020-09-25,4789,460,1,0,0,0,c,a,5834,2020,9,39,4,3,0,6401.0,5523.0,5356.0,5558.0,5731.678571428572
2,2020-09-26,5297,551,1,1,0,0,c,a,5834,2020,9,39,5,3,1,4562.0,6186.0,6495.0,5327.714285714285,5711.428571428572
2,2020-09-28,4773,347,1,0,0,0,c,a,5834,2020,9,40,0,3,0,4746.0,5151.0,7414.0,5432.714285714285,5668.642857142857
2,2020-09-29,5571,686,1,0,0,0,c,a,5834,2020,9,40,1,3,0,6142.0,5287.0,6574.0,5436.571428571428,5574.321428571428
2,2020-09-30,5896,557,1,1,0,0,c,a,5834,2020,9,40,2,3,0,6462.0,6195.0,6335.0,5355.0,5538.5
2,2020-10-01,5139,550,1,0,0,0,c,a,5834,2020,10,40,3,4,0,5375.0,5264.0,5213.0,5274.142857142857,5522.821428571428
2,2020-10-02,4690,365,1,0,0,0,c,a,5834,2020,10,40,4,4,0,5218.0,6225.0,5666.0,5240.428571428572,5520.178571428572
2,2020-10-03,5099,454,1,1,0,0,c,a,5834,2020,10,40,5,4,1,4789.0,6401.0,5397.0,5165.0,5485.321428571428
2,2020-10-05,6005,430,1,1,0,0,c,a,5834,2020,10,41,0,4,0,5297.0,4562.0,5681.0,5209.285714285715,5474.678571428572
2,2020-10-06,4932,409,1,0,0,0,c,a,5834,2020,10,41,1,4,0,4773.0,4746.0,5699.0,5310.428571428572,5486.25
2,2020-10-07,6235,642,1,1,0,0,c,a,5834,2020,10,41,2,4,0,5571.0,6142.0,5374.0,5333.142857142857,5458.857142857143
2,2020-10-08,5108,628,1,0,0,0,c,a,5834,2020,10,41,3,4,0,5896.0,6462.0,5453.0,5428.0,5489.607142857143
2,2020-10-09,5818,658,1,1,0,0,c,a,5834,2020,10,41,4,4,0,5139.0,5375.0,5281.0,5315.428571428572,5477.285714285715
2,2020-10-10,4091,375,1,0,0,0,c,a,5834,2020,10,41,5,4,1,4690.0,5218.0,5812.0,5412.428571428572,5496.464285714285
2,2020-10-12,4570,356,1,0,0,0,c,a,5834,2020,10,42,0,4,0,5099.0,4789.0,5523.0,5326.857142857143,5435.0
2,2020-10-13,5962,512,1,1,0,0,c,a,5834,2020,10,42,1,4,0,6005.0,5297.0,6186.0,5251.285714285715,5400.964285714285
2,2020-10-14,5099,441,1,0,0,0,c,a,5834,2020,10,42,2,4,0,4932.0,4773.0,5151.0,5245.142857142857,5392.964285714285
2,2020-10-15,6184,674,1,1,0,0,c,a,5834,2020,10,42,3,4,0,6235.0,5571.0,5287.0,5269.0,5391.107142857143
2,2020-10-16,4493,429,1,0,0,0,c,a,5834,2020,10,42,4,4,0,5108.0,5896.0,6195.0,5261.714285714285,5423.142857142857
2,2020-10-17,5183,595,1,1,0,0,c,a,5834,2020,10,42,5,4,1,5818.0,5139.0,5264.0,5173.857142857143,5362.357142857143
2,2020-10-19,4377,480,1,0,0,0,c,a,5834,2020,10,43,0,4,0,4091.0,4690.0,6225.0,5083.142857142857,5359.464285714285
2,2020-10-20,6044,652,1,1,0,0,c,a,5834,2020,10,43,1,4,0,4570.0,5099.0,6401.0,5124.0,5293.464285714285
2,2020-10-21,5317,611,1,0,0,0,c,a,5834,2020,10,43,2,4,0,5962.0,6005.0,4562.0,5334.571428571428,5280.714285714285
2,2020-10-22,5753,521,1,1,0,0,c,a,5834,2020,10,43,3,4,0,5099.0,4932.0,4746.0,5242.428571428572,5307.678571428572
2,2020-10-23,5794,533,1,1,0,0,c,a,5834,2020,10,43,4,4,0,6184.0,6235.0,6142.0,5335.857142857143,5343.642857142857
2,2020-10-24,3970,314,1,0,0,0,c,a,5834,2020,10,43,5,4,1,4493.0,5108.0,6462.0,5280.142857142857,5331.214285714285
2,2020-10-26,5090,455,1,1,0,0,c,a,5834,2020,10,44,0,4,0,5183.0,5818.0,5375.0,5205.428571428572,5242.214285714285
2,2020-10-27,6353,490,1,1,0,0,c,a,5834,2020,10,44,1,4,0,4377.0,4091.0,5218.0,5192.142857142857,5232.035714285715
2,2020-10-28,6389,471,1,1,0,0,c,a,5834,2020,10,44,2,4,0,6044.0,4570.0,4789.0,5474.428571428572,5272.571428571428
2,2020-10-29,5717,441,1,1,0,0,c,a,5834,2020,10,44,3,4,0,5317.0,5962.0,5297.0,5523.714285714285,5329.714285714285
2,2020-10-30,4559,431,1,1,0,0,c,a,5834,2020,10,44,4,4,0,5753.0,5099.0,4773.0,5580.857142857143,5344.714285714285
2,2020-10-31,4776,399,1,1,0,0,c,a,5834,2020,10,44,5,4,1,5794.0,6184.0,5571.0,5410.285714285715,5337.071428571428
2,2020-11-02,5257,471,1,1,0,0,c,a,5834,2020,11,45,0,4,0,3970.0,4493.0,5896.0,5264.857142857143,5308.678571428572
2,2020-11-03,5851,476,1,1,0,0,c,a,5834,2020,11,45,1,4,0,5090.0,5183.0,5139.0,5448.714285714285,5285.857142857143
2,2020-11-04,4257,414,1,0,0,0,c,a,5834,2020,11,45,2,4,0,6353.0,4377.0,4690.0,5557.428571428572,5311.285714285715
2,2020-11-05,3906,372,1,0,0,0,c,a,5834,2020,11,45,3,4,0,6389.0,6044.0,5099.0,5258.0,5295.821428571428
2,2020-11-06,3847,335,1,0,0,0,c,a,5834,2020,11,45,4,4,0,5717.0,5317.0,6005.0,4903.285714285715,5253.214285714285
2,2020-11-07,4549,368,1,1,0,0,c,a,5834,2020,11,45,5,4,1,4559.0,5753.0,4932.0,4636.142857142857,5176.142857142857
2,2020-11-09,3855,342,1,0,0,0,c,a,5834,2020,11,46,0,4,0,4776.0,5794.0,6235.0,4634.714285714285,5162.464285714285
2,2020-11-10,4766,363,1,0,0,0,c,a,5834,2020,11,46,1,4,0,5257.0,3970.0,5108.0,4503.142857142857,5077.464285714285
2,2020-11-11,5007,497,1,0,0,0,c,a,5834,2020,11,46,2,4,0,5851.0,5090.0,5818.0,4433.0,5065.25
2,2020-11-12,4310,377,1,0,0,0,c,a,5834,2020,11,46,3,4,0,4257.0,6353.0,4091.0,4312.428571428572,5036.285714285715
2,2020-11-13,4551,426,1,1,0,0,c,a,5834,2020,11,46,4,4,0,3906.0,6389.0,4570.0,4320.0,5044.107142857143
2,2020-11-14,3876,456,1,0,0,0,c,a,5834,2020,11,46,5,4,1,3847.0,5717.0,5962.0,4412.142857142857,5043.428571428572
2,2020-11-16,4778,412,1,1,0,0,c,a,5834,2020,11,47,0,4,0,4549.0,4559.0,5099.0,4416.285714285715,4968.928571428572
2,2020-11-17,4928,369,1,0,0,0,c,a,5834,2020,11,47,1,4,0,3855.0,4776.0,6184.0,4449.0,4957.464285714285
2,2020-11-18,4722,410,1,0,0,0,c,a,5834,2020,11,47,2,4,0,4766.0,5257.0,4493.0,4602.285714285715,4912.607142857143
2,2020-11-19,5211,625,1,1,0,0,c,a,5834,2020,11,47,3,4,0,5007.0,5851.0,5183.0,4596.0,4920.785714285715
2,2020-11-20,3460,261,1,0,0,0,c,a,5834,2020,11,47,4,4,0,4310.0,4257.0,4377.0,4625.142857142857,4921.785714285715
2,2020-11-21,3570,326,1,0,0,0,c,a,5834,2020,11,47,5,4,1,4551.0,3906.0,6044.0,4503.714285714285,4889.035714285715
2,2020-11-23,5182,399,1,1,0,0,c,a,5834,2020,11,48,0,4,0,3876.0,3847.0,5317.0,4363.571428571428,4800.678571428572
2,2020-11-24,4150,307,1,0,0,0,c,a,5834,2020,11,48,1,4,0,4778.0,4549.0,5753.0,4550.142857142857,4795.857142857143
2,2020-11-25,5341,540,1,1,0,0,c,a,5834,2020,11,48,2,4,0,4928.0,3855.0,5794.0,4460.428571428572,4738.607142857143
2,2020-11-26,4692,367,1,1,0,0,c,a,5834,2020,11,48,3,4,0,4722.0,4766.0,3970.0,4519.428571428572,4722.428571428572
2,2020-11-27,4210,373,1,1,0,0,c,a,5834,2020,11,48,4,4,0,5211.0,5007.0,5090.0,4515.142857142857,4748.214285714285
2,2020-11-28,3809,305,1,0,0,0,c,a,5834,2020,11,48,5,4,1,3460.0,4310.0,6353.0,4372.142857142857,4716.785714285715
2,2020-11-30,4436,411,1,0,0,0,c,a,5834,2020,11,49,0,4,0,3570.0,4551.0,6389.0,4422.0,4625.928571428572
2,2020-12-01,4833,444,1,1,0,0,c,a,5834,2020,12,49,1,4,0,5182.0,3876.0,5717.0,4545.714285714285,4556.178571428572
2,2020-12-02,5358,462,1,1,0,0,c,a,5834,2020,12,49,2,4,0,4150.0,4778.0,4559.0,4495.857142857143,4524.607142857143
2,2020-12-03,4207,515,1,0,0,0,c,a,5834,2020,12,49,3,4,0,5341.0,4928.0,4776.0,4668.428571428572,4553.142857142857
2,2020-12-04,3795,365,1,0,0,0,c,a,5834,2020,12,49,4,4,0,4692.0,4722.0,5257.0,4506.428571428572,4532.821428571428
2,2020-12-05,4039,314,1,1,0,0,c,a,5834,2020,12,49,5,4,1,4210.0,5211.0,5851.0,4378.285714285715,4480.607142857143
2,2020-12-07,4014,342,1,0,0,0,c,a,5834,2020,12,50,0,4,0,3809.0,3460.0,4257.0,4353.857142857143,4415.892857142857
2,2020-12-08,5464,455,1,1,0,0,c,a,5834,2020,12,50,1,4,0,4436.0,3570.0,3906.0,4383.142857142857,4407.214285714285
2,2020-12-09,4370,537,1,0,0,0,c,a,5834,2020,12,50,2,4,0,4833.0,5182.0,3847.0,4530.0,4462.857142857143
2,2020-12-10,4205,420,1,0,0,0,c,a,5834,2020,12,50,3,4,0,5358.0,4150.0,4549.0,4463.857142857143,4481.535714285715
2,2020-12-11,3851,293,1,0,0,0,c,a,5834,2020,12,50,4,4,0,4207.0,5341.0,3855.0,4299.142857142857,4469.25
2,2020-12-12,4095,373,1,1,0,0,c,a,5834,2020,12,50,5,4,1,3795.0,4692.0,4766.0,4248.285714285715,4469.107142857143
2,2020-12-14,4755,482,1,1,0,0,c,a,5834,2020,12,51,0,4,0,4039.0,4210.0,5007.0,4291.142857142857,4445.142857142857
2,2020-12-15,5586,503,1,1,0,0,c,a,5834,2020,12,51,1,4,0,4014.0,3809.0,4310.0,4393.428571428572,4436.142857142857
2,2020-12-16,4622,464,1,0,0,0,c,a,5834,2020,12,51,2,4,0,5464.0,4436.0,4551.0,4618.0,4481.714285714285
2,2020-12-17,4515,398,1,0,0,0,c,a,5834,2020,12,51,3,4,0,4370.0,4833.0,3876.0,4497.714285714285,4484.25
2,2020-12-18,4695,551,1,1,0,0,c,a,5834,2020,12,51,4,4,0,4205.0,5358.0,4778.0,4518.428571428572,4507.071428571428
2,2020-12-19,3280,271,1,0,0,0,c,a,5834,2020,12,51,5,4,1,3851.0,4207.0,4928.0,4588.428571428572,4504.107142857143
2,2020-12-21,4098,321,1,0,0,0,c,a,5834,2020,12,52,0,4,0,4095.0,3795.0,4722.0,4506.857142857143,4445.25
2,2020-12-22,4602,520,1,0,0,0,c,a,5834,2020,12,52,1,4,0,4755.0,4039.0,5211.0,4507.285714285715,4422.964285714285
2,2020-12-23,4978,382,1,0,0,0,c,a,5834,2020,12,52,2,4,0,5586.0,4014.0,3460.0,4485.428571428572,4401.214285714285
2,2020-12-24,5083,374,1,1,0,0,c,a,5834,2020,12,52,3,4,0,4622.0,5464.0,3570.0,4398.571428571428,4455.428571428572
2,2020-12-26,3926,322,1,1,0,0,c,a,5834,2020,12,52,5,4,1,4515.0,4370.0,5182.0,4464.428571428572,4509.464285714285
2,2020-12-28,3678,429,1,0,0,0,c,a,5834,2020,12,53,0,4,0,4695.0,4205.0,4150.0,4380.285714285715,4464.607142857143
2,2020-12-29,4550,417,1,0,0,0,c,a,5834,2020,12,53,1,4,0,3280.0,3851.0,5341.0,4235.0,4447.75
2,2020-12-30,4651,514,1,0,0,0,c,a,5834,2020,12,53,2,4,0,4098.0,4095.0,4692.0,4416.428571428572,4419.5
2,2020-12-31,5208,453,1,1,0,0,c,a,5834,2020,12,53,3,4,0,4602.0,4755.0,4210.0,4495.428571428572,4418.035714285715
2,2021-01-02,3463,396,1,0,0,0,c,a,5834,2021,1,53,5,1,1,4978.0,5586.0,3809.0,4582.0,4453.678571428572
2,2021-01-04,4643,425,1,1,0,0,c,a,5834,2021,1,1,0,1,0,5083.0,4622.0,4436.0,4365.571428571428,4441.321428571428
2,2021-01-05,4100,431,1,0,0,0,c,a,5834,2021,1,1,1,1,0,3926.0,4515.0,4833.0,4302.714285714285,4448.714285714285
2,2021-01-06,4304,347,1,0,0,0,c,a,5834,2021,1,1,2,1,0,3678.0,4695.0,5358.0,4327.571428571428,4422.535714285715
2,2021-01-07,4935,517,1,1,0,0,c,a,5834,2021,1,1,3,1,0,4550.0,3280.0,4207.0,4417.0,4384.892857142857
2,2021-01-08,4599,350,1,1,0,0,c,a,5834,2021,1,1,4,1,0,4651.0,4098.0,3795.0,4472.0,4410.892857142857
2,2021-01-09,3556,277,1,1,0,0,c,a,5834,2021,1,1,5,1,1,5208.0,4602.0,4039.0,4464.571428571428,4439.607142857143
2,2021-01-11,3521,285,1,0,0,0,c,a,5834,2021,1,2,0,1,0,3463.0,4978.0,4014.0,4228.571428571428,4422.357142857143
2,2021-01-12,5039,382,1,1,0,0,c,a,5834,2021,1,2,1,1,0,4643.0,5083.0,5464.0,4236.857142857143,4404.75
2,2021-01-13,4562,544,1,0,0,0,c,a,5834,2021,1,2,2,1,0,4100.0,3926.0,4370.0,4293.428571428572,4389.571428571428
2,2021-01-14,4072,338,1,0,0,0,c,a,5834,2021,1,2,3,1,0,4304.0,3678.0,4205.0,4359.428571428572,4396.428571428572
2,2021-01-15,3560,331,1,0,0,0,c,a,5834,2021,1,2,4,1,0,4935.0,4550.0,3851.0,4326.285714285715,4391.678571428572
2,2021-01-16,3178,250,1,0,0,0,c,a,5834,2021,1,2,5,1,1,4599.0,4651.0,4095.0,4129.857142857143,4381.285714285715
2,2021-01-18,5190,597,1,1,0,0,c,a,5834,2021,1,3,0,1,0,3556.0,5208.0,4755.0,3926.8571428571427,4348.535714285715
2,2021-01-19,4398,339,1,0,0,0,c,a,5834,2021,1,3,1,1,0,3521.0,3463.0,5586.0,4160.285714285715,4364.071428571428
2,2021-01-20,4549,356,1,0,0,0,c,a,5834,2021,1,3,2,1,0,5039.0,4643.0,4622.0,4285.571428571428,4321.642857142857
2,2021-01-21,4361,413,1,0,0,0,c,a,5834,2021,1,3,3,1,0,4562.0,4100.0,4515.0,4215.571428571428,4319.035714285715
2,2021-01-22,3870,283,1,0,0,0,c,a,5834,2021,1,3,4,1,0,4072.0,4304.0,4695.0,4186.857142857143,4313.535714285715
2,2021-01-23,3959,460,1,0,0,0,c,a,5834,2021,1,3,5,1,1,3560.0,4935.0,3280.0,4158.0,4284.071428571428
2,2021-01-25,4317,428,1,0,0,0,c,a,5834,2021,1,4,0,1,0,3178.0,4599.0,4098.0,4215.0,4308.321428571428
2,2021-01-26,5440,538,1,1,0,0,c,a,5834,2021,1,4,1,1,0,5190.0,3556.0,4602.0,4377.714285714285,4316.142857142857
2,2021-01-27,5383,516,1,1,0,0,c,a,5834,2021,1,4,2,1,0,4398.0,3521.0,4978.0,4413.428571428572,4346.071428571428
2,2021-01-28,5281,399,1,1,0,0,c,a,5834,2021,1,4,3,1,0,4549.0,5039.0,5083.0,4554.142857142857,4360.535714285715
2,2021-01-29,4149,373,1,1,0,0,c,a,5834,2021,1,4,4,1,0,4361.0,4562.0,3926.0,4658.714285714285,4367.607142857143
2,2021-01-30,4411,364,1,1,0,0,c,a,5834,2021,1,4,5,1,1,3870.0,4072.0,3678.0,4628.428571428572,4375.571428571428
2,2021-02-01,3900,432,1,0,0,0,c,a,5834,2021,2,5,0,1,0,3959.0,3560.0,4550.0,4705.714285714285,4401.75
2,2021-02-02,4308,409,1,0,0,0,c,a,5834,2021,2,5,1,1,0,4317.0,3178.0,4651.0,4697.285714285715,4378.535714285715
2,2021-02-03,4717,524,1,0,0,0,c,a,5834,2021,2,5,2,1,0,5440.0,5190.0,5208.0,4696.0,4366.285714285715
2,2021-02-04,3999,403,1,0,0,0,c,a,5834,2021,2,5,3,1,0,5383.0,4398.0,3463.0,4592.714285714285,4348.75
2,2021-02-05,3601,287,1,0,0,0,c,a,5834,2021,2,5,4,1,0,5281.0,4549.0,4643.0,4395.0,4367.892857142857
2,2021-02-06,4446,356,1,1,0,0,c,a,5834,2021,2,5,5,1,1,4149.0,4361.0,4100.0,4155.0,4330.678571428572
2,2021-02-08,4276,530,1,0,0,0,c,a,5834,2021,2,6,0,1,0,4411.0,3870.0,4304.0,4197.428571428572,4343.035714285715
2,2021-02-09,4839,369,1,0,0,0,c,a,5834,2021,2,6,1,1,0,3900.0,3959.0,4935.0,4178.142857142857,4342.035714285715
2,2021-02-10,4603,410,1,0,0,0,c,a,5834,2021,2,6,2,1,0,4308.0,4317.0,4599.0,4312.285714285715,4338.607142857143
2,2021-02-11,4554,369,1,0,0,0,c,a,5834,2021,2,6,3,1,0,4717.0,5440.0,3556.0,4354.428571428572,4338.75
2,2021-02-12,4201,386,1,0,0,0,c,a,5834,2021,2,6,4,1,0,3999.0,5383.0,3521.0,4331.142857142857,4374.392857142857
2,2021-02-13,4378,420,1,1,0,0,c,a,5834,2021,2,6,5,1,1,3601.0,5281.0,5039.0,4360.0,4398.678571428572
2,2021-02-15,3934,384,1,0,0,0,c,a,5834,2021,2,7,0,1,0,4446.0,4149.0,4562.0,4471.0,4375.071428571428
2,2021-02-16,4804,394,1,0,0,0,c,a,5834,2021,2,7,1,1,0,4276.0,4411.0,4072.0,4397.857142857143,4352.642857142857
2,2021-02-17,5675,596,1,1,0,0,c,a,5834,2021,2,7,2,1,0,4839.0,3900.0,3560.0,4473.285714285715,4378.785714285715
2,2021-02-18,4556,348,1,0,0,0,c,a,5834,2021,2,7,3,1,0,4603.0,4308.0,3178.0,4592.714285714285,4454.321428571428
2,2021-02-19,3995,287,1,0,0,0,c,a,5834,2021,2,7,4,1,0,4554.0,4717.0,5190.0,4586.0,4503.535714285715
2,2021-02-20,4710,366,1,1,0,0,c,a,5834,2021,2,7,5,1,1,4201.0,3999.0,4398.0,4506.142857142857,4460.857142857143
2,2021-02-22,3589,303,1,0,0,0,c,a,5834,2021,2,8,0,1,0,4378.0,3601.0,4549.0,4578.857142857143,4472.0
2,2021-02-23,5686,651,1,1,0,0,c,a,5834,2021,2,8,1,1,0,3934.0,4446.0,4361.0,4466.142857142857,4437.714285714285
2,2021-02-24,5704,521,1,1,0,0,c,a,5834,2021,2,8,2,1,0,4804.0,4276.0,3870.0,4716.428571428572,4485.035714285715
2,2021-02-25,5093,592,1,1,0,0,c,a,5834,2021,2,8,3,1,0,5675.0,4839.0,3959.0,4845.0,4550.535714285715
2,2021-02-26,3769,320,1,0,0,0,c,a,5834,2021,2,8,4,1,0,4556.0,4603.0,4317.0,4761.857142857143,4591.035714285715
2,2021-02-27,4854,347,1,1,0,0,c,a,5834,2021,2,8,5,1,1,3995.0,4554.0,5440.0,4649.428571428572,4571.464285714285
2,2021-03-01,4201,404,1,0,0,0,c,a,5834,2021,3,9,0,1,0,4710.0,4201.0,5383.0,4772.142857142857,4550.535714285715
2,2021-03-02,4577,496,1,0,0,0,c,a,5834,2021,3,9,1,1,0,3589.0,4378.0,5281.0,4699.428571428572,4508.321428571428
2,2021-03-03,5581,591,1,1,0,0,c,a,5834,2021,3,9,2,1,0,5686.0,3934.0,4149.0,4840.571428571428,4483.178571428572
2,2021-03-04,5083,429,1,1,0,0,c,a,5834,2021,3,9,3,1,0,5704.0,4804.0,4411.0,4825.571428571428,4534.321428571428
2,2021-03-05,5175,434,1,1,0,0,c,a,5834,2021,3,9,4,1,0,5093.0,5675.0,3900.0,4736.857142857143,4558.321428571428
2,2021-03-06,4412,381,1,0,0,0,c,a,5834,2021,3,9,5,1,1,3769.0,4556.0,4308.0,4748.571428571428,4603.857142857143
2,2021-03-08,4415,452,1,0,0,0,c,a,5834,2021,3,10,0,1,0,4854.0,3995.0,4717.0,4840.428571428572,4607.571428571428
2,2021-03-09,5694,606,1,1,0,0,c,a,5834,2021,3,10,1,1,0,4201.0,4710.0,3999.0,4777.714285714285,4596.785714285715
2,2021-03-10,5533,635,1,0,0,0,c,a,5834,2021,3,10,2,1,0,4577.0,3589.0,3601.0,4991.0,4657.321428571428
2,2021-03-11,5347,405,1,1,0,0,c,a,5834,2021,3,10,3,1,0,5581.0,5686.0,4446.0,5127.571428571428,4726.321428571428
2,2021-03-12,5515,651,1,1,0,0,c,a,5834,2021,3,10,4,1,0,5083.0,5704.0,4276.0,5094.142857142857,4758.5
2,2021-03-13,3870,336,1,0,0,0,c,a,5834,2021,3,10,5,1,1,5175.0,5093.0,4839.0,5155.857142857143,4802.75
2,2021-03-15,4645,371,1,0,0,0,c,a,5834,2021,3,11,0,1,0,4412.0,3769.0,4603.0,4969.428571428572,4768.142857142857
2,2021-03-16,5513,497,1,0,0,0,c,a,5834,2021,3,11,1,1,0,4415.0,4854.0,4554.0,5002.714285714285,4769.642857142857
2,2021-03-17,5464,487,1,1,0,0,c,a,5834,2021,3,11,2,1,0,5694.0,4201.0,4201.0,5159.571428571428,4803.892857142857
2,2021-03-18,5646,529,1,1,0,0,c,a,5834,2021,3,11,3,1,0,5533.0,4577.0,4378.0,5126.714285714285,4849.0
2,2021-03-19,5247,418,1,1,0,0,c,a,5834,2021,3,11,4,1,0,5347.0,5581.0,3934.0,5142.857142857143,4894.285714285715
2,2021-03-20,4481,339,1,1,0,0,c,a,5834,2021,3,11,5,1,1,5515.0,5083.0,4804.0,5128.571428571428,4941.178571428572
2,2021-03-22,5336,652,1,1,0,0,c,a,5834,2021,3,12,0,1,0,3870.0,5175.0,5675.0,4980.857142857143,4929.642857142857
2,2021-03-23,6023,454,1,1,0,0,c,a,5834,2021,3,12,1,1,0,4645.0,4412.0,4556.0,5190.285714285715,4917.535714285715
2,2021-03-24,5185,498,1,0,0,0,c,a,5834,2021,3,12,2,1,0,5513.0,4415.0,3995.0,5387.142857142857,4969.928571428572
2,2021-03-25,5314,407,1,0,0,0,c,a,5834,2021,3,12,3,1,0,5464.0,5694.0,4710.0,5340.285714285715,5012.428571428572
2,2021-03-26,5096,459,1,1,0,0,c,a,5834,2021,3,12,4,1,0,5646.0,5533.0,3589.0,5318.857142857143,5034.0
2,2021-03-27,5250,379,1,1,0,0,c,a,5834,2021,3,12,5,1,1,5247.0,5347.0,5686.0,5240.285714285715,5087.821428571428
2,2021-03-29,5193,645,1,0,0,0,c,a,5834,2021,3,13,0,1,0,4481.0,5515.0,5704.0,5240.714285714285,5072.25
2,2021-03-30,5204,521,1,0,0,0,c,a,5834,2021,3,13,1,1,0,5336.0,3870.0,5093.0,5342.428571428572,5054.0
2,2021-03-31,4990,493,1,0,0,0,c,a,5834,2021,3,13,2,1,0,6023.0,4645.0,3769.0,5323.571428571428,5057.964285714285
2,2021-04-01,5930,532,1,1,0,0,c,a,5834,2021,4,13,3,2,0,5185.0,5513.0,4854.0,5176.0,5101.571428571428
2,2021-04-03,4421,351,1,0,0,0,c,a,5834,2021,4,13,5,2,1,5314.0,5464.0,4201.0,5282.428571428572,5140.0
2,2021-04-05,5091,614,1,0,0,0,c,a,5834,2021,4,14,0,2,0,5096.0,5646.0,4577.0,5154.857142857143,5147.857142857143
2,2021-04-06,5347,392,1,0,0,0,c,a,5834,2021,4,14,1,2,0,5250.0,5247.0,5581.0,5154.142857142857,5166.214285714285
2,2021-04-07,5209,534,1,0,0,0,c,a,5834,2021,4,14,2,2,0,5193.0,4481.0,5083.0,5168.0,5157.857142857143
2,2021-04-08,6215,544,1,1,0,0,c,a,5834,2021,4,14,3,2,0,5204.0,5336.0,5175.0,5170.285714285715,5162.357142857143
2,2021-04-09,5405,388,1,1,0,0,c,a,5834,2021,4,14,4,2,0,4990.0,6023.0,4412.0,5314.714285714285,5199.5
2,2021-04-10,4763,374,1,0,0,0,c,a,5834,2021,4,14,5,2,1,5930.0,5185.0,4415.0,5374.0,5234.964285714285
2,2021-04-12,5105,373,1,0,0,0,c,a,5834,2021,4,15,0,2,0,4421.0,5314.0,5694.0,5207.285714285715,5247.392857142857
2,2021-04-13,5843,610,1,0,0,0,c,a,5834,2021,4,15,1,2,0,5091.0,5096.0,5533.0,5305.0,5226.357142857143
2,2021-04-14,5725,575,1,0,0,0,c,a,5834,2021,4,15,2,2,0,5347.0,5250.0,5347.0,5412.428571428572,5237.428571428572
2,2021-04-15,6417,556,1,1,0,0,c,a,5834,2021,4,15,3,2,0,5209.0,5193.0,5515.0,5466.428571428572,5250.928571428572
2,2021-04-16,6022,581,1,1,0,0,c,a,5834,2021,4,15,4,2,0,6215.0,5204.0,3870.0,5639.0,5283.142857142857
2,2021-04-17,4384,522,1,0,0,0,c,a,5834,2021,4,15,5,2,1,5405.0,4990.0,4645.0,5611.428571428572,5360.0
2,2021-04-19,5595,643,1,0,0,0,c,a,5834,2021,4,16,0,2,0,4763.0,5930.0,5513.0,5465.571428571428,5350.678571428572
2,2021-04-20,7061,681,1,1,0,0,c,a,5834,2021,4,16,1,2,0,5105.0,4421.0,5464.0,5584.428571428572,5353.607142857143
2,2021-04-21,5736,568,1,0,0,0,c,a,5834,2021,4,16,2,2,0,5843.0,5091.0,5646.0,5863.857142857143,5410.642857142857
2,2021-04-22,6539,541,1,1,0,0,c,a,5834,2021,4,16,3,2,0,5725.0,5347.0,5247.0,5848.571428571428,5413.857142857143
2,2021-04-23,5936,509,1,1,0,0,c,a,5834,2021,4,16,4,2,0,6417.0,5209.0,4481.0,5964.857142857143,5460.0
2,2021-04-24,6146,491,1,1,0,0,c,a,5834,2021,4,16,5,2,1,6022.0,6215.0,5336.0,5896.142857142857,5511.964285714285
2,2021-04-26,5422,410,1,0,0,0,c,a,5834,2021,4,17,0,2,0,4384.0,5405.0,6023.0,5913.857142857143,5540.892857142857
2,2021-04-27,6775,789,1,1,0,0,c,a,5834,2021,4,17,1,2,0,5595.0,4763.0,5185.0,6062.142857142857,5519.428571428572
2,2021-04-28,5824,663,1,0,0,0,c,a,5834,2021,4,17,2,2,0,7061.0,5105.0,5314.0,6230.714285714285,5576.214285714285
2,2021-04-29,5468,559,1,0,0,0,c,a,5834,2021,4,17,3,2,0,5736.0,5843.0,5096.0,6054.0,5594.428571428572
2,2021-04-30,5048,420,1,0,0,0,c,a,5834,2021,4,17,4,2,0,6539.0,5725.0,5250.0,6015.714285714285,5607.714285714285
2,2021-05-01,4927,609,1,0,0,0,c,a,5834,2021,5,17,5,2,1,5936.0,6417.0,5193.0,5802.714285714285,5600.5
2,2021-05-03,6386,781,1,1,0,0,c,a,5834,2021,5,18,0,2,0,6146.0,6022.0,5204.0,5658.571428571428,5591.0
2,2021-05-04,5871,529,1,0,0,0,c,a,5834,2021,5,18,1,2,0,5422.0,4384.0,4990.0,5692.857142857143,5633.214285714285
2,2021-05-05,6824,680,1,1,0,0,c,a,5834,2021,5,18,2,2,0,6775.0,5595.0,5930.0,5757.0,5664.678571428572
2,2021-05-06,6748,716,1,1,0,0,c,a,5834,2021,5,18,3,2,0,5824.0,7061.0,4421.0,5764.0,5696.607142857143
2,2021-05-07,5022,551,1,0,0,0,c,a,5834,2021,5,18,4,2,0,5468.0,5736.0,5091.0,5896.0,5779.714285714285
2,2021-05-08,5286,623,1,0,0,0,c,a,5834,2021,5,18,5,2,1,5048.0,6539.0,5347.0,5832.285714285715,5777.25
2,2021-05-10,6397,536,1,1,0,0,c,a,5834,2021,5,19,0,2,0,4927.0,5936.0,5209.0,5866.285714285715,5775.071428571428
2,2021-05-11,6757,498,1,1,0,0,c,a,5834,2021,5,19,1,2,0,6386.0,6146.0,6215.0,6076.285714285715,5817.5
2,2021-05-12,6515,630,1,1,0,0,c,a,5834,2021,5,19,2,2,0,5871.0,5422.0,5405.0,6129.285714285715,5836.857142857143
2,2021-05-13,5965,484,1,0,0,0,c,a,5834,2021,5,19,3,2,0,6824.0,6775.0,4763.0,6221.285714285715,5876.5
2,2021-05-14,4874,420,1,0,0,0,c,a,5834,2021,5,19,4,2,0,6748.0,5824.0,5105.0,6098.571428571428,5919.428571428572
2,2021-05-15,6450,495,1,1,0,0,c,a,5834,2021,5,19,5,2,1,5022.0,5468.0,5843.0,5830.857142857143,5911.178571428572
2,2021-05-17,5652,423,1,0,0,0,c,a,5834,2021,5,20,0,2,0,5286.0,5048.0,5725.0,6034.857142857143,5932.857142857143
2,2021-05-18,5916,678,1,0,0,0,c,a,5834,2021,5,20,1,2,0,6397.0,4927.0,6417.0,6087.142857142857,5930.25
2,2021-05-19,5975,691,1,0,0,0,c,a,5834,2021,5,20,2,2,0,6757.0,6386.0,6022.0,6018.428571428572,5912.357142857143
2,2021-05-20,6874,829,1,1,0,0,c,a,5834,2021,5,20,3,2,0,6515.0,5871.0,4384.0,5906.714285714285,5910.678571428572
2,2021-05-21,6096,496,1,1,0,0,c,a,5834,2021,5,20,4,2,0,5965.0,6824.0,5595.0,5958.0,5999.607142857143
2,2021-05-22,5133,404,1,0,0,0,c,a,5834,2021,5,20,5,2,1,4874.0,6748.0,7061.0,5976.714285714285,6017.5
2,2021-05-24,6147,518,1,0,0,0,c,a,5834,2021,5,21,0,2,0,6450.0,5022.0,5736.0,6013.714285714285,5948.642857142857
2,2021-05-25,6908,629,1,1,0,0,c,a,5834,2021,5,21,1,2,0,5652.0,5286.0,6539.0,5970.428571428572,5963.321428571428
2,2021-05-26,6568,599,1,0,0,0,c,a,5834,2021,5,21,2,2,0,5916.0,6397.0,5936.0,6149.857142857143,5976.5
2,2021-05-27,6623,546,1,1,0,0,c,a,5834,2021,5,21,3,2,0,5975.0,6757.0,6146.0,6243.0,5999.071428571428
2,2021-05-28,5903,561,1,1,0,0,c,a,5834,2021,5,21,4,2,0,6874.0,6515.0,5422.0,6335.571428571428,6016.107142857143
2,2021-05-29,5230,600,1,0,0,0,c,a,5834,2021,5,21,5,2,1,6096.0,5965.0,6775.0,6196.857142857143,6033.285714285715
2,2021-05-31,5884,539,1,0,0,0,c,a,5834,2021,5,22,0,2,0,5133.0,4874.0,5824.0,6073.142857142857,5978.107142857143
2,2021-06-01,6369,746,1,0,0,0,c,a,5834,2021,6,22,1,2,0,6147.0,6450.0,5468.0,6180.428571428572,5980.25
2,2021-06-02,7093,736,1,1,0,0,c,a,5834,2021,6,22,2,2,0,6908.0,5652.0,5048.0,6212.142857142857,6012.428571428572
2,2021-06-03,6564,497,1,1,0,0,c,a,5834,2021,6,22,3,2,0,6568.0,5916.0,4927.0,6238.571428571428,6085.464285714285
2,2021-06-04,6410,609,1,1,0,0,c,a,5834,2021,6,22,4,2,0,6623.0,5975.0,6386.0,6238.0,6143.928571428572
2,2021-06-05,5549,546,1,0,0,0,c,a,5834,2021,6,22,5,2,1,5903.0,6874.0,5871.0,6207.571428571428,6144.785714285715
2,2021-06-07,5530,522,1,0,0,0,c,a,5834,2021,6,23,0,2,0,5230.0,6096.0,6824.0,6157.0,6133.285714285715
2,2021-06-08,5954,633,1,0,0,0,c,a,5834,2021,6,23,1,2,0,5884.0,5133.0,6748.0,6199.857142857143,6087.071428571428
2,2021-06-09,7389,529,1,1,0,0,c,a,5834,2021,6,23,2,2,0,6369.0,6147.0,5022.0,6209.857142857143,6058.714285714285
2,2021-06-10,6765,512,1,1,0,0,c,a,5834,2021,6,23,3,2,0,7093.0,6908.0,5286.0,6355.571428571428,6143.25
2,2021-06-11,5439,616,1,0,0,0,c,a,5834,2021,6,23,4,2,0,6564.0,6568.0,6397.0,6308.714285714285,6196.071428571428
2,2021-06-12,6473,602,1,1,0,0,c,a,5834,2021,6,23,5,2,1,6410.0,6623.0,6757.0,6148.0,6161.857142857143
2,2021-06-14,6572,620,1,0,0,0,c,a,5834,2021,6,24,0,2,0,5549.0,5903.0,6515.0,6157.0,6151.714285714285
2,2021-06-15,7684,849,1,1,0,0,c,a,5834,2021,6,24,1,2,0,5530.0,5230.0,5965.0,6303.142857142857,6153.75
2,2021-06-16,6467,526,1,0,0,0,c,a,5834,2021,6,24,2,2,0,5954.0,5884.0,4874.0,6610.857142857143,6215.142857142857
2,2021-06-17,6105,624,1,0,0,0,c,a,5834,2021,6,24,3,2,0,7389.0,6369.0,6450.0,6684.142857142857,6272.035714285715
2,2021-06-18,6358,726,1,1,0,0,c,a,5834,2021,6,24,4,2,0,6765.0,7093.0,5652.0,6500.714285714285,6259.714285714285
2,2021-06-19,6157,543,1,1,0,0,c,a,5834,2021,6,24,5,2,1,5439.0,6564.0,5916.0,6442.571428571428,6284.928571428572
2,2021-06-21,5701,531,1,0,0,0,c,a,5834,2021,6,25,0,2,0,6473.0,6410.0,5975.0,6545.142857142857,6293.535714285715
2,2021-06-22,6602,672,1,0,0,0,c,a,5834,2021,6,25,1,2,0,6572.0,5549.0,6874.0,6434.857142857143,6283.75
2,2021-06-23,6881,584,1,1,0,0,c,a,5834,2021,6,25,2,2,0,7684.0,5530.0,6096.0,6439.142857142857,6274.035714285715
2,2021-06-24,6142,487,1,0,0,0,c,a,5834,2021,6,25,3,2,0,6467.0,5954.0,5133.0,6324.428571428572,6302.071428571428
2,2021-06-25,5483,427,1,0,0,0,c,a,5834,2021,6,25,4,2,0,6105.0,7389.0,6147.0,6278.0,6338.107142857143
2,2021-06-26,5337,545,1,0,0,0,c,a,5834,2021,6,25,5,2,1,6358.0,6765.0,6908.0,6189.142857142857,6314.392857142857
2,2021-06-28,6221,587,1,0,0,0,c,a,5834,2021,6,26,0,2,0,6157.0,5439.0,6568.0,6043.285714285715,6258.285714285715
2,2021-06-29,7131,619,1,1,0,0,c,a,5834,2021,6,26,1,2,0,5701.0,6473.0,6623.0,6052.428571428572,6245.892857142857
2,2021-06-30,6405,574,1,0,0,0,c,a,5834,2021,6,26,2,2,0,6602.0,6572.0,5903.0,6256.714285714285,6264.035714285715
2,2021-07-01,7515,708,1,1,0,1,c,a,5834,2021,7,26,3,3,0,6881.0,7684.0,5230.0,6228.571428571428,6281.964285714285
2,2021-07-02,5969,479,1,0,0,1,c,a,5834,2021,7,26,4,3,0,6142.0,6467.0,5884.0,6319.142857142857,6363.571428571428
2,2021-07-03,6873,737,1,1,0,1,c,a,5834,2021,7,26,5,3,1,5483.0,6105.0,6369.0,6294.428571428572,6366.607142857143
2,2021-07-05,5852,436,1,0,0,1,c,a,5834,2021,7,27,0,3,0,5337.0,6358.0,7093.0,6493.0,6384.607142857143
2,2021-07-06,7069,511,1,0,0,1,c,a,5834,2021,7,27,1,3,0,6221.0,6157.0,6564.0,6566.571428571428,6340.285714285715
2,2021-07-07,6725,609,1,0,0,1,c,a,5834,2021,7,27,2,3,0,7131.0,5701.0,6410.0,6687.714285714285,6358.321428571428
2,2021-07-08,7324,679,1,1,0,1,c,a,5834,2021,7,27,3,3,0,6405.0,6602.0,5549.0,6629.714285714285,6369.571428571428
2,2021-07-09,6536,562,1,1,0,1,c,a,5834,2021,7,27,4,3,0,7515.0,6881.0,5530.0,6761.0,6432.964285714285
2,2021-07-10,6447,639,1,1,0,1,c,a,5834,2021,7,27,5,3,1,5969.0,6142.0,5954.0,6621.142857142857,6468.892857142857
2,2021-07-12,5874,686,1,0,0,1,c,a,5834,2021,7,28,0,3,0,6873.0,5483.0,7389.0,6689.428571428572,6486.5
2,2021-07-13,7592,675,1,1,0,1,c,a,5834,2021,7,28,1,3,0,5852.0,5337.0,6765.0,6546.714285714285,6432.392857142857
2,2021-07-14,7128,565,1,0,0,1,c,a,5834,2021,7,28,2,3,0,7069.0,6221.0,5439.0,6795.285714285715,6461.928571428572
2,2021-07-15,6983,813,1,1,0,1,c,a,5834,2021,7,28,3,3,0,6725.0,7131.0,6473.0,6803.714285714285,6522.25
2,2021-07-16,6132,530,1,0,0,1,c,a,5834,2021,7,28,4,3,0,7324.0,6405.0,6572.0,6840.571428571428,6540.464285714285
2,2021-07-17,6525,513,1,1,0,1,c,a,5834,2021,7,28,5,3,1,6536.0,7515.0,7684.0,6670.285714285715,6524.75
2,2021-07-19,7436,770,1,1,0,1,c,a,5834,2021,7,29,0,3,0,6447.0,5969.0,6467.0,6668.714285714285,6483.357142857143
2,2021-07-20,6635,492,1,0,0,1,c,a,5834,2021,7,29,1,3,0,5874.0,6873.0,6105.0,6810.0,6517.964285714285
2,2021-07-21,7813,652,1,1,0,1,c,a,5834,2021,7,29,2,3,0,7592.0,5852.0,6358.0,6918.714285714285,6536.892857142857
2,2021-07-22,7583,770,1,1,0,1,c,a,5834,2021,7,29,3,3,0,7128.0,7069.0,6157.0,6950.285714285715,6588.857142857143
2,2021-07-23,6279,624,1,0,0,1,c,a,5834,2021,7,29,4,3,0,6983.0,6725.0,5701.0,7015.285714285715,6639.785714285715
2,2021-07-24,6646,480,1,1,0,1,c,a,5834,2021,7,29,5,3,1,6132.0,7324.0,6602.0,6914.714285714285,6660.428571428572
2,2021-07-26,6865,626,1,1,0,1,c,a,5834,2021,7,30,0,3,0,6525.0,6536.0,6881.0,6988.142857142857,6662.0
2,2021-07-27,7515,657,1,1,0,1,c,a,5834,2021,7,30,1,3,0,7436.0,6447.0,6142.0,7036.714285714285,6661.428571428572
2,2021-07-28,7252,532,1,0,0,1,c,a,5834,2021,7,30,2,3,0,6635.0,5874.0,5483.0,7048.0,6710.464285714285
2,2021-07-29,6992,698,1,0,0,1,c,a,5834,2021,7,30,3,3,0,7813.0,7592.0,5337.0,7136.142857142857,6773.642857142857
2,2021-07-30,5759,488,1,0,0,1,c,a,5834,2021,7,30,4,3,0,7583.0,7128.0,6221.0,7018.857142857143,6832.75
2,2021-07-31,5647,485,1,0,0,1,c,a,5834,2021,7,30,5,3,1,6279.0,6983.0,7131.0,6758.285714285715,6816.25
2,2021-08-02,7536,675,1,1,0,1,c,a,5834,2021,8,31,0,3,0,6646.0,6132.0,6405.0,6668.0,6763.25
2,2021-08-03,7778,629,1,1,0,1,c,a,5834,2021,8,31,1,3,0,6865.0,6525.0,7515.0,6795.142857142857,6803.642857142857
2,2021-08-04,7793,852,1,1,0,1,c,a,5834,2021,8,31,2,3,0,7515.0,7436.0,5969.0,6925.571428571428,6813.035714285715
2,2021-08-05,6344,725,1,0,0,1,c,a,5834,2021,8,31,3,3,0,7252.0,6635.0,6873.0,6965.285714285715,6878.178571428572
2,2021-08-06,6037,697,1,0,0,1,c,a,5834,2021,8,31,4,3,0,6992.0,7813.0,5852.0,6835.571428571428,6859.285714285715
2,2021-08-07,5537,579,1,0,0,1,c,a,5834,2021,8,31,5,3,1,5759.0,7583.0,7069.0,6699.142857142857,6865.892857142857
2,2021-08-09,7097,577,1,1,0,1,c,a,5834,2021,8,32,0,3,0,5647.0,6279.0,6725.0,6667.428571428572,6811.178571428572
2,2021-08-10,7487,771,1,1,0,1,c,a,5834,2021,8,32,1,3,0,7536.0,6646.0,7324.0,6874.571428571428,6824.464285714285
2,2021-08-11,7686,781,1,1,0,1,c,a,5834,2021,8,32,2,3,0,7778.0,6865.0,6536.0,6867.571428571428,6830.285714285715
2,2021-08-12,6976,629,1,1,0,1,c,a,5834,2021,8,32,3,3,0,7793.0,7515.0,6447.0,6854.428571428572,6871.357142857143
2,2021-08-13,5861,587,1,0,0,1,c,a,5834,2021,8,32,4,3,0,6344.0,7252.0,5874.0,6737.714285714285,6890.25
2,2021-08-14,6657,790,1,1,0,1,c,a,5834,2021,8,32,5,3,1,6037.0,6992.0,7592.0,6668.714285714285,6889.785714285715
2,2021-08-16,6681,519,1,1,0,1,c,a,5834,2021,8,33,0,3,0,5537.0,5759.0,7128.0,6757.285714285715,6856.392857142857
2,2021-08-17,7505,765,1,1,0,1,c,a,5834,2021,8,33,1,3,0,7097.0,5647.0,6983.0,6920.714285714285,6840.428571428572
2,2021-08-18,6556,618,1,0,0,1,c,a,5834,2021,8,33,2,3,0,7487.0,7536.0,6132.0,6979.0,6859.071428571428
2,2021-08-19,6423,690,1,0,0,1,c,a,5834,2021,8,33,3,3,0,7686.0,7778.0,6525.0,6846.0,6874.214285714285
2,2021-08-20,6784,818,1,1,0,1,c,a,5834,2021,8,33,4,3,0,6976.0,7793.0,7436.0,6665.571428571428,6870.571428571428
2,2021-08-21,5593,587,1,0,0,1,c,a,5834,2021,8,33,5,3,1,5861.0,6344.0,6635.0,6638.142857142857,6847.285714285715
2,2021-08-23,6578,574,1,1,0,1,c,a,5834,2021,8,34,0,3,0,6657.0,6037.0,7813.0,6599.857142857143,6810.071428571428
2,2021-08-24,6366,472,1,0,0,1,c,a,5834,2021,8,34,1,3,0,6681.0,5537.0,7583.0,6588.571428571428,6765.964285714285
2,2021-08-25,7698,856,1,1,0,1,c,a,5834,2021,8,34,2,3,0,7505.0,7097.0,6279.0,6543.571428571428,6722.5
2,2021-08-26,5669,427,1,0,0,1,c,a,5834,2021,8,34,3,3,0,6556.0,7487.0,6646.0,6571.142857142857,6773.178571428572
2,2021-08-27,5552,405,1,0,0,1,c,a,5834,2021,8,34,4,3,0,6423.0,7686.0,6865.0,6444.428571428572,6738.285714285715
2,2021-08-28,4932,437,1,0,0,1,c,a,5834,2021,8,34,5,3,1,6784.0,6976.0,7515.0,6320.0,6691.392857142857
2,2021-08-30,6861,750,1,1,0,1,c,a,5834,2021,8,35,0,3,0,5593.0,5861.0,7252.0,6055.428571428572,6599.142857142857
2,2021-08-31,6057,469,1,0,0,1,c,a,5834,2021,8,35,1,3,0,6578.0,6657.0,6992.0,6236.571428571428,6585.178571428572
2,2021-09-01,5978,522,1,0,0,0,c,a,5834,2021,9,35,2,3,0,6366.0,6681.0,5759.0,6162.142857142857,6551.785714285715
2,2021-09-02,5387,511,1,0,0,0,c,a,5834,2021,9,35,3,3,0,7698.0,7505.0,5647.0,6106.714285714285,6559.607142857143
2,2021-09-03,5166,416,1,0,0,0,c,a,5834,2021,9,35,4,3,0,5669.0,6556.0,7536.0,5776.571428571428,6550.321428571428
2,2021-09-04,5447,578,1,1,0,0,c,a,5834,2021,9,35,5,3,1,5552.0,6423.0,7778.0,5704.714285714285,6465.678571428572
2,2021-09-06,5389,616,1,0,0,0,c,a,5834,2021,9,36,0,3,0,4932.0,6784.0,7793.0,5689.714285714285,6382.428571428572
2,2021-09-07,5590,671,1,0,0,0,c,a,5834,2021,9,36,1,3,0,6861.0,5593.0,6344.0,5755.0,6296.571428571428
2,2021-09-08,5694,660,1,0,0,0,c,a,5834,2021,9,36,2,3,0,6057.0,6578.0,6037.0,5573.428571428572,6269.642857142857
2,2021-09-09,5688,643,1,0,0,0,c,a,5834,2021,9,36,3,3,0,5978.0,6366.0,5537.0,5521.571428571428,6257.392857142857
2,2021-09-10,4257,423,1,0,0,0,c,a,5834,2021,9,36,4,3,0,5387.0,7698.0,7097.0,5480.142857142857,6262.785714285715
2,2021-09-11,4724,389,1,0,0,0,c,a,5834,2021,9,36,5,3,1,5166.0,5669.0,7487.0,5318.714285714285,6161.357142857143
2,2021-09-13,5195,590,1,0,0,0,c,a,5834,2021,9,37,0,3,0,5447.0,5552.0,7686.0,5255.571428571428,6062.678571428572
2,2021-09-14,6292,478,1,1,0,0,c,a,5834,2021,9,37,1,3,0,5389.0,4932.0,6976.0,5219.571428571428,5973.714285714285
2,2021-09-15,6435,601,1,1,0,0,c,a,5834,2021,9,37,2,3,0,5590.0,6861.0,5861.0,5348.571428571428,5949.285714285715
2,2021-09-16,5205,486,1,0,0,0,c,a,5834,2021,9,37,3,3,0,5694.0,6057.0,6657.0,5469.285714285715,5969.785714285715
2,2021-09-17,5853,426,1,1,0,0,c,a,5834,2021,9,37,4,3,0,5688.0,5978.0,6681.0,5399.428571428572,5917.928571428572
2,2021-09-18,4482,338,1,0,0,0,c,a,5834,2021,9,37,5,3,1,4257.0,5387.0,7505.0,5423.0,5888.357142857143
2,2021-09-20,5805,723,1,0,0,0,c,a,5834,2021,9,38,0,3,0,4724.0,5166.0,6556.0,5455.142857142857,5780.392857142857
2,2021-09-21,5197,407,1,0,0,0,c,a,5834,2021,9,38,1,3,0,5195.0,5447.0,6423.0,5609.571428571428,5753.571428571428
2,2021-09-22,6223,635,1,1,0,0,c,a,5834,2021,9,38,2,3,0,6292.0,5389.0,6784.0,5609.857142857143,5709.785714285715
2,2021-09-23,5300,640,1,0,0,0,c,a,5834,2021,9,38,3,3,0,6435.0,5590.0,5593.0,5600.0,5689.75
2,2021-09-24,5749,426,1,1,0,0,c,a,5834,2021,9,38,4,3,0,5205.0,5694.0,6578.0,5437.857142857143,5679.285714285715
2,2021-09-25,4463,369,1,0,0,0,c,a,5834,2021,9,38,5,3,1,5853.0,5688.0,6366.0,5515.571428571428,5649.678571428572
2,2021-09-27,4820,566,1,0,0,0,c,a,5834,2021,9,39,0,3,0,4482.0,4257.0,7698.0,5317.0,5581.714285714285
2,2021-09-28,6183,498,1,1,0,0,c,a,5834,2021,9,39,1,3,0,5805.0,4724.0,5669.0,5365.285714285715,5478.928571428572
2,2021-09-29,5510,593,1,0,0,0,c,a,5834,2021,9,39,2,3,0,5197.0,5195.0,5552.0,5419.285714285715,5497.285714285715
2,2021-09-30,5908,690,1,1,0,0,c,a,5834,2021,9,39,3,3,0,6223.0,6292.0,4932.0,5464.0,5495.785714285715
2,2021-10-01,4488,426,1,0,0,0,c,a,5834,2021,10,39,4,4,0,5300.0,6435.0,6861.0,5419.0,5530.642857142857
2,2021-10-02,4548,515,1,0,0,0,c,a,5834,2021,10,39,5,4,1,5749.0,5205.0,6057.0,5303.0,5445.892857142857
2,2021-10-04,5001,616,1,0,0,0,c,a,5834,2021,10,40,0,4,0,4463.0,5853.0,5978.0,5131.428571428572,5392.0
2,2021-10-05,5717,449,1,0,0,0,c,a,5834,2021,10,40,1,4,0,4820.0,4482.0,5387.0,5208.285714285715,5357.107142857143
2,2021-10-06,5701,579,1,0,0,0,c,a,5834,2021,10,40,2,4,0,6183.0,5805.0,5166.0,5336.428571428572,5368.892857142857
2,2021-10-07,5168,371,1,0,0,0,c,a,5834,2021,10,40,3,4,0,5510.0,5197.0,5447.0,5267.571428571428,5388.0
2,2021-10-08,4429,353,1,0,0,0,c,a,5834,2021,10,40,4,4,0,5908.0,6223.0,5389.0,5218.714285714285,5378.035714285715
2,2021-10-09,4346,443,1,0,0,0,c,a,5834,2021,10,40,5,4,1,4488.0,5300.0,5590.0,5007.428571428572,5343.75
2,2021-10-11,4517,382,1,0,0,0,c,a,5834,2021,10,41,0,4,0,4548.0,5749.0,5694.0,4987.142857142857,5299.321428571428
2,2021-10-12,5777,432,1,1,0,0,c,a,5834,2021,10,41,1,4,0,5001.0,4463.0,5688.0,4982.714285714285,5257.285714285715
2,2021-10-13,5737,466,1,1,0,0,c,a,5834,2021,10,41,2,4,0,5717.0,4820.0,4257.0,5093.571428571428,5260.464285714285
2,2021-10-14,4924,415,1,0,0,0,c,a,5834,2021,10,41,3,4,0,5701.0,6183.0,4724.0,5096.428571428572,5313.321428571428
2,2021-10-15,4520,422,1,0,0,0,c,a,5834,2021,10,41,4,4,0,5168.0,5510.0,5195.0,4985.428571428572,5320.464285714285
2,2021-10-16,4291,322,1,0,0,0,c,a,5834,2021,10,41,5,4,1,4429.0,5908.0,6292.0,4892.857142857143,5296.357142857143
2,2021-10-18,5238,572,1,1,0,0,c,a,5834,2021,10,42,0,4,0,4346.0,4488.0,6435.0,4873.142857142857,5224.892857142857
2,2021-10-19,5642,695,1,1,0,0,c,a,5834,2021,10,42,1,4,0,4517.0,4548.0,5205.0,5000.571428571428,5182.142857142857
2,2021-10-20,6458,472,1,1,0,0,c,a,5834,2021,10,42,2,4,0,5777.0,5001.0,5853.0,5161.285714285715,5197.75
2,2021-10-21,6056,658,1,1,0,0,c,a,5834,2021,10,42,3,4,0,5737.0,5717.0,4482.0,5258.571428571428,5219.357142857143
2,2021-10-22,4499,360,1,1,0,0,c,a,5834,2021,10,42,4,4,0,4924.0,5701.0,5805.0,5304.142857142857,5275.571428571428
2,2021-10-23,3960,285,1,0,0,0,c,a,5834,2021,10,42,5,4,1,4520.0,5168.0,5197.0,5243.428571428572,5228.928571428572
2,2021-10-25,4764,525,1,0,0,0,c,a,5834,2021,10,43,0,4,0,4291.0,4429.0,6223.0,5163.428571428572,5184.75
2,2021-10-26,4815,419,1,0,0,0,c,a,5834,2021,10,43,1,4,0,5238.0,4346.0,5300.0,5231.0,5132.642857142857
2,2021-10-27,5955,478,1,1,0,0,c,a,5834,2021,10,43,2,4,0,5642.0,4517.0,5749.0,5170.571428571428,5115.321428571428
2,2021-10-28,4611,377,1,0,0,0,c,a,5834,2021,10,43,3,4,0,6458.0,5777.0,4463.0,5215.285714285715,5122.678571428572
2,2021-10-29,4304,319,1,0,0,0,c,a,5834,2021,10,43,4,4,0,6056.0,5737.0,4820.0,4951.428571428572,5127.964285714285
2,2021-10-30,3990,454,1,1,0,0,c,a,5834,2021,10,43,5,4,1,4499.0,4924.0,6183.0,4701.142857142857,5109.535714285715
2,2021-11-01,4599,348,1,0,0,0,c,a,5834,2021,11,44,0,4,0,3960.0,4520.0,5510.0,4628.428571428572,5031.214285714285
2,2021-11-02,6017,708,1,1,0,0,c,a,5834,2021,11,44,1,4,0,4764.0,4291.0,5908.0,4719.714285714285,4998.678571428572
2,2021-11-03,5446,573,1,0,0,0,c,a,5834,2021,11,44,2,4,0,4815.0,5238.0,4488.0,4898.714285714285,5002.571428571428
2,2021-11-04,5254,386,1,1,0,0,c,a,5834,2021,11,44,3,4,0,5955.0,5642.0,4548.0,4988.857142857143,5036.785714285715
2,2021-11-05,4188,312,1,1,0,0,c,a,5834,2021,11,44,4,4,0,4611.0,6458.0,5001.0,4888.714285714285,5062.0
2,2021-11-06,3488,355,1,0,0,0,c,a,5834,2021,11,44,5,4,1,4304.0,6056.0,5717.0,4828.285714285715,5032.964285714285
2,2021-11-08,4351,402,1,0,0,0,c,a,5834,2021,11,45,0,4,0,3990.0,4499.0,5701.0,4711.714285714285,4953.357142857143
2,2021-11-09,5613,687,1,1,0,0,c,a,5834,2021,11,45,1,4,0,4599.0,3960.0,5168.0,4763.285714285715,4905.142857142857
2,2021-11-10,5527,544,1,1,0,0,c,a,5834,2021,11,45,2,4,0,6017.0,4764.0,4429.0,4908.142857142857,4921.035714285715
2,2021-11-11,5314,540,1,1,0,0,c,a,5834,2021,11,45,3,4,0,5446.0,4815.0,4346.0,4838.142857142857,4960.25
2,2021-11-12,5449,395,1,1,0,0,c,a,5834,2021,11,45,4,4,0,5254.0,5955.0,4517.0,4819.285714285715,4994.821428571428
2,2021-11-13,3914,487,1,0,0,0,c,a,5834,2021,11,45,5,4,1,4188.0,4611.0,5777.0,4847.142857142857,5028.107142857143
2,2021-11-15,4310,501,1,0,0,0,c,a,5834,2021,11,46,0,4,0,3488.0,4304.0,5737.0,4808.0,4961.571428571428
2,2021-11-16,4733,507,1,0,0,0,c,a,5834,2021,11,46,1,4,0,4351.0,3990.0,4924.0,4925.428571428572,4910.607142857143
2,2021-11-17,4752,340,1,0,0,0,c,a,5834,2021,11,46,2,4,0,5613.0,4599.0,4520.0,4980.0,4903.785714285715
2,2021-11-18,5506,667,1,1,0,0,c,a,5834,2021,11,46,3,4,0,5527.0,6017.0,4291.0,4857.0,4912.071428571428
2,2021-11-19,4314,318,1,0,0,0,c,a,5834,2021,11,46,4,4,0,5314.0,5446.0,5238.0,4854.0,4955.464285714285
2,2021-11-20,3791,386,1,0,0,0,c,a,5834,2021,11,46,5,4,1,5449.0,5254.0,5642.0,4711.142857142857,4922.464285714285
2,2021-11-22,4066,290,1,0,0,0,c,a,5834,2021,11,47,0,4,0,3914.0,4188.0,6458.0,4474.285714285715,4856.357142857143
2,2021-11-23,5625,472,1,1,0,0,c,a,5834,2021,11,47,1,4,0,4310.0,3488.0,6056.0,4496.0,4770.928571428572
2,2021-11-24,5626,687,1,1,0,0,c,a,5834,2021,11,47,2,4,0,4733.0,4351.0,4499.0,4683.857142857143,4755.535714285715
2,2021-11-25,4687,399,1,0,0,0,c,a,5834,2021,11,47,3,4,0,4752.0,5613.0,3960.0,4811.428571428572,4795.785714285715
2,2021-11-26,4029,463,1,0,0,0,c,a,5834,2021,11,47,4,4,0,5506.0,5527.0,4764.0,4802.142857142857,4821.75
2,2021-11-27,4514,548,1,1,0,0,c,a,5834,2021,11,47,5,4,1,4314.0,5314.0,4815.0,4591.142857142857,4795.5
2,2021-11-29,3850,319,1,0,0,0,c,a,5834,2021,11,48,0,4,0,3791.0,5449.0,5955.0,4619.714285714285,4784.75
2,2021-11-30,5150,399,1,1,0,0,c,a,5834,2021,11,48,1,4,0,4066.0,3914.0,4611.0,4628.142857142857,4709.571428571428
2,2021-12-01,4537,403,1,0,0,0,c,a,5834,2021,12,48,2,4,0,5625.0,4310.0,4304.0,4783.0,4728.821428571428
2,2021-12-02,5342,520,1,1,0,0,c,a,5834,2021,12,48,3,4,0,5626.0,4733.0,3990.0,4627.571428571428,4737.142857142857
2,2021-12-03,4388,455,1,1,0,0,c,a,5834,2021,12,48,4,4,0,4687.0,4752.0,4599.0,4587.0,4785.428571428572
2,2021-12-04,3586,325,1,0,0,0,c,a,5834,2021,12,48,5,4,1,4029.0,5506.0,6017.0,4544.285714285715,4777.892857142857
2,2021-12-06,4227,346,1,0,0,0,c,a,5834,2021,12,49,0,4,0,4514.0,4314.0,5446.0,4481.0,4691.071428571428
2,2021-12-07,4602,457,1,0,0,0,c,a,5834,2021,12,49,1,4,0,3850.0,3791.0,5254.0,4440.0,4647.535714285715
2,2021-12-08,5373,400,1,1,0,0,c,a,5834,2021,12,49,2,4,0,5150.0,4066.0,4188.0,4547.428571428572,4624.25
2,2021-12-09,5370,613,1,1,0,0,c,a,5834,2021,12,49,3,4,0,4537.0,5625.0,3488.0,4579.285714285715,4666.571428571428
2,2021-12-10,5004,540,1,1,0,0,c,a,5834,2021,12,49,4,4,0,5342.0,5626.0,4351.0,4698.285714285715,4733.785714285715
2,2021-12-11,3579,271,1,0,0,0,c,a,5834,2021,12,49,5,4,1,4388.0,4687.0,5613.0,4650.0,4757.107142857143
2,2021-12-13,4464,383,1,0,0,0,c,a,5834,2021,12,50,0,4,0,3586.0,4029.0,5527.0,4534.428571428572,4684.464285714285
2,2021-12-14,4891,424,1,0,0,0,c,a,5834,2021,12,50,1,4,0,4227.0,4514.0,5314.0,4659.857142857143,4646.5
2,2021-12-15,4833,590,1,0,0,0,c,a,5834,2021,12,50,2,4,0,4602.0,3850.0,5449.0,4754.714285714285,4631.392857142857
2,2021-12-16,4498,486,1,0,0,0,c,a,5834,2021,12,50,3,4,0,5373.0,5150.0,3914.0,4787.714285714285,4609.392857142857
2,2021-12-17,4730,358,1,1,0,0,c,a,5834,2021,12,50,4,4,0,5370.0,4537.0,4310.0,4662.714285714285,4630.25
2,2021-12-18,3798,397,1,0,0,0,c,a,5834,2021,12,50,5,4,1,5004.0,5342.0,4733.0,4571.285714285715,4645.25
2,2021-12-20,4216,526,1,0,0,0,c,a,5834,2021,12,51,0,4,0,3579.0,4388.0,4752.0,4399.0,4611.857142857143
2,2021-12-21,5399,637,1,1,0,0,c,a,5834,2021,12,51,1,4,0,4464.0,3586.0,5506.0,4490.0,4592.714285714285
2,2021-12-22,4665,541,1,0,0,0,c,a,5834,2021,12,51,2,4,0,4891.0,4227.0,4314.0,4623.571428571428,4588.892857142857
2,2021-12-23,4426,329,1,0,0,0,c,a,5834,2021,12,51,3,4,0,4833.0,4602.0,3791.0,4591.285714285715,4601.428571428572
2,2021-12-24,4693,546,1,1,0,0,c,a,5834,2021,12,51,4,4,0,4498.0,5373.0,4066.0,4533.142857142857,4624.107142857143
2,2021-12-27,4364,340,1,0,0,0,c,a,5834,2021,12,52,0,4,0,4730.0,5370.0,5625.0,4561.0,4646.5
2,2021-12-28,4277,407,1,0,0,0,c,a,5834,2021,12,52,1,4,0,3798.0,5004.0,5626.0,4508.714285714285,4601.464285714285
2,2021-12-29,4486,515,1,0,0,0,c,a,5834,2021,12,52,2,4,0,4216.0,3579.0,4687.0,4577.142857142857,4553.285714285715
2,2021-12-30,3782,288,1,0,0,0,c,a,5834,2021,12,52,3,4,0,5399.0,4464.0,4029.0,4615.714285714285,4546.107142857143
2,2021-12-31,4021,396,1,1,0,0,c,a,5834,2021,12,52,4,4,0,4665.0,4891.0,4514.0,4384.714285714285,4537.285714285715
2,2022-01-03,3930,341,1,0,0,0,c,a,5834,2022,1,1,0,1,0,4426.0,4833.0,3850.0,4292.714285714285,4519.678571428572
2,2022-01-04,5669,565,1,1,0,0,c,a,5834,2022,1,1,1,1,0,4693.0,4498.0,5150.0,4221.857142857143,4522.535714285715
2,2022-01-05,4448,392,1,0,0,0,c,a,5834,2022,1,1,2,1,0,4364.0,4730.0,4537.0,4361.285714285715,4541.071428571428
2,2022-01-06,5200,384,1,1,0,0,c,a,5834,2022,1,1,3,1,0,4277.0,3798.0,5342.0,4373.285714285715,4537.892857142857
2,2022-01-07,4739,407,1,1,0,0,c,a,5834,2022,1,1,4,1,0,4486.0,4216.0,4388.0,4505.142857142857,4532.821428571428
2,2022-01-08,3607,285,1,0,0,0,c,a,5834,2022,1,1,5,1,1,3782.0,5399.0,3586.0,4541.285714285715,4545.357142857143
2,2022-01-10,4075,321,1,0,0,0,c,a,5834,2022,1,2,0,1,0,4021.0,4665.0,4227.0,4516.285714285715,4546.107142857143
2,2022-01-11,4103,338,1,0,0,0,c,a,5834,2022,1,2,1,1,0,3930.0,4426.0,4602.0,4524.0,4540.678571428572
2,2022-01-12,5415,555,1,1,0,0,c,a,5834,2022,1,2,2,1,0,5669.0,4693.0,5373.0,4548.714285714285,4522.857142857143
2,2022-01-13,4619,463,1,0,0,0,c,a,5834,2022,1,2,3,1,0,4448.0,4364.0,5370.0,4512.428571428572,4524.357142857143
2,2022-01-14,3480,382,1,0,0,0,c,a,5834,2022,1,2,4,1,0,5200.0,4277.0,5004.0,4536.857142857143,4497.535714285715
2,2022-01-15,3795,448,1,0,0,0,c,a,5834,2022,1,2,5,1,1,4739.0,4486.0,3579.0,4291.142857142857,4443.107142857143
2,2022-01-17,4686,497,1,1,0,0,c,a,5834,2022,1,3,0,1,0,3607.0,3782.0,4464.0,4156.285714285715,4450.821428571428
2,2022-01-18,4832,353,1,0,0,0,c,a,5834,2022,1,3,1,1,0,4075.0,4021.0,4891.0,4310.428571428572,4458.75
2,2022-01-19,5246,456,1,1,0,0,c,a,5834,2022,1,3,2,1,0,4103.0,3930.0,4833.0,4418.571428571428,4456.642857142857
2,2022-01-20,4515,496,1,0,0,0,c,a,5834,2022,1,3,3,1,0,5415.0,5669.0,4498.0,4581.857142857143,4471.392857142857
2,2022-01-21,5001,472,1,1,0,0,c,a,5834,2022,1,3,4,1,0,4619.0,4448.0,4730.0,4453.285714285715,4472.0
2,2022-01-22,3279,295,1,0,0,0,c,a,5834,2022,1,3,5,1,1,3480.0,5200.0,3798.0,4507.857142857143,4481.678571428572
2,2022-01-24,3869,442,1,0,0,0,c,a,5834,2022,1,4,0,1,0,3795.0,4739.0,4216.0,4479.142857142857,4463.142857142857
2,2022-01-25,5040,507,1,0,0,0,c,a,5834,2022,1,4,1,1,0,4686.0,3607.0,5399.0,4489.714285714285,4450.75
2,2022-01-26,4867,555,1,0,0,0,c,a,5834,2022,1,4,2,1,0,4832.0,4075.0,4665.0,4540.285714285715,4437.928571428572
2,2022-01-27,4390,533,1,1,0,0,c,a,5834,2022,1,4,3,1,0,5246.0,4103.0,4426.0,4545.285714285715,4445.142857142857
2,2022-01-28,4653,416,1,1,0,0,c,a,5834,2022,1,4,4,1,0,4515.0,5415.0,4693.0,4423.0,4443.857142857143
2,2022-01-29,3536,271,1,0,0,0,c,a,5834,2022,1,4,5,1,1,5001.0,4619.0,4364.0,4442.714285714285,4442.428571428572
2,2022-01-31,4799,413,1,1,0,0,c,a,5834,2022,1,5,0,1,0,3279.0,3480.0,4277.0,4233.428571428572,4412.857142857143
2,2022-02-01,5568,463,1,1,0,0,c,a,5834,2022,2,5,1,1,0,3869.0,3795.0,4486.0,4450.571428571428,4431.5
2,2022-02-02,4493,338,1,0,0,0,c,a,5834,2022,2,5,2,1,0,5040.0,4686.0,3782.0,4693.285714285715,4470.142857142857
2,2022-02-03,4744,401,1,0,0,0,c,a,5834,2022,2,5,3,1,0,4867.0,4832.0,4021.0,4615.142857142857,4495.535714285715
2,2022-02-04,4402,507,1,1,0,0,c,a,5834,2022,2,5,4,1,0,4390.0,5246.0,3930.0,4597.571428571428,4521.357142857143
2,2022-02-05,3945,284,1,1,0,0,c,a,5834,2022,2,5,5,1,1,4653.0,4515.0,5669.0,4599.285714285715,4538.214285714285
2,2022-02-07,5790,664,1,1,0,0,c,a,5834,2022,2,6,0,1,0,3536.0,5001.0,4448.0,4498.142857142857,4476.642857142857
2,2022-02-08,5723,633,1,1,0,0,c,a,5834,2022,2,6,1,1,0,4799.0,3279.0,5200.0,4820.142857142857,4524.571428571428
2,2022-02-09,5415,490,1,1,0,0,c,a,5834,2022,2,6,2,1,0,5568.0,3869.0,4739.0,4952.142857142857,4543.25
2,2022-02-10,5582,399,1,1,0,0,c,a,5834,2022,2,6,3,1,0,4493.0,5040.0,3607.0,4930.285714285715,4567.392857142857
2,2022-02-11,4683,427,1,1,0,0,c,a,5834,2022,2,6,4,1,0,4744.0,4867.0,4075.0,5085.857142857143,4637.928571428572
2,2022-02-12,4204,368,1,1,0,0,c,a,5834,2022,2,6,5,1,1,4402.0,4390.0,4103.0,5077.142857142857,4659.642857142857
2,2022-02-14,5124,522,1,1,0,0,c,a,5834,2022,2,7,0,1,0,3945.0,4653.0,5415.0,5048.857142857143,4663.25
2,2022-02-15,4553,508,1,0,0,0,c,a,5834,2022,2,7,1,1,0,5790.0,3536.0,4619.0,5217.285714285715,4652.857142857143
2,2022-02-16,5372,666,1,1,0,0,c,a,5834,2022,2,7,2,1,0,5723.0,4799.0,3480.0,5040.571428571428,4650.5
2,2022-02-17,4948,401,1,1,0,0,c,a,5834,2022,2,7,3,1,0,5415.0,5568.0,3795.0,4990.428571428572,4718.071428571428
2,2022-02-18,4357,396,1,0,0,0,c,a,5834,2022,2,7,4,1,0,5582.0,4493.0,4686.0,4923.714285714285,4759.25
2,2022-02-19,3433,424,1,0,0,0,c,a,5834,2022,2,7,5,1,1,4683.0,4744.0,4832.0,4748.714285714285,4747.5
2,2022-02-21,4248,497,1,0,0,0,c,a,5834,2022,2,8,0,1,0,4204.0,4402.0,5246.0,4570.142857142857,4697.535714285715
2,2022-02-22,4896,511,1,0,0,0,c,a,5834,2022,2,8,1,1,0,5124.0,3945.0,4515.0,4576.428571428572,4661.892857142857
2,2022-02-23,6145,453,1,1,0,0,c,a,5834,2022,2,8,2,1,0,4553.0,5790.0,5001.0,4543.857142857143,4675.5
2,2022-02-24,5005,413,1,0,0,0,c,a,5834,2022,2,8,3,1,0,5372.0,5723.0,3279.0,4771.285714285715,4716.357142857143
2,2022-02-25,4895,402,1,1,0,0,c,a,5834,2022,2,8,4,1,0,4948.0,5415.0,3869.0,4718.857142857143,4778.0
2,2022-02-26,3971,348,1,0,0,0,c,a,5834,2022,2,8,5,1,1,4357.0,5582.0,5040.0,4711.285714285715,4814.642857142857
2,2022-02-28,4015,316,1,0,0,0,c,a,5834,2022,2,9,0,1,0,3433.0,4683.0,4867.0,4656.142857142857,4776.464285714285
2,2022-03-01,5341,519,1,0,0,0,c,a,5834,2022,3,9,1,1,0,4248.0,4204.0,4390.0,4739.285714285715,4746.035714285715
2,2022-03-02,4994,551,1,0,0,0,c,a,5834,2022,3,9,2,1,0,4896.0,5124.0,4653.0,4895.428571428572,4780.0
2,2022-03-03,5611,509,1,1,0,0,c,a,5834,2022,3,9,3,1,0,6145.0,4553.0,3536.0,4909.428571428572,4792.178571428572
2,2022-03-04,4154,517,1,0,0,0,c,a,5834,2022,3,9,4,1,0,5005.0,5372.0,4799.0,4833.142857142857,4866.285714285715
2,2022-03-05,4122,460,1,0,0,0,c,a,5834,2022,3,9,5,1,1,4895.0,4948.0,5568.0,4711.571428571428,4843.25
2,2022-03-07,4595,436,1,0,0,0,c,a,5834,2022,3,10,0,1,0,3971.0,4357.0,4493.0,4601.142857142857,4791.607142857143
2,2022-03-08,4762,510,1,0,0,0,c,a,5834,2022,3,10,1,1,0,4015.0,3433.0,4744.0,4690.285714285715,4795.25
2,2022-03-09,6256,568,1,1,0,0,c,a,5834,2022,3,10,2,1,0,5341.0,4248.0,4402.0,4797.0,4795.892857142857
2,2022-03-10,4793,594,1,0,0,0,c,a,5834,2022,3,10,3,1,0,4994.0,4896.0,3945.0,4927.714285714285,4862.107142857143
2,2022-03-11,4303,379,1,0,0,0,c,a,5834,2022,3,10,4,1,0,5611.0,6145.0,5790.0,4899.0,4892.392857142857
2,2022-03-12,4717,542,1,1,0,0,c,a,5834,2022,3,10,5,1,1,4154.0,5005.0,5723.0,4712.142857142857,4839.285714285715
2,2022-03-14,4382,532,1,0,0,0,c,a,5834,2022,3,11,0,1,0,4122.0,4895.0,5415.0,4792.571428571428,4803.357142857143
2,2022-03-15,6033,542,1,1,0,0,c,a,5834,2022,3,11,1,1,0,4595.0,3971.0,5582.0,4829.714285714285,4766.464285714285
2,2022-03-16,5614,521,1,0,0,0,c,a,5834,2022,3,11,2,1,0,4762.0,4015.0,4683.0,5035.142857142857,4782.571428571428
2,2022-03-17,6093,446,1,1,0,0,c,a,5834,2022,3,11,3,1,0,6256.0,5341.0,4204.0,5156.857142857143,4815.821428571428
2,2022-03-18,5322,443,1,1,0,0,c,a,5834,2022,3,11,4,1,0,4793.0,4994.0,5124.0,5133.571428571428,4883.285714285715
2,2022-03-19,4415,379,1,0,0,0,c,a,5834,2022,3,11,5,1,1,4303.0,5611.0,4553.0,5209.142857142857,4890.357142857143
2,2022-03-21,6076,540,1,1,0,0,c,a,5834,2022,3,12,0,1,0,4717.0,4154.0,5372.0,5225.142857142857,4885.428571428572
2,2022-03-22,5958,578,1,1,0,0,c,a,5834,2022,3,12,1,1,0,4382.0,4122.0,4948.0,5419.285714285715,4910.571428571428
2,2022-03-23,5438,614,1,0,0,0,c,a,5834,2022,3,12,2,1,0,6033.0,4595.0,4357.0,5644.428571428572,4946.642857142857
2,2022-03-24,4895,498,1,0,0,0,c,a,5834,2022,3,12,3,1,0,5614.0,4762.0,3433.0,5559.428571428572,4985.25
2,2022-03-25,5540,401,1,1,0,0,c,a,5834,2022,3,12,4,1,0,6093.0,6256.0,4248.0,5456.714285714285,5037.464285714285
2,2022-03-26,5516,451,1,1,0,0,c,a,5834,2022,3,12,5,1,1,5322.0,4793.0,4896.0,5377.714285714285,5083.607142857143
2,2022-03-28,4610,568,1,0,0,0,c,a,5834,2022,3,13,0,1,0,4415.0,4303.0,6145.0,5405.428571428572,5105.75
2,2022-03-29,6298,701,1,1,0,0,c,a,5834,2022,3,13,1,1,0,6076.0,4717.0,5005.0,5433.285714285715,5050.928571428572
2,2022-03-30,6362,577,1,1,0,0,c,a,5834,2022,3,13,2,1,0,5958.0,4382.0,4895.0,5465.0,5097.107142857143
2,2022-03-31,5610,428,1,0,0,0,c,a,5834,2022,3,13,3,1,0,5438.0,6033.0,3971.0,5522.714285714285,5149.5
2,2022-04-01,5157,472,1,1,0,0,c,a,5834,2022,4,13,4,2,0,4895.0,5614.0,4015.0,5547.285714285715,5208.035714285715
2,2022-04-02,5024,548,1,1,0,0,c,a,5834,2022,4,13,5,2,1,5540.0,6093.0,5341.0,5584.714285714285,5248.821428571428
2,2022-04-04,5565,562,1,1,0,0,c,a,5834,2022,4,14,0,2,0,5516.0,5322.0,4994.0,5511.0,5237.5
2,2022-04-05,5869,577,1,0,0,0,c,a,5834,2022,4,14,1,2,0,4610.0,4415.0,5611.0,5518.0,5257.892857142857
2,2022-04-06,5960,564,1,0,0,0,c,a,5834,2022,4,14,2,2,0,6298.0,6076.0,4154.0,5697.857142857143,5267.107142857143
2,2022-04-07,5021,415,1,0,0,0,c,a,5834,2022,4,14,3,2,0,6362.0,5958.0,4122.0,5649.571428571428,5331.607142857143
2,2022-04-08,6076,644,1,1,0,0,c,a,5834,2022,4,14,4,2,0,5610.0,5438.0,4595.0,5458.0,5363.714285714285
2,2022-04-09,5042,478,1,1,0,0,c,a,5834,2022,4,14,5,2,1,5157.0,4895.0,4762.0,5524.571428571428,5416.607142857143
2,2022-04-11,4987,569,1,0,0,0,c,a,5834,2022,4,15,0,2,0,5024.0,5540.0,6256.0,5508.142857142857,5426.607142857143
2,2022-04-12,5757,480,1,0,0,0,c,a,5834,2022,4,15,1,2,0,5565.0,5516.0,4793.0,5502.857142857143,5381.285714285715
2,2022-04-13,5850,486,1,0,0,0,c,a,5834,2022,4,15,2,2,0,5869.0,4610.0,4303.0,5530.285714285715,5415.714285714285
2,2022-04-14,6492,491,1,1,0,0,c,a,5834,2022,4,15,3,2,0,5960.0,6298.0,4717.0,5527.571428571428,5470.964285714285
2,2022-04-16,4846,397,1,0,0,0,c,a,5834,2022,4,15,5,2,1,5021.0,6362.0,4382.0,5603.571428571428,5534.357142857143
2,2022-04-18,5223,488,1,0,0,0,c,a,5834,2022,4,16,0,2,0,6076.0,5610.0,6033.0,5578.571428571428,5550.928571428572
2,2022-04-19,7060,522,1,1,0,0,c,a,5834,2022,4,16,1,2,0,5042.0,5157.0,5614.0,5456.714285714285,5522.0
2,2022-04-20,6034,449,1,0,0,0,c,a,5834,2022,4,16,2,2,0,4987.0,5024.0,6093.0,5745.0,5573.642857142857
2,2022-04-21,5489,466,1,0,0,0,c,a,5834,2022,4,16,3,2,0,5757.0,5565.0,5322.0,5894.571428571428,5571.535714285715
2,2022-04-22,5270,478,1,0,0,0,c,a,5834,2022,4,16,4,2,0,5850.0,5869.0,4415.0,5856.285714285715,5577.5
2,2022-04-23,5166,382,1,0,0,0,c,a,5834,2022,4,16,5,2,1,6492.0,5960.0,6076.0,5773.428571428572,5608.035714285715
2,2022-04-25,6400,530,1,1,0,0,c,a,5834,2022,4,17,0,2,0,4846.0,5021.0,5958.0,5584.0,5575.535714285715
2,2022-04-26,5525,448,1,0,0,0,c,a,5834,2022,4,17,1,2,0,5223.0,6076.0,5438.0,5806.0,5591.321428571428
2,2022-04-27,7167,536,1,1,0,0,c,a,5834,2022,4,17,2,2,0,7060.0,5042.0,4895.0,5849.142857142857,5594.428571428572
2,2022-04-28,6963,630,1,1,0,0,c,a,5834,2022,4,17,3,2,0,6034.0,4987.0,5540.0,5864.428571428572,5675.571428571428
2,2022-04-29,6302,596,1,1,0,0,c,a,5834,2022,4,17,4,2,0,5489.0,5757.0,5516.0,5997.142857142857,5726.392857142857
2,2022-04-30,5644,456,1,1,0,0,c,a,5834,2022,4,17,5,2,1,5270.0,5850.0,4610.0,6113.285714285715,5754.464285714285
2,2022-05-02,6331,556,1,1,0,0,c,a,5834,2022,5,18,0,2,0,5166.0,6492.0,6298.0,6166.714285714285,5791.392857142857
2,2022-05-03,6526,612,1,1,0,0,c,a,5834,2022,5,18,1,2,0,6400.0,4846.0,6362.0,6333.142857142857,5792.571428571428
2,2022-05-04,7467,584,1,1,0,0,c,a,5834,2022,5,18,2,2,0,5525.0,5223.0,5610.0,6351.142857142857,5798.428571428572
2,2022-05-05,6066,440,1,1,0,0,c,a,5834,2022,5,18,3,2,0,7167.0,7060.0,5157.0,6628.571428571428,5864.75
2,2022-05-06,6065,578,1,1,0,0,c,a,5834,2022,5,18,4,2,0,6963.0,6034.0,5024.0,6471.285714285715,5897.214285714285
2,2022-05-07,5038,403,1,0,0,0,c,a,5834,2022,5,18,5,2,1,6302.0,5489.0,5565.0,6343.0,5934.392857142857
2,2022-05-09,5455,623,1,0,0,0,c,a,5834,2022,5,19,0,2,0,5644.0,5270.0,5869.0,6162.428571428572,5915.571428571428
2,2022-05-10,5925,444,1,0,0,0,c,a,5834,2022,5,19,1,2,0,6331.0,5166.0,5960.0,6135.428571428572,5900.785714285715
2,2022-05-11,7303,759,1,1,0,0,c,a,5834,2022,5,19,2,2,0,6526.0,6400.0,5021.0,6077.428571428572,5899.535714285715
2,2022-05-12,6956,788,1,1,0,0,c,a,5834,2022,5,19,3,2,0,7467.0,5525.0,6076.0,6188.428571428572,5981.035714285715
2,2022-05-13,5167,417,1,0,0,0,c,a,5834,2022,5,19,4,2,0,6066.0,7167.0,5042.0,6115.428571428572,6012.464285714285
2,2022-05-14,5180,407,1,0,0,0,c,a,5834,2022,5,19,5,2,1,6065.0,6963.0,4987.0,5987.0,6016.928571428572
2,2022-05-16,5873,617,1,0,0,0,c,a,5834,2022,5,20,0,2,0,5038.0,6302.0,5757.0,5860.571428571428,6023.821428571428
2,2022-05-17,5946,703,1,0,0,0,c,a,5834,2022,5,20,1,2,0,5455.0,5644.0,5850.0,5979.857142857143,6027.964285714285
2,2022-05-18,6833,497,1,1,0,0,c,a,5834,2022,5,20,2,2,0,5925.0,6331.0,6492.0,6050.0,6031.392857142857
2,2022-05-19,7291,595,1,1,0,0,c,a,5834,2022,5,20,3,2,0,7303.0,6526.0,4846.0,6179.714285714285,6043.571428571428
2,2022-05-20,6592,717,1,1,0,0,c,a,5834,2022,5,20,4,2,0,6956.0,7467.0,5223.0,6178.0,6130.892857142857
2,2022-05-21,4853,346,1,0,0,0,c,a,5834,2022,5,20,5,2,1,5167.0,6066.0,7060.0,6126.0,6179.785714285715
2,2022-05-23,6159,529,1,1,0,0,c,a,5834,2022,5,21,0,2,0,5180.0,6065.0,6034.0,6081.142857142857,6100.964285714285
2,2022-05-24,6088,710,1,0,0,0,c,a,5834,2022,5,21,1,2,0,5873.0,5038.0,5489.0,6221.0,6105.428571428572
2,2022-05-25,7095,847,1,0,0,0,c,a,5834,2022,5,21,2,2,0,5946.0,5455.0,5270.0,6251.714285714285,6126.821428571428
2,2022-05-26,6923,737,1,1,0,0,c,a,5834,2022,5,21,3,2,0,6833.0,5925.0,5166.0,6415.857142857143,6192.0
2,2022-05-27,6985,532,1,1,0,0,c,a,5834,2022,5,21,4,2,0,7291.0,7303.0,6400.0,6428.714285714285,6254.75
2,2022-05-28,5244,548,1,0,0,0,c,a,5834,2022,5,21,5,2,1,6592.0,6956.0,5525.0,6385.0,6275.642857142857
2,2022-05-30,6463,604,1,1,0,0,c,a,5834,2022,5,22,0,2,0,4853.0,5167.0,7167.0,6192.428571428572,6265.607142857143
2,2022-05-31,7382,654,1,1,0,0,c,a,5834,2022,5,22,1,2,0,6159.0,5180.0,6963.0,6422.428571428572,6240.464285714285
2,2022-06-01,7484,665,1,1,0,0,c,a,5834,2022,6,22,2,2,0,6088.0,5873.0,6302.0,6597.142857142857,6255.428571428572
2,2022-06-02,7385,597,1,1,0,0,c,a,5834,2022,6,22,3,2,0,7095.0,5946.0,5644.0,6796.571428571428,6297.642857142857
2,2022-06-03,6170,446,1,1,0,0,c,a,5834,2022,6,22,4,2,0,6923.0,6833.0,6331.0,6838.0,6359.821428571428
2,2022-06-04,4843,503,1,0,0,0,c,a,5834,2022,6,22,5,2,1,6985.0,7291.0,6526.0,6730.428571428572,6354.071428571428
2,2022-06-06,5824,602,1,0,0,0,c,a,5834,2022,6,23,0,2,0,5244.0,6592.0,7467.0,6424.428571428572,6293.964285714285
2,2022-06-07,6461,528,1,0,0,0,c,a,5834,2022,6,23,1,2,0,6463.0,4853.0,6066.0,6507.285714285715,6235.285714285715
2,2022-06-08,6183,463,1,0,0,0,c,a,5834,2022,6,23,2,2,0,7382.0,6159.0,6065.0,6507.0,6249.392857142857
2,2022-06-09,5581,629,1,0,0,0,c,a,5834,2022,6,23,3,2,0,7484.0,6088.0,5038.0,6335.714285714285,6253.607142857143
2,2022-06-10,5722,411,1,0,0,0,c,a,5834,2022,6,23,4,2,0,7385.0,7095.0,5455.0,6063.857142857143,6273.0
2,2022-06-11,6375,775,1,1,0,0,c,a,5834,2022,6,23,5,2,1,6170.0,6923.0,5925.0,5826.285714285715,6282.535714285715
2,2022-06-13,6960,719,1,1,0,0,c,a,5834,2022,6,24,0,2,0,4843.0,6985.0,7303.0,5855.571428571428,6298.607142857143
2,2022-06-14,5914,436,1,0,0,0,c,a,5834,2022,6,24,1,2,0,5824.0,5244.0,6956.0,6158.0,6286.357142857143
2,2022-06-15,6916,747,1,0,0,0,c,a,5834,2022,6,24,2,2,0,6461.0,6463.0,5167.0,6170.857142857143,6249.142857142857
2,2022-06-16,6428,517,1,0,0,0,c,a,5834,2022,6,24,3,2,0,6183.0,7382.0,5180.0,6235.857142857143,6311.607142857143
2,2022-06-17,6755,560,1,1,0,0,c,a,5834,2022,6,24,4,2,0,5581.0,7484.0,5873.0,6270.857142857143,6356.178571428572
2,2022-06-18,6274,506,1,1,0,0,c,a,5834,2022,6,24,5,2,1,5722.0,7385.0,5946.0,6438.571428571428,6387.678571428572
2,2022-06-20,6788,516,1,1,0,0,c,a,5834,2022,6,25,0,2,0,6375.0,6170.0,6833.0,6517.428571428572,6399.392857142857
2,2022-06-21,6253,719,1,0,0,0,c,a,5834,2022,6,25,1,2,0,6960.0,4843.0,7291.0,6576.428571428572,6397.785714285715
2,2022-06-22,6557,783,1,0,0,0,c,a,5834,2022,6,25,2,2,0,5914.0,5824.0,6592.0,6475.428571428572,6360.714285714285
2,2022-06-23,7428,632,1,1,0,0,c,a,5834,2022,6,25,3,2,0,6916.0,6461.0,4853.0,6567.285714285715,6359.464285714285
2,2022-06-24,6060,545,1,1,0,0,c,a,5834,2022,6,25,4,2,0,6428.0,6183.0,6159.0,6640.428571428572,6451.428571428572
2,2022-06-25,6506,534,1,1,0,0,c,a,5834,2022,6,25,5,2,1,6755.0,5581.0,6088.0,6587.857142857143,6447.892857142857
2,2022-06-27,7099,567,1,1,0,0,c,a,5834,2022,6,26,0,2,0,6274.0,5722.0,7095.0,6552.285714285715,6462.821428571428
2,2022-06-28,6215,570,1,0,0,0,c,a,5834,2022,6,26,1,2,0,6788.0,6375.0,6923.0,6670.142857142857,6462.964285714285
2,2022-06-29,6697,836,1,0,0,0,c,a,5834,2022,6,26,2,2,0,6253.0,6960.0,6985.0,6588.285714285715,6437.678571428572
2,2022-06-30,5759,433,1,0,0,0,c,a,5834,2022,6,26,3,2,0,6557.0,5914.0,5244.0,6651.714285714285,6427.392857142857
2,2022-07-01,6581,545,1,1,0,1,c,a,5834,2022,7,26,4,3,0,7428.0,6916.0,6463.0,6537.714285714285,6445.785714285715
2,2022-07-02,6312,488,1,0,0,1,c,a,5834,2022,7,26,5,3,1,6060.0,6428.0,7382.0,6416.714285714285,6450.0
2,2022-07-04,6027,482,1,0,0,1,c,a,5834,2022,7,27,0,3,0,6506.0,6755.0,7484.0,6452.714285714285,6411.785714285715
2,2022-07-05,7205,672,1,0,0,1,c,a,5834,2022,7,27,1,3,0,7099.0,6274.0,7385.0,6384.285714285715,6359.75
2,2022-07-06,7014,541,1,0,0,1,c,a,5834,2022,7,27,2,3,0,6215.0,6788.0,6170.0,6399.428571428572,6353.321428571428
2,2022-07-07,6659,649,1,0,0,1,c,a,5834,2022,7,27,3,3,0,6697.0,6253.0,4843.0,6513.571428571428,6383.464285714285
2,2022-07-08,7612,564,1,1,0,1,c,a,5834,2022,7,27,4,3,0,5759.0,6557.0,5824.0,6508.142857142857,6448.321428571428
2,2022-07-09,6703,608,1,1,0,1,c,a,5834,2022,7,27,5,3,1,6581.0,7428.0,6461.0,6772.857142857143,6512.178571428572
2,2022-07-11,6748,694,1,0,0,1,c,a,5834,2022,7,28,0,3,0,6312.0,6060.0,6183.0,6790.285714285715,6520.821428571428
2,2022-07-12,6567,647,1,0,0,1,c,a,5834,2022,7,28,1,3,0,6027.0,6506.0,5581.0,6852.571428571428,6541.0
2,2022-07-13,7201,660,1,0,0,1,c,a,5834,2022,7,28,2,3,0,7205.0,7099.0,5722.0,6929.714285714285,6576.214285714285
2,2022-07-14,7064,525,1,0,0,1,c,a,5834,2022,7,28,3,3,0,7014.0,6215.0,6375.0,6929.142857142857,6629.035714285715
2,2022-07-15,6212,581,1,0,0,1,c,a,5834,2022,7,28,4,3,0,6659.0,6697.0,6960.0,6936.285714285715,6653.642857142857
2,2022-07-16,6730,492,1,1,0,1,c,a,5834,2022,7,28,5,3,1,7612.0,5759.0,5914.0,6872.428571428572,6626.928571428572
2,2022-07-18,5619,588,1,0,0,1,c,a,5834,2022,7,29,0,3,0,6703.0,6581.0,6916.0,6746.428571428572,6656.071428571428
2,2022-07-19,8259,616,1,1,0,1,c,a,5834,2022,7,29,1,3,0,6748.0,6312.0,6428.0,6591.571428571428,6609.75
2,2022-07-20,7603,631,1,1,0,1,c,a,5834,2022,7,29,2,3,0,6567.0,6027.0,6755.0,6807.428571428572,6675.142857142857
2,2022-07-21,6638,554,1,0,0,1,c,a,5834,2022,7,29,3,3,0,7201.0,7205.0,6274.0,6955.428571428572,6705.428571428572
2,2022-07-22,6569,667,1,1,0,1,c,a,5834,2022,7,29,4,3,0,7064.0,7014.0,6788.0,6875.0,6718.428571428572
2,2022-07-23,5678,476,1,0,0,1,c,a,5834,2022,7,29,5,3,1,6212.0,6659.0,6253.0,6804.285714285715,6710.607142857143
2,2022-07-25,7081,702,1,1,0,1,c,a,5834,2022,7,30,0,3,0,6730.0,7612.0,6557.0,6728.0,6690.071428571428
2,2022-07-26,7576,712,1,1,0,1,c,a,5834,2022,7,30,1,3,0,5619.0,6703.0,7428.0,6778.142857142857,6708.785714285715
2,2022-07-27,7950,580,1,1,0,1,c,a,5834,2022,7,30,2,3,0,8259.0,6748.0,6060.0,7057.714285714285,6714.071428571428
2,2022-07-28,6580,612,1,0,0,1,c,a,5834,2022,7,30,3,3,0,7603.0,6567.0,6506.0,7013.571428571428,6781.571428571428
2,2022-07-29,6746,559,1,1,0,1,c,a,5834,2022,7,30,4,3,0,6638.0,7201.0,7099.0,6867.428571428572,6784.214285714285
2,2022-07-30,5299,456,1,0,0,1,c,a,5834,2022,7,30,5,3,1,6569.0,7064.0,6215.0,6882.857142857143,6771.607142857143
2,2022-08-01,7135,744,1,1,0,1,c,a,5834,2022,8,31,0,3,0,5678.0,6212.0,6697.0,6701.428571428572,6738.892857142857
2,2022-08-02,7321,801,1,1,0,1,c,a,5834,2022,8,31,1,3,0,7081.0,6730.0,5759.0,6909.571428571428,6754.535714285715
2,2022-08-03,7293,686,1,1,0,1,c,a,5834,2022,8,31,2,3,0,7576.0,5619.0,6581.0,6943.857142857143,6810.321428571428
2,2022-08-04,6411,606,1,0,0,1,c,a,5834,2022,8,31,3,3,0,7950.0,8259.0,6312.0,6903.428571428572,6835.75
2,2022-08-05,6513,775,1,1,0,1,c,a,5834,2022,8,31,4,3,0,6580.0,7603.0,6027.0,6683.571428571428,6839.285714285715
2,2022-08-06,6555,577,1,1,0,1,c,a,5834,2022,8,31,5,3,1,6746.0,6638.0,7205.0,6674.0,6856.642857142857
2,2022-08-08,6087,476,1,0,0,1,c,a,5834,2022,8,32,0,3,0,5299.0,6569.0,7014.0,6646.714285714285,6833.428571428572
2,2022-08-09,7004,830,1,0,0,1,c,a,5834,2022,8,32,1,3,0,7135.0,5678.0,6659.0,6759.285714285715,6800.321428571428
2,2022-08-10,7987,825,1,1,0,1,c,a,5834,2022,8,32,2,3,0,7321.0,7081.0,7612.0,6740.571428571428,6812.642857142857
2,2022-08-11,7160,540,1,1,0,1,c,a,5834,2022,8,32,3,3,0,7293.0,7576.0,6703.0,6835.714285714285,6826.035714285715
2,2022-08-12,6001,515,1,0,0,1,c,a,5834,2022,8,32,4,3,0,6411.0,7950.0,6748.0,6816.714285714285,6842.357142857143
2,2022-08-13,5955,449,1,0,0,1,c,a,5834,2022,8,32,5,3,1,6513.0,6580.0,6567.0,6758.142857142857,6815.678571428572
2,2022-08-15,6306,503,1,0,0,1,c,a,5834,2022,8,33,0,3,0,6555.0,6746.0,7201.0,6678.428571428572,6793.821428571428
2,2022-08-16,6474,583,1,0,0,1,c,a,5834,2022,8,33,1,3,0,6087.0,5299.0,7064.0,6642.857142857143,6761.857142857143
2,2022-08-17,6219,514,1,0,0,1,c,a,5834,2022,8,33,2,3,0,7004.0,7135.0,6212.0,6698.142857142857,6740.785714285715
2,2022-08-18,6131,479,1,0,0,1,c,a,5834,2022,8,33,3,3,0,7987.0,7321.0,6730.0,6586.0,6741.035714285715
2,2022-08-19,6240,643,1,1,0,1,c,a,5834,2022,8,33,4,3,0,7160.0,7293.0,5619.0,6320.857142857143,6719.642857142857
2,2022-08-20,5341,433,1,0,0,1,c,a,5834,2022,8,33,5,3,1,6001.0,6411.0,8259.0,6189.428571428572,6741.821428571428
2,2022-08-22,5613,571,1,0,0,1,c,a,5834,2022,8,34,0,3,0,5955.0,6513.0,7603.0,6095.142857142857,6637.607142857143
2,2022-08-23,6913,861,1,0,0,1,c,a,5834,2022,8,34,1,3,0,6306.0,6555.0,6638.0,6046.285714285715,6566.535714285715
2,2022-08-24,6906,539,1,0,0,1,c,a,5834,2022,8,34,2,3,0,6474.0,6087.0,6569.0,6133.0,6576.357142857143
2,2022-08-25,6186,653,1,0,0,1,c,a,5834,2022,8,34,3,3,0,6219.0,7004.0,5678.0,6194.714285714285,6588.392857142857
2,2022-08-26,5752,541,1,0,0,1,c,a,5834,2022,8,34,4,3,0,6131.0,7987.0,7081.0,6190.0,6606.535714285715
2,2022-08-27,4824,549,1,0,0,1,c,a,5834,2022,8,34,5,3,1,6240.0,7160.0,7576.0,6135.857142857143,6559.071428571428
2,2022-08-29,6104,645,1,0,0,1,c,a,5834,2022,8,35,0,3,0,5341.0,6001.0,7950.0,5933.571428571428,6460.785714285715
2,2022-08-30,6173,534,1,0,0,1,c,a,5834,2022,8,35,1,3,0,5613.0,5955.0,6580.0,6042.571428571428,6394.857142857143
2,2022-08-31,7449,907,1,1,0,1,c,a,5834,2022,8,35,2,3,0,6913.0,6306.0,6746.0,6122.571428571428,6380.321428571428
2,2022-09-01,6794,534,1,1,0,0,c,a,5834,2022,9,35,3,3,0,6906.0,6474.0,5299.0,6199.142857142857,6405.428571428572
2,2022-09-02,5604,516,1,0,0,0,c,a,5834,2022,9,35,4,3,0,6186.0,6219.0,7135.0,6183.142857142857,6458.821428571428
2,2022-09-03,5001,620,1,0,0,0,c,a,5834,2022,9,35,5,3,1,5752.0,6131.0,7321.0,6100.0,6404.142857142857
2,2022-09-05,5614,458,1,0,0,0,c,a,5834,2022,9,36,0,3,0,4824.0,6240.0,7293.0,5992.714285714285,6321.285714285715
2,2022-09-06,5652,423,1,0,0,0,c,a,5834,2022,9,36,1,3,0,6104.0,5341.0,6411.0,6105.571428571428,6261.321428571428
2,2022-09-07,6134,481,1,0,0,0,c,a,5834,2022,9,36,2,3,0,6173.0,5613.0,6513.0,6041.0,6234.214285714285
2,2022-09-08,6393,487,1,1,0,0,c,a,5834,2022,9,36,3,3,0,7449.0,6913.0,6555.0,6035.428571428572,6220.678571428572
2,2022-09-09,5990,479,1,1,0,0,c,a,5834,2022,9,36,4,3,0,6794.0,6906.0,6087.0,5884.571428571428,6214.892857142857
2,2022-09-10,5998,485,1,1,0,0,c,a,5834,2022,9,36,5,3,1,5604.0,6186.0,7004.0,5769.714285714285,6211.428571428572
2,2022-09-12,6119,676,1,0,0,0,c,a,5834,2022,9,37,0,3,0,5001.0,5752.0,7987.0,5826.0,6175.5
2,2022-09-13,6830,754,1,1,0,0,c,a,5834,2022,9,37,1,3,0,5614.0,4824.0,7160.0,5985.714285714285,6108.785714285715
2,2022-09-14,5890,702,1,0,0,0,c,a,5834,2022,9,37,2,3,0,5652.0,6104.0,6001.0,6159.428571428572,6097.0
2,2022-09-15,6689,576,1,1,0,0,c,a,5834,2022,9,37,3,3,0,6134.0,6173.0,5955.0,6193.428571428572,6093.035714285715
2,2022-09-16,5083,447,1,0,0,0,c,a,5834,2022,9,37,4,3,0,6393.0,7449.0,6306.0,6272.714285714285,6119.25
2,2022-09-17,4875,417,1,0,0,0,c,a,5834,2022,9,37,5,3,1,5990.0,6794.0,6474.0,6085.571428571428,6075.571428571428
2,2022-09-19,5300,412,1,0,0,0,c,a,5834,2022,9,38,0,3,0,5998.0,5604.0,6219.0,5926.285714285715,6018.464285714285
2,2022-09-20,5176,445,1,0,0,0,c,a,5834,2022,9,38,1,3,0,6119.0,5001.0,6131.0,5826.571428571428,5985.642857142857
2,2022-09-21,6891,780,1,1,0,0,c,a,5834,2022,9,38,2,3,0,6830.0,5614.0,6240.0,5691.857142857143,5951.535714285715
2,2022-09-22,4986,440,1,0,0,0,c,a,5834,2022,9,38,3,3,0,5890.0,5652.0,5341.0,5700.571428571428,5974.785714285715
2,2022-09-23,5625,443,1,1,0,0,c,a,5834,2022,9,38,4,3,0,6689.0,6134.0,5613.0,5571.428571428572,5962.107142857143
2,2022-09-24,5053,383,1,1,0,0,c,a,5834,2022,9,38,5,3,1,5083.0,6393.0,6913.0,5419.428571428572,5962.535714285715
2,2022-09-26,5523,631,1,1,0,0,c,a,5834,2022,9,39,0,3,0,4875.0,5990.0,6906.0,5415.142857142857,5896.107142857143
2,2022-09-27,5326,439,1,0,0,0,c,a,5834,2022,9,39,1,3,0,5300.0,5998.0,6186.0,5507.714285714285,5846.714285714285
2,2022-09-28,5582,649,1,0,0,0,c,a,5834,2022,9,39,2,3,0,5176.0,6119.0,5752.0,5511.428571428572,5816.0
2,2022-09-29,6128,520,1,1,0,0,c,a,5834,2022,9,39,3,3,0,6891.0,6830.0,4824.0,5569.428571428572,5809.928571428572
2,2022-09-30,5266,407,1,0,0,0,c,a,5834,2022,9,39,4,3,0,4986.0,5890.0,6104.0,5460.428571428572,5856.5
2,2022-10-01,5432,419,1,1,0,0,c,a,5834,2022,10,39,5,4,1,5625.0,6689.0,6173.0,5500.428571428572,5826.571428571428
2,2022-10-03,5953,463,1,1,0,0,c,a,5834,2022,10,40,0,4,0,5053.0,5083.0,7449.0,5472.857142857143,5800.107142857143
2,2022-10-04,5360,643,1,0,0,0,c,a,5834,2022,10,40,1,4,0,5523.0,4875.0,6794.0,5601.428571428572,5746.678571428572
2,2022-10-05,5617,436,1,0,0,0,c,a,5834,2022,10,40,2,4,0,5326.0,5300.0,5604.0,5578.142857142857,5695.464285714285
2,2022-10-06,6297,463,1,1,0,0,c,a,5834,2022,10,40,3,4,0,5582.0,5176.0,5001.0,5619.714285714285,5695.928571428572
2,2022-10-07,5357,640,1,1,0,0,c,a,5834,2022,10,40,4,4,0,6128.0,6891.0,5614.0,5721.857142857143,5742.214285714285
2,2022-10-08,4628,529,1,0,0,0,c,a,5834,2022,10,40,5,4,1,5266.0,4986.0,5652.0,5611.714285714285,5733.035714285715
2,2022-10-10,6014,582,1,1,0,0,c,a,5834,2022,10,41,0,4,0,5432.0,5625.0,6134.0,5520.571428571428,5696.464285714285
2,2022-10-11,5237,384,1,0,0,0,c,a,5834,2022,10,41,1,4,0,5953.0,5053.0,6393.0,5603.714285714285,5692.178571428572
2,2022-10-12,5214,433,1,0,0,0,c,a,5834,2022,10,41,2,4,0,5360.0,5523.0,5990.0,5501.428571428572,5650.892857142857
2,2022-10-13,5067,440,1,0,0,0,c,a,5834,2022,10,41,3,4,0,5617.0,5326.0,5998.0,5480.571428571428,5623.178571428572
2,2022-10-14,5760,519,1,1,0,0,c,a,5834,2022,10,41,4,4,0,6297.0,5582.0,6119.0,5402.0,5589.928571428572
2,2022-10-15,4544,348,1,0,0,0,c,a,5834,2022,10,41,5,4,1,5357.0,6128.0,6830.0,5325.285714285715,5577.107142857143
2,2022-10-17,4096,311,1,0,0,0,c,a,5834,2022,10,42,0,4,0,4628.0,5266.0,5890.0,5209.142857142857,5495.464285714285
2,2022-10-18,5313,514,1,0,0,0,c,a,5834,2022,10,42,1,4,0,6014.0,5432.0,6689.0,5133.142857142857,5431.392857142857
2,2022-10-19,5960,539,1,1,0,0,c,a,5834,2022,10,42,2,4,0,5237.0,5953.0,5083.0,5033.0,5382.25
2,2022-10-20,5954,426,1,1,0,0,c,a,5834,2022,10,42,3,4,0,5214.0,5360.0,4875.0,5136.285714285715,5413.571428571428
2,2022-10-21,5008,378,1,1,0,0,c,a,5834,2022,10,42,4,4,0,5067.0,5617.0,5300.0,5242.0,5452.107142857143
2,2022-10-22,4875,518,1,1,0,0,c,a,5834,2022,10,42,5,4,1,5760.0,6297.0,5176.0,5233.571428571428,5441.678571428572
2,2022-10-24,4436,450,1,0,0,0,c,a,5834,2022,10,43,0,4,0,4544.0,5357.0,6891.0,5107.142857142857,5430.928571428572
2,2022-10-25,5479,571,1,0,0,0,c,a,5834,2022,10,43,1,4,0,4096.0,4628.0,4986.0,5091.714285714285,5343.25
2,2022-10-26,5000,501,1,0,0,0,c,a,5834,2022,10,43,2,4,0,5313.0,6014.0,5625.0,5289.285714285715,5360.857142857143
2,2022-10-27,5275,485,1,0,0,0,c,a,5834,2022,10,43,3,4,0,5960.0,5237.0,5053.0,5244.571428571428,5338.535714285715
2,2022-10-28,4951,605,1,0,0,0,c,a,5834,2022,10,43,4,4,0,5954.0,5214.0,5523.0,5146.714285714285,5346.464285714285
2,2022-10-29,4047,478,1,0,0,0,c,a,5834,2022,10,43,5,4,1,5008.0,5067.0,5326.0,5003.428571428572,5326.035714285715
2,2022-10-31,4599,384,1,0,0,0,c,a,5834,2022,10,44,0,4,0,4875.0,5760.0,5582.0,4866.142857142857,5280.357142857143
2,2022-11-01,5404,497,1,0,0,0,c,a,5834,2022,11,44,1,4,0,4436.0,4544.0,6128.0,4826.714285714285,5245.25
2,2022-11-02,5979,689,1,1,0,0,c,a,5834,2022,11,44,2,4,0,5479.0,4096.0,5266.0,4965.0,5219.392857142857
2,2022-11-03,5293,413,1,0,0,0,c,a,5834,2022,11,44,3,4,0,5000.0,5313.0,5432.0,5036.428571428572,5244.857142857143
2,2022-11-04,4888,371,1,0,0,0,c,a,5834,2022,11,44,4,4,0,5275.0,5960.0,5953.0,5078.285714285715,5239.892857142857
2,2022-11-05,4791,380,1,1,0,0,c,a,5834,2022,11,44,5,4,1,4951.0,5954.0,5360.0,5023.0,5201.857142857143
2,2022-11-07,5001,390,1,1,0,0,c,a,5834,2022,11,45,0,4,0,4047.0,5008.0,5617.0,5000.142857142857,5181.535714285715
2,2022-11-08,4715,351,1,0,0,0,c,a,5834,2022,11,45,1,4,0,4599.0,4875.0,6297.0,5136.428571428572,5159.535714285715
2,2022-11-09,4702,375,1,0,0,0,c,a,5834,2022,11,45,2,4,0,5404.0,4436.0,5357.0,5153.0,5103.035714285715
2,2022-11-10,6032,539,1,1,0,0,c,a,5834,2022,11,45,3,4,0,5979.0,5479.0,4628.0,5052.714285714285,5079.642857142857
2,2022-11-11,4309,477,1,0,0,0,c,a,5834,2022,11,45,4,4,0,5293.0,5000.0,6014.0,5060.285714285715,5129.785714285715
2,2022-11-12,4835,364,1,1,0,0,c,a,5834,2022,11,45,5,4,1,4888.0,5275.0,5237.0,4919.714285714285,5068.892857142857
2,2022-11-14,4102,423,1,0,0,0,c,a,5834,2022,11,46,0,4,0,4791.0,4951.0,5214.0,4912.142857142857,5054.535714285715
2,2022-11-15,6179,469,1,1,0,0,c,a,5834,2022,11,46,1,4,0,5001.0,4047.0,5067.0,4813.714285714285,5014.821428571428
2,2022-11-16,5480,658,1,1,0,0,c,a,5834,2022,11,46,2,4,0,4715.0,4599.0,5760.0,4982.0,5054.535714285715
2,2022-11-17,4664,562,1,0,0,0,c,a,5834,2022,11,46,3,4,0,4702.0,5404.0,4544.0,5091.285714285715,5044.535714285715
2,2022-11-18,5398,548,1,1,0,0,c,a,5834,2022,11,46,4,4,0,6032.0,5979.0,4096.0,5085.857142857143,5048.821428571428
2,2022-11-19,4503,401,1,1,0,0,c,a,5834,2022,11,46,5,4,1,4309.0,5293.0,5313.0,4995.285714285715,5095.321428571428
2,2022-11-21,4305,323,1,0,0,0,c,a,5834,2022,11,47,0,4,0,4835.0,4888.0,5960.0,5023.0,5066.392857142857
2,2022-11-22,4685,381,1,0,0,0,c,a,5834,2022,11,47,1,4,0,4102.0,4791.0,5954.0,4947.285714285715,5007.285714285715
2,2022-11-23,5569,414,1,1,0,0,c,a,5834,2022,11,47,2,4,0,6179.0,5001.0,5008.0,5030.571428571428,4961.964285714285
2,2022-11-24,4796,443,1,0,0,0,c,a,5834,2022,11,47,3,4,0,5480.0,4715.0,4875.0,4943.428571428572,4982.0
2,2022-11-25,4619,473,1,1,0,0,c,a,5834,2022,11,47,4,4,0,4664.0,4702.0,4436.0,4845.714285714285,4979.178571428572
2,2022-11-26,4268,386,1,0,0,0,c,a,5834,2022,11,47,5,4,1,5398.0,6032.0,5479.0,4839.285714285715,4985.714285714285
2,2022-11-28,4232,348,1,0,0,0,c,a,5834,2022,11,48,0,4,0,4503.0,4309.0,5000.0,4677.857142857143,4942.464285714285
2,2022-11-29,5892,449,1,1,0,0,c,a,5834,2022,11,48,1,4,0,4305.0,4835.0,5275.0,4639.142857142857,4915.035714285715
2,2022-11-30,5374,410,1,0,0,0,c,a,5834,2022,11,48,2,4,0,4685.0,4102.0,4951.0,4865.857142857143,4937.071428571428
2,2022-12-01,4809,534,1,0,0,0,c,a,5834,2022,12,48,3,4,0,5569.0,6179.0,4047.0,4964.285714285715,4952.178571428572
2,2022-12-02,3755,312,1,0,0,0,c,a,5834,2022,12,48,4,4,0,4796.0,5480.0,4599.0,4855.714285714285,4979.392857142857
2,2022-12-03,3593,291,1,0,0,0,c,a,5834,2022,12,48,5,4,1,4619.0,4664.0,5404.0,4707.0,4949.25
2,2022-12-05,4150,312,1,0,0,0,c,a,5834,2022,12,49,0,4,0,4268.0,5398.0,5979.0,4560.428571428572,4884.571428571428
2,2022-12-06,4104,319,1,0,0,0,c,a,5834,2022,12,49,1,4,0,4232.0,4503.0,5293.0,4543.571428571428,4819.25
2,2022-12-07,4886,484,1,0,0,0,c,a,5834,2022,12,49,2,4,0,5892.0,4305.0,4888.0,4525.285714285715,4776.785714285715
2,2022-12-08,5448,608,1,1,0,0,c,a,5834,2022,12,49,3,4,0,5374.0,4685.0,4791.0,4381.571428571428,4776.714285714285
2,2022-12-09,4526,369,1,1,0,0,c,a,5834,2022,12,49,4,4,0,4809.0,5569.0,5001.0,4392.142857142857,4800.178571428572
2,2022-12-10,3862,410,1,1,0,0,c,a,5834,2022,12,49,5,4,1,3755.0,4796.0,4715.0,4351.714285714285,4783.214285714285
2,2022-12-12,4600,378,1,1,0,0,c,a,5834,2022,12,50,0,4,0,3593.0,4619.0,4702.0,4367.0,4752.75
2,2022-12-13,4265,423,1,0,0,0,c,a,5834,2022,12,50,1,4,0,4150.0,4268.0,6032.0,4510.857142857143,4749.107142857143
2,2022-12-14,5696,600,1,1,0,0,c,a,5834,2022,12,50,2,4,0,4104.0,4232.0,4309.0,4527.285714285715,4686.0
2,2022-12-15,4240,471,1,0,0,0,c,a,5834,2022,12,50,3,4,0,4886.0,5892.0,4835.0,4754.714285714285,4735.535714285715
2,2022-12-16,5009,508,1,1,0,0,c,a,5834,2022,12,50,4,4,0,5448.0,5374.0,4102.0,4662.428571428572,4714.285714285715
2,2022-12-17,4235,347,1,1,0,0,c,a,5834,2022,12,50,5,4,1,4526.0,4809.0,6179.0,4599.714285714285,4746.678571428572
2,2022-12-19,4222,360,1,0,0,0,c,a,5834,2022,12,51,0,4,0,3862.0,3755.0,5480.0,4558.142857142857,4677.25
2,2022-12-20,4524,561,1,0,0,0,c,a,5834,2022,12,51,1,4,0,4600.0,3593.0,4664.0,4609.571428571428,4632.321428571428
2,2022-12-21,5804,541,1,1,0,0,c,a,5834,2022,12,51,2,4,0,4265.0,4150.0,5398.0,4598.714285714285,4627.321428571428
2,2022-12-22,4889,362,1,1,0,0,c,a,5834,2022,12,51,3,4,0,5696.0,4104.0,4503.0,4818.571428571428,4641.821428571428
2,2022-12-23,4945,448,1,1,0,0,c,a,5834,2022,12,51,4,4,0,4240.0,4886.0,4305.0,4703.285714285715,4655.607142857143
2,2022-12-24,3155,232,1,0,0,0,c,a,5834,2022,12,51,5,4,1,5009.0,5448.0,4685.0,4804.0,4678.464285714285
2,2022-12-26,4452,348,1,0,0,0,c,a,5834,2022,12,52,0,4,0,4235.0,4526.0,5569.0,4539.142857142857,4623.821428571428
2,2022-12-27,4799,449,1,0,0,0,c,a,5834,2022,12,52,1,4,0,4222.0,3862.0,4796.0,4570.142857142857,4583.928571428572
2,2022-12-28,5487,569,1,1,0,0,c,a,5834,2022,12,52,2,4,0,4524.0,4600.0,4619.0,4652.571428571428,4584.035714285715
2,2022-12-29,3861,289,1,0,0,0,c,a,5834,2022,12,52,3,4,0,5804.0,4265.0,4268.0,4790.142857142857,4615.035714285715
2,2022-12-30,3297,306,1,0,0,0,c,a,5834,2022,12,52,4,4,0,4889.0,5696.0,4232.0,4512.571428571428,4600.5
2,2022-12-31,3949,407,1,0,0,0,c,a,5834,2022,12,52,5,4,1,4945.0,4240.0,5892.0,4285.142857142857,4567.107142857143
2,2023-01-02,3931,392,1,0,0,0,c,a,5834,2023,1,1,0,1,0,3155.0,5009.0,5374.0,4142.857142857143,4497.714285714285
2,2023-01-03,5207,550,1,0,0,0,c,a,5834,2023,1,1,1,1,0,4452.0,4235.0,4809.0,4253.714285714285,4446.178571428572
2,2023-01-04,5486,675,1,1,0,0,c,a,5834,2023,1,1,2,1,0,4799.0,4222.0,3755.0,4361.571428571428,4460.392857142857
2,2023-01-05,5274,565,1,1,0,0,c,a,5834,2023,1,1,3,1,0,5487.0,4524.0,3593.0,4459.714285714285,4522.214285714285
2,2023-01-06,4829,599,1,1,0,0,c,a,5834,2023,1,1,4,1,0,3861.0,5804.0,4150.0,4429.285714285715,4582.25
2,2023-01-07,3898,373,1,0,0,0,c,a,5834,2023,1,1,5,1,1,3297.0,4889.0,4104.0,4567.571428571428,4606.5
2,2023-01-09,4361,449,1,0,0,0,c,a,5834,2023,1,2,0,1,0,3949.0,4945.0,4886.0,4653.428571428572,4599.142857142857
2,2023-01-10,5339,382,1,0,0,0,c,a,5834,2023,1,2,1,1,0,3931.0,3155.0,5448.0,4712.285714285715,4580.392857142857
2,2023-01-11,4649,562,1,0,0,0,c,a,5834,2023,1,2,2,1,0,5207.0,4452.0,4526.0,4913.428571428572,4576.5
2,2023-01-12,4883,492,1,0,0,0,c,a,5834,2023,1,2,3,1,0,5486.0,4799.0,3862.0,4833.714285714285,4580.892857142857
2,2023-01-13,4425,320,1,1,0,0,c,a,5834,2023,1,2,4,1,0,5274.0,5487.0,4600.0,4747.571428571428,4617.357142857143
2,2023-01-14,3880,277,1,0,0,0,c,a,5834,2023,1,2,5,1,1,4829.0,3861.0,4265.0,4626.285714285715,4611.107142857143
2,2023-01-16,4886,447,1,1,0,0,c,a,5834,2023,1,3,0,1,0,3898.0,3297.0,5696.0,4490.714285714285,4597.357142857143
2,2023-01-17,5230,468,1,1,0,0,c,a,5834,2023,1,3,1,1,0,4361.0,3949.0,4240.0,4631.857142857143,4568.428571428572
2,2023-01-18,5372,622,1,1,0,0,c,a,5834,2023,1,3,2,1,0,5339.0,3931.0,5009.0,4756.0,4603.785714285715
2,2023-01-19,5519,616,1,1,0,0,c,a,5834,2023,1,3,3,1,0,4649.0,5207.0,4235.0,4760.714285714285,4616.75
2,2023-01-20,4511,559,1,1,0,0,c,a,5834,2023,1,3,4,1,0,4883.0,5486.0,4222.0,4885.0,4662.607142857143
2,2023-01-21,4178,481,1,1,0,0,c,a,5834,2023,1,3,5,1,1,4425.0,5274.0,4524.0,4831.857142857143,4672.928571428572
2,2023-01-23,5527,480,1,1,0,0,c,a,5834,2023,1,4,0,1,0,3880.0,4829.0,5804.0,4796.571428571428,4660.571428571428
2,2023-01-24,4678,371,1,0,0,0,c,a,5834,2023,1,4,1,1,0,4886.0,3898.0,4889.0,5031.857142857143,4650.678571428572
2,2023-01-25,4437,354,1,0,0,0,c,a,5834,2023,1,4,2,1,0,5230.0,4361.0,4945.0,5002.142857142857,4643.142857142857
2,2023-01-26,5342,471,1,1,0,0,c,a,5834,2023,1,4,3,1,0,5372.0,5339.0,3155.0,4888.857142857143,4625.0
2,2023-01-27,4208,388,1,0,0,0,c,a,5834,2023,1,4,4,1,0,5519.0,4649.0,4452.0,4884.571428571428,4703.107142857143
2,2023-01-28,4911,593,1,1,0,0,c,a,5834,2023,1,4,5,1,1,4511.0,4883.0,4799.0,4697.285714285715,4694.392857142857
2,2023-01-30,5391,488,1,1,0,0,c,a,5834,2023,1,5,0,1,0,4178.0,4425.0,5487.0,4754.428571428572,4698.392857142857
2,2023-01-31,4823,490,1,0,0,0,c,a,5834,2023,1,5,1,1,0,5527.0,3880.0,3861.0,4927.714285714285,4694.964285714285
2,2023-02-01,5497,425,1,1,0,0,c,a,5834,2023,2,5,2,1,0,4678.0,4886.0,3297.0,4827.142857142857,4729.321428571428
2,2023-02-02,5153,466,1,1,0,0,c,a,5834,2023,2,5,3,1,0,4437.0,5230.0,3949.0,4944.142857142857,4807.892857142857
2,2023-02-03,3810,306,1,0,0,0,c,a,5834,2023,2,5,4,1,0,5342.0,5372.0,3931.0,5046.428571428572,4850.892857142857
2,2023-02-04,4062,308,1,0,0,0,c,a,5834,2023,2,5,5,1,1,4208.0,5519.0,5207.0,4827.571428571428,4846.571428571428
2,2023-02-06,4941,420,1,0,0,0,c,a,5834,2023,2,6,0,1,0,4911.0,4511.0,5486.0,4806.714285714285,4805.678571428572
2,2023-02-07,4486,357,1,0,0,0,c,a,5834,2023,2,6,1,1,0,5391.0,4178.0,5274.0,4811.0,4786.214285714285
2,2023-02-08,5247,517,1,0,0,0,c,a,5834,2023,2,6,2,1,0,4823.0,5527.0,4829.0,4681.714285714285,4758.071428571428
2,2023-02-09,4477,325,1,0,0,0,c,a,5834,2023,2,6,3,1,0,5497.0,4678.0,3898.0,4742.285714285715,4773.0
2,2023-02-10,4361,438,1,1,0,0,c,a,5834,2023,2,6,4,1,0,5153.0,4437.0,4361.0,4596.571428571428,4793.678571428572
2,2023-02-11,4430,502,1,1,0,0,c,a,5834,2023,2,6,5,1,1,3810.0,5342.0,5339.0,4483.428571428572,4793.678571428572
2,2023-02-13,3607,333,1,0,0,0,c,a,5834,2023,2,7,0,1,0,4062.0,4208.0,4649.0,4572.0,4761.214285714285
2,2023-02-14,4348,490,1,0,0,0,c,a,5834,2023,2,7,1,1,0,4941.0,4911.0,4883.0,4507.0,4724.0
2,2023-02-15,5241,407,1,0,0,0,c,a,5834,2023,2,7,2,1,0,4486.0,5391.0,4425.0,4422.285714285715,4704.892857142857
2,2023-02-16,5803,605,1,1,0,0,c,a,5834,2023,2,7,3,1,0,5247.0,4823.0,3880.0,4530.142857142857,4734.035714285715
2,2023-02-17,3738,301,1,0,0,0,c,a,5834,2023,2,7,4,1,0,4477.0,5497.0,4886.0,4609.571428571428,4802.714285714285
2,2023-02-18,4719,356,1,1,0,0,c,a,5834,2023,2,7,5,1,1,4361.0,5153.0,5230.0,4504.0,4761.714285714285
2,2023-02-20,4445,406,1,0,0,0,c,a,5834,2023,2,8,0,1,0,4430.0,3810.0,5372.0,4555.142857142857,4743.464285714285
2,2023-02-21,5118,407,1,0,0,0,c,a,5834,2023,2,8,1,1,0,3607.0,4062.0,5519.0,4557.285714285715,4710.357142857143
2,2023-02-22,5214,604,1,0,0,0,c,a,5834,2023,2,8,2,1,0,4348.0,4941.0,4511.0,4773.142857142857,4696.035714285715
2,2023-02-23,4946,574,1,0,0,0,c,a,5834,2023,2,8,3,1,0,5241.0,4486.0,4178.0,4896.857142857143,4721.142857142857
2,2023-02-24,4446,418,1,0,0,0,c,a,5834,2023,2,8,4,1,0,5803.0,5247.0,5527.0,4854.714285714285,4748.571428571428
2,2023-02-25,4036,292,1,0,0,0,c,a,5834,2023,2,8,5,1,1,3738.0,4477.0,4678.0,4660.857142857143,4709.964285714285
2,2023-02-27,4652,407,1,0,0,0,c,a,5834,2023,2,9,0,1,0,4719.0,4361.0,4437.0,4703.428571428572,4687.035714285715
2,2023-02-28,5397,474,1,0,0,0,c,a,5834,2023,2,9,1,1,0,4445.0,4430.0,5342.0,4693.857142857143,4694.714285714285
2,2023-03-01,4974,373,1,0,0,0,c,a,5834,2023,3,9,2,1,0,5118.0,3607.0,4208.0,4829.857142857143,4696.678571428572
2,2023-03-02,5178,584,1,0,0,0,c,a,5834,2023,3,9,3,1,0,5214.0,4348.0,4911.0,4809.285714285715,4724.035714285715
2,2023-03-03,5424,392,1,1,0,0,c,a,5834,2023,3,9,4,1,0,4946.0,5241.0,5391.0,4804.142857142857,4733.571428571428
2,2023-03-04,4794,589,1,1,0,0,c,a,5834,2023,3,9,5,1,1,4446.0,5803.0,4823.0,4872.428571428572,4734.75
2,2023-03-06,5832,699,1,1,0,0,c,a,5834,2023,3,10,0,1,0,4036.0,3738.0,5497.0,4922.142857142857,4733.714285714285
2,2023-03-07,5332,475,1,0,0,0,c,a,5834,2023,3,10,1,1,0,4652.0,4719.0,5153.0,5178.714285714285,4745.678571428572
2,2023-03-08,5121,393,1,0,0,0,c,a,5834,2023,3,10,2,1,0,5397.0,4445.0,3810.0,5275.857142857143,4752.071428571428
2,2023-03-09,5330,452,1,1,0,0,c,a,5834,2023,3,10,3,1,0,4974.0,5118.0,4062.0,5236.428571428572,4798.892857142857
2,2023-03-10,4336,336,1,0,0,0,c,a,5834,2023,3,10,4,1,0,5178.0,5214.0,4941.0,5287.285714285715,4844.178571428572
2,2023-03-11,4541,455,1,0,0,0,c,a,5834,2023,3,10,5,1,1,5424.0,4946.0,4486.0,5167.0,4822.571428571428
2,2023-03-13,5112,382,1,1,0,0,c,a,5834,2023,3,11,0,1,0,4794.0,4446.0,5247.0,5040.857142857143,4824.535714285715
2,2023-03-14,4740,542,1,0,0,0,c,a,5834,2023,3,11,1,1,0,5832.0,4036.0,4477.0,5086.285714285715,4819.714285714285
2,2023-03-15,5181,411,1,0,0,0,c,a,5834,2023,3,11,2,1,0,5332.0,4652.0,4361.0,4930.285714285715,4829.107142857143
2,2023-03-16,6522,545,1,1,0,0,c,a,5834,2023,3,11,3,1,0,5121.0,5397.0,4430.0,4908.714285714285,4858.392857142857
2,2023-03-17,5011,381,1,0,0,0,c,a,5834,2023,3,11,4,1,0,5330.0,4974.0,3607.0,5108.857142857143,4933.107142857143
2,2023-03-18,5235,382,1,1,0,0,c,a,5834,2023,3,11,5,1,1,4336.0,5178.0,4348.0,5063.285714285715,4983.25
2,2023-03-20,5878,520,1,1,0,0,c,a,5834,2023,3,12,0,1,0,4541.0,5424.0,5241.0,5191.714285714285,5014.928571428572
2,2023-03-21,5371,452,1,0,0,0,c,a,5834,2023,3,12,1,1,0,5112.0,4794.0,5803.0,5382.714285714285,5037.678571428572
2,2023-03-22,6472,641,1,1,0,0,c,a,5834,2023,3,12,2,1,0,4740.0,5832.0,3738.0,5419.714285714285,5022.25
2,2023-03-23,6311,492,1,1,0,0,c,a,5834,2023,3,12,3,1,0,5181.0,5332.0,4719.0,5667.142857142857,5119.892857142857
2,2023-03-24,5358,445,1,1,0,0,c,a,5834,2023,3,12,4,1,0,6522.0,5121.0,4445.0,5828.571428571428,5176.75
2,2023-03-25,4041,423,1,0,0,0,c,a,5834,2023,3,12,5,1,1,5011.0,5330.0,5118.0,5662.285714285715,5209.357142857143
2,2023-03-27,5197,583,1,1,0,0,c,a,5834,2023,3,13,0,1,0,5235.0,4336.0,5214.0,5523.714285714285,5170.892857142857
2,2023-03-28,5370,425,1,0,0,0,c,a,5834,2023,3,13,1,1,0,5878.0,4541.0,4946.0,5518.285714285715,5170.285714285715
2,2023-03-29,5666,649,1,0,0,0,c,a,5834,2023,3,13,2,1,0,5371.0,5112.0,4446.0,5445.714285714285,5185.428571428572
2,2023-03-30,5449,412,1,0,0,0,c,a,5834,2023,3,13,3,1,0,6472.0,4740.0,4036.0,5487.857142857143,5229.0
2,2023-03-31,4440,480,1,0,0,0,c,a,5834,2023,3,13,4,1,0,6311.0,5181.0,4652.0,5341.714285714285,5279.464285714285
2,2023-04-01,5909,474,1,1,0,0,c,a,5834,2023,4,13,5,2,1,5358.0,6522.0,5397.0,5074.428571428572,5271.892857142857
2,2023-04-03,5934,517,1,1,0,0,c,a,5834,2023,4,14,0,2,0,4041.0,5011.0,4974.0,5153.142857142857,5290.178571428572
2,2023-04-04,6432,704,1,1,0,0,c,a,5834,2023,4,14,1,2,0,5197.0,5235.0,5178.0,5423.571428571428,5324.464285714285
2,2023-04-05,5769,444,1,0,0,0,c,a,5834,2023,4,14,2,2,0,5370.0,5878.0,5424.0,5600.0,5369.25
2,2023-04-06,5135,486,1,0,0,0,c,a,5834,2023,4,14,3,2,0,5666.0,5371.0,4794.0,5657.0,5381.571428571428
2,2023-04-08,4776,396,1,0,0,0,c,a,5834,2023,4,14,5,2,1,5449.0,6472.0,5832.0,5581.142857142857,5393.75
2,2023-04-10,5881,518,1,1,0,0,c,a,5834,2023,4,15,0,2,0,4440.0,6311.0,5332.0,5485.0,5356.035714285715
2,2023-04-11,6335,515,1,1,0,0,c,a,5834,2023,4,15,1,2,0,5909.0,5358.0,5121.0,5690.857142857143,5375.642857142857
2,2023-04-12,6890,732,1,1,0,0,c,a,5834,2023,4,15,2,2,0,5934.0,4041.0,5330.0,5751.714285714285,5419.0
2,2023-04-13,5256,573,1,0,0,0,c,a,5834,2023,4,15,3,2,0,6432.0,5197.0,4336.0,5888.285714285715,5474.714285714285
2,2023-04-14,6423,719,1,1,0,0,c,a,5834,2023,4,15,4,2,0,5769.0,5370.0,4541.0,5720.285714285715,5507.571428571428
2,2023-04-15,5389,443,1,1,0,0,c,a,5834,2023,4,15,5,2,1,5135.0,5666.0,5112.0,5813.714285714285,5574.785714285715
2,2023-04-17,5410,552,1,0,0,0,c,a,5834,2023,4,16,0,2,0,4776.0,5449.0,4740.0,5850.0,5584.678571428572
2,2023-04-18,5563,619,1,0,0,0,c,a,5834,2023,4,16,1,2,0,5881.0,4440.0,5181.0,5940.571428571428,5608.607142857143
2,2023-04-19,5735,603,1,0,0,0,c,a,5834,2023,4,16,2,2,0,6335.0,5909.0,6522.0,5895.142857142857,5622.25
2,2023-04-20,6563,518,1,1,0,0,c,a,5834,2023,4,16,3,2,0,6890.0,5934.0,5011.0,5809.428571428572,5594.142857142857
2,2023-04-21,6649,579,1,1,0,0,c,a,5834,2023,4,16,4,2,0,5256.0,6432.0,5235.0,5762.714285714285,5649.571428571428
2,2023-04-22,5943,729,1,1,0,0,c,a,5834,2023,4,16,5,2,1,6423.0,5769.0,5878.0,5961.714285714285,5700.071428571428
2,2023-04-24,5421,439,1,0,0,0,c,a,5834,2023,4,17,0,2,0,5389.0,5135.0,5371.0,5893.142857142857,5702.392857142857
2,2023-04-25,6075,534,1,0,0,0,c,a,5834,2023,4,17,1,2,0,5410.0,4776.0,6472.0,5897.714285714285,5704.178571428572
2,2023-04-26,6604,512,1,1,0,0,c,a,5834,2023,4,17,2,2,0,5563.0,5881.0,6311.0,5992.714285714285,5690.0
2,2023-04-27,6072,681,1,0,0,0,c,a,5834,2023,4,17,3,2,0,5735.0,6335.0,5358.0,6141.428571428572,5700.464285714285
2,2023-04-28,4902,444,1,0,0,0,c,a,5834,2023,4,17,4,2,0,6563.0,6890.0,4041.0,6189.571428571428,5725.964285714285
2,2023-04-29,5550,555,1,1,0,0,c,a,5834,2023,4,17,5,2,1,6649.0,5256.0,5197.0,5952.285714285715,5756.714285714285
2,2023-05-01,6649,778,1,0,0,0,c,a,5834,2023,5,18,0,2,0,5943.0,6423.0,5370.0,5795.285714285715,5769.321428571428
2,2023-05-02,6150,625,1,0,0,0,c,a,5834,2023,5,18,1,2,0,5421.0,5389.0,5666.0,5896.142857142857,5815.0
2,2023-05-03,6431,487,1,1,0,0,c,a,5834,2023,5,18,2,2,0,6075.0,5410.0,5449.0,6000.285714285715,5832.285714285715
2,2023-05-04,5850,500,1,0,0,0,c,a,5834,2023,5,18,3,2,0,6604.0,5563.0,4440.0,6051.142857142857,5867.357142857143
2,2023-05-05,5378,589,1,0,0,0,c,a,5834,2023,5,18,4,2,0,6072.0,5735.0,5909.0,5943.428571428572,5917.714285714285
2,2023-05-06,6040,541,1,1,0,0,c,a,5834,2023,5,18,5,2,1,4902.0,6563.0,5934.0,5844.285714285715,5898.75
2,2023-05-08,6245,749,1,1,0,0,c,a,5834,2023,5,19,0,2,0,5550.0,6649.0,6432.0,6006.857142857143,5902.535714285715
2,2023-05-09,6758,742,1,1,0,0,c,a,5834,2023,5,19,1,2,0,6649.0,5943.0,5769.0,6106.142857142857,5895.857142857143
2,2023-05-10,6502,503,1,0,0,0,c,a,5834,2023,5,19,2,2,0,6150.0,5421.0,5135.0,6121.714285714285,5931.178571428572
2,2023-05-11,7191,895,1,1,0,0,c,a,5834,2023,5,19,3,2,0,6431.0,6075.0,4776.0,6172.0,5980.0
2,2023-05-12,5537,411,1,0,0,0,c,a,5834,2023,5,19,4,2,0,5850.0,6604.0,5881.0,6280.571428571428,6066.25
2,2023-05-13,6540,476,1,1,0,0,c,a,5834,2023,5,19,5,2,1,5378.0,6072.0,6335.0,6235.857142857143,6053.964285714285
2,2023-05-15,6578,503,1,1,0,0,c,a,5834,2023,5,20,0,2,0,6040.0,4902.0,6890.0,6401.857142857143,6061.285714285715
2,2023-05-16,7228,788,1,1,0,0,c,a,5834,2023,5,20,1,2,0,6245.0,5550.0,5256.0,6478.714285714285,6050.142857142857
2,2023-05-17,7151,665,1,1,0,0,c,a,5834,2023,5,20,2,2,0,6758.0,6649.0,6423.0,6619.142857142857,6120.571428571428
2,2023-05-18,6690,686,1,1,0,0,c,a,5834,2023,5,20,3,2,0,6502.0,6150.0,5389.0,6675.285714285715,6146.571428571428
2,2023-05-19,6464,469,1,1,0,0,c,a,5834,2023,5,20,4,2,0,7191.0,6431.0,5410.0,6702.142857142857,6193.035714285715
2,2023-05-20,5174,385,1,0,0,0,c,a,5834,2023,5,20,5,2,1,5537.0,5850.0,5563.0,6598.285714285715,6230.678571428572
2,2023-05-22,6780,513,1,1,0,0,c,a,5834,2023,5,21,0,2,0,6540.0,5378.0,5735.0,6546.428571428572,6216.785714285715
2,2023-05-23,7356,754,1,1,0,0,c,a,5834,2023,5,21,1,2,0,6578.0,6040.0,6563.0,6580.714285714285,6254.107142857143
2,2023-05-24,6717,681,1,0,0,0,c,a,5834,2023,5,21,2,2,0,7228.0,6245.0,6649.0,6691.857142857143,6282.428571428572
2,2023-05-25,6654,507,1,0,0,0,c,a,5834,2023,5,21,3,2,0,7151.0,6758.0,5943.0,6618.857142857143,6284.857142857143
2,2023-05-26,5882,522,1,0,0,0,c,a,5834,2023,5,21,4,2,0,6690.0,6502.0,5421.0,6547.857142857143,6310.25
2,2023-05-27,5266,428,1,0,0,0,c,a,5834,2023,5,21,5,2,1,6464.0,7191.0,6075.0,6432.428571428572,6326.714285714285
2,2023-05-29,6018,453,1,0,0,0,c,a,5834,2023,5,22,0,2,0,5174.0,5537.0,6604.0,6261.285714285715,6297.821428571428
2,2023-05-30,7020,728,1,1,0,0,c,a,5834,2023,5,22,1,2,0,6780.0,6540.0,6072.0,6381.857142857143,6276.892857142857
2,2023-05-31,6686,575,1,0,0,0,c,a,5834,2023,5,22,2,2,0,7356.0,6578.0,4902.0,6416.142857142857,6310.75
2,2023-06-01,6283,454,1,0,0,0,c,a,5834,2023,6,22,3,2,0,6717.0,7228.0,5550.0,6320.428571428572,6374.464285714285
2,2023-06-02,5007,392,1,0,0,0,c,a,5834,2023,6,22,4,2,0,6654.0,7151.0,6649.0,6258.428571428572,6400.642857142857
2,2023-06-03,5118,384,1,0,0,0,c,a,5834,2023,6,22,5,2,1,5882.0,6690.0,6150.0,6023.142857142857,6342.0
2,2023-06-05,7116,780,1,1,0,0,c,a,5834,2023,6,23,0,2,0,5266.0,6464.0,6431.0,5914.0,6305.142857142857
2,2023-06-06,6635,525,1,0,0,0,c,a,5834,2023,6,23,1,2,0,6018.0,5174.0,5850.0,6178.285714285715,6329.607142857143
2,2023-06-07,6589,657,1,0,0,0,c,a,5834,2023,6,23,2,2,0,7020.0,6780.0,5378.0,6266.428571428572,6357.642857142857
2,2023-06-08,6516,655,1,0,0,0,c,a,5834,2023,6,23,3,2,0,6686.0,7356.0,6040.0,6204.857142857143,6400.892857142857
2,2023-06-09,6857,573,1,1,0,0,c,a,5834,2023,6,23,4,2,0,6283.0,6717.0,6245.0,6180.571428571428,6417.892857142857
2,2023-06-10,6078,464,1,1,0,0,c,a,5834,2023,6,23,5,2,1,5007.0,6654.0,6758.0,6262.571428571428,6439.75
2,2023-06-12,6335,657,1,0,0,0,c,a,5834,2023,6,24,0,2,0,5118.0,5882.0,6502.0,6415.571428571428,6415.464285714285
2,2023-06-13,6448,600,1,0,0,0,c,a,5834,2023,6,24,1,2,0,7116.0,5266.0,7191.0,6589.428571428572,6409.5
2,2023-06-14,6700,815,1,0,0,0,c,a,5834,2023,6,24,2,2,0,6635.0,6018.0,5537.0,6494.0,6382.964285714285
2,2023-06-15,6438,660,1,0,0,0,c,a,5834,2023,6,24,3,2,0,6589.0,7020.0,6540.0,6503.285714285715,6424.5
2,2023-06-16,6805,538,1,1,0,0,c,a,5834,2023,6,24,4,2,0,6516.0,6686.0,6578.0,6481.714285714285,6420.857142857143
2,2023-06-17,5077,371,1,0,0,0,c,a,5834,2023,6,24,5,2,1,6857.0,6283.0,7228.0,6523.0,6428.964285714285
2,2023-06-19,6887,797,1,1,0,0,c,a,5834,2023,6,25,0,2,0,6078.0,5007.0,7151.0,6268.714285714285,6352.142857142857
2,2023-06-20,7745,692,1,1,0,0,c,a,5834,2023,6,25,1,2,0,6335.0,5118.0,6690.0,6384.285714285715,6342.714285714285
2,2023-06-21,6664,552,1,0,0,0,c,a,5834,2023,6,25,2,2,0,6448.0,7116.0,6464.0,6585.714285714285,6380.392857142857
2,2023-06-22,6473,500,1,0,0,0,c,a,5834,2023,6,25,3,2,0,6700.0,6635.0,5174.0,6616.571428571428,6387.535714285715
2,2023-06-23,5435,461,1,0,0,0,c,a,5834,2023,6,25,4,2,0,6438.0,6589.0,6780.0,6584.142857142857,6433.928571428572
2,2023-06-24,5322,529,1,0,0,0,c,a,5834,2023,6,25,5,2,1,6805.0,6516.0,7356.0,6440.857142857143,6385.892857142857
2,2023-06-26,6533,677,1,1,0,0,c,a,5834,2023,6,26,0,2,0,5077.0,6857.0,6717.0,6229.0,6313.25
2,2023-06-27,7851,802,1,1,0,0,c,a,5834,2023,6,26,1,2,0,6887.0,6078.0,6654.0,6437.0,6306.678571428572
2,2023-06-28,6929,741,1,0,0,0,c,a,5834,2023,6,26,2,2,0,7745.0,6335.0,5882.0,6574.714285714285,6349.428571428572
2,2023-06-29,7892,636,1,1,0,0,c,a,5834,2023,6,26,3,2,0,6664.0,6448.0,5266.0,6458.142857142857,6386.821428571428
2,2023-06-30,5812,471,1,0,0,0,c,a,5834,2023,6,26,4,2,0,6473.0,6700.0,6018.0,6633.571428571428,6480.607142857143
2,2023-07-01,6778,658,1,1,0,1,c,a,5834,2023,7,26,5,3,1,5435.0,6438.0,7020.0,6539.142857142857,6473.25
2,2023-07-03,7045,544,1,0,0,1,c,a,5834,2023,7,27,0,3,0,5322.0,6805.0,6686.0,6731.0,6464.607142857143
2,2023-07-04,8004,965,1,1,0,1,c,a,5834,2023,7,27,1,3,0,6533.0,5077.0,6283.0,6977.142857142857,6477.428571428572
2,2023-07-05,7901,564,1,1,0,1,c,a,5834,2023,7,27,2,3,0,7851.0,6887.0,5007.0,7187.285714285715,6538.892857142857
2,2023-07-06,7477,796,1,1,0,1,c,a,5834,2023,7,27,3,3,0,6929.0,7745.0,5118.0,7194.428571428572,6642.25
2,2023-07-07,7451,758,1,1,0,1,c,a,5834,2023,7,27,4,3,0,7892.0,6664.0,7116.0,7272.714285714285,6726.5
2,2023-07-08,5748,426,1,0,0,1,c,a,5834,2023,7,27,5,3,1,5812.0,6473.0,6635.0,7209.714285714285,6738.464285714285
2,2023-07-10,7654,584,1,1,0,1,c,a,5834,2023,7,28,0,3,0,6778.0,5435.0,6589.0,7200.571428571428,6706.785714285715
2,2023-07-11,7860,676,1,1,0,1,c,a,5834,2023,7,28,1,3,0,7045.0,5322.0,6516.0,7325.714285714285,6744.821428571428
2,2023-07-12,7121,534,1,0,0,1,c,a,5834,2023,7,28,2,3,0,8004.0,6533.0,6857.0,7442.142857142857,6792.821428571428
2,2023-07-13,7438,628,1,1,0,1,c,a,5834,2023,7,28,3,3,0,7901.0,7851.0,6078.0,7316.0,6802.25
2,2023-07-14,6228,459,1,0,0,1,c,a,5834,2023,7,28,4,3,0,7477.0,6929.0,6335.0,7249.857142857143,6850.821428571428
2,2023-07-15,6949,812,1,1,0,1,c,a,5834,2023,7,28,5,3,1,7451.0,7892.0,6448.0,7071.428571428572,6847.0
2,2023-07-17,7047,698,1,1,0,1,c,a,5834,2023,7,29,0,3,0,5748.0,5812.0,6700.0,6999.714285714285,6864.892857142857
2,2023-07-18,7494,718,1,1,0,1,c,a,5834,2023,7,29,1,3,0,7654.0,6778.0,6438.0,7185.285714285715,6877.285714285715
2,2023-07-19,6924,604,1,0,0,1,c,a,5834,2023,7,29,2,3,0,7860.0,7045.0,6805.0,7162.428571428572,6915.0
2,2023-07-20,7001,537,1,0,0,1,c,a,5834,2023,7,29,3,3,0,7121.0,8004.0,5077.0,7028.714285714285,6919.25
2,2023-07-21,7090,523,1,1,0,1,c,a,5834,2023,7,29,4,3,0,7438.0,7901.0,6887.0,7011.571428571428,6987.964285714285
2,2023-07-22,5939,444,1,0,0,1,c,a,5834,2023,7,29,5,3,1,6228.0,7477.0,7745.0,6961.857142857143,6995.214285714285
2,2023-07-24,6998,845,1,1,0,1,c,a,5834,2023,7,30,0,3,0,6949.0,7451.0,6664.0,6920.571428571428,6930.714285714285
2,2023-07-25,7079,597,1,0,0,1,c,a,5834,2023,7,30,1,3,0,7047.0,5748.0,6473.0,6927.571428571428,6942.642857142857
2,2023-07-26,6769,620,1,0,0,1,c,a,5834,2023,7,30,2,3,0,7494.0,7654.0,5435.0,6932.142857142857,6964.285714285715
2,2023-07-27,7580,588,1,1,0,1,c,a,5834,2023,7,30,3,3,0,6924.0,7860.0,5322.0,6828.571428571428,7011.928571428572
2,2023-07-28,7299,798,1,1,0,1,c,a,5834,2023,7,30,4,3,0,7001.0,7121.0,6533.0,6922.285714285715,7092.571428571428
2,2023-07-29,5632,429,1,0,0,1,c,a,5834,2023,7,30,5,3,1,7090.0,7438.0,7851.0,6964.857142857143,7119.928571428572
2,2023-07-31,7394,566,1,1,0,1,c,a,5834,2023,7,31,0,3,0,5939.0,6228.0,6929.0,6756.571428571428,7040.678571428572
2,2023-08-01,7159,874,1,0,0,1,c,a,5834,2023,8,31,1,3,0,6998.0,6949.0,7892.0,6964.428571428572,7057.285714285715
2,2023-08-02,7449,572,1,1,0,1,c,a,5834,2023,8,31,2,3,0,7079.0,7047.0,5812.0,6987.428571428572,7031.107142857143
2,2023-08-03,6432,647,1,0,0,1,c,a,5834,2023,8,31,3,3,0,6769.0,7494.0,6778.0,7040.285714285715,7089.571428571428
2,2023-08-04,7124,511,1,1,0,1,c,a,5834,2023,8,31,4,3,0,7580.0,6924.0,7045.0,6992.142857142857,7077.214285714285
2,2023-08-05,5803,595,1,0,0,1,c,a,5834,2023,8,31,5,3,1,7299.0,7001.0,8004.0,6927.0,7080.035714285715
2,2023-08-07,6547,482,1,0,0,1,c,a,5834,2023,8,32,0,3,0,5632.0,7090.0,7901.0,6713.285714285715,7001.428571428572
2,2023-08-08,7193,578,1,0,0,1,c,a,5834,2023,8,32,1,3,0,7394.0,5939.0,7477.0,6844.0,6953.071428571428
2,2023-08-09,7476,776,1,0,0,1,c,a,5834,2023,8,32,2,3,0,7159.0,6998.0,7451.0,6815.285714285715,6942.928571428572
2,2023-08-10,6971,610,1,0,0,1,c,a,5834,2023,8,32,3,3,0,7449.0,7079.0,5748.0,6860.571428571428,6943.821428571428
2,2023-08-11,7137,806,1,1,0,1,c,a,5834,2023,8,32,4,3,0,6432.0,6769.0,7654.0,6792.285714285715,6987.5
2,2023-08-12,6294,584,1,1,0,1,c,a,5834,2023,8,32,5,3,1,7124.0,7580.0,7860.0,6893.0,6969.035714285715
2,2023-08-14,7187,536,1,1,0,1,c,a,5834,2023,8,33,0,3,0,5803.0,7299.0,7121.0,6774.428571428572,6913.107142857143
2,2023-08-15,6539,797,1,0,0,1,c,a,5834,2023,8,33,1,3,0,6547.0,5632.0,7438.0,6972.142857142857,6915.464285714285
2,2023-08-16,7745,636,1,1,0,1,c,a,5834,2023,8,33,2,3,0,7193.0,7394.0,6228.0,6971.0,6883.357142857143
2,2023-08-17,7237,846,1,1,0,1,c,a,5834,2023,8,33,3,3,0,7476.0,7159.0,6949.0,7049.857142857143,6937.535714285715
2,2023-08-18,5964,561,1,0,0,1,c,a,5834,2023,8,33,4,3,0,6971.0,7449.0,7047.0,7015.714285714285,6947.821428571428
2,2023-08-19,5466,616,1,0,0,1,c,a,5834,2023,8,33,5,3,1,7137.0,6432.0,7494.0,6871.857142857143,6909.142857142857
2,2023-08-21,7075,799,1,1,0,1,c,a,5834,2023,8,34,0,3,0,6294.0,7124.0,6924.0,6633.142857142857,6836.714285714285
2,2023-08-22,7442,821,1,1,0,1,c,a,5834,2023,8,34,1,3,0,7187.0,5803.0,7001.0,6744.714285714285,6842.107142857143
2,2023-08-23,6543,573,1,0,0,1,c,a,5834,2023,8,34,2,3,0,6539.0,6547.0,7090.0,6781.142857142857,6857.857142857143
2,2023-08-24,7222,589,1,1,0,1,c,a,5834,2023,8,34,3,3,0,7745.0,7193.0,5939.0,6781.714285714285,6838.321428571428
2,2023-08-25,5702,444,1,0,0,1,c,a,5834,2023,8,34,4,3,0,7237.0,7476.0,6998.0,6707.0,6884.142857142857
2,2023-08-26,5525,549,1,0,0,1,c,a,5834,2023,8,34,5,3,1,5964.0,6971.0,7079.0,6487.714285714285,6837.857142857143
2,2023-08-28,7081,622,1,1,0,1,c,a,5834,2023,8,35,0,3,0,5466.0,7137.0,6769.0,6425.0,6782.357142857143
2,2023-08-29,6689,745,1,0,0,1,c,a,5834,2023,8,35,1,3,0,7075.0,6294.0,7580.0,6655.714285714285,6793.5
2,2023-08-30,7947,902,1,1,0,1,c,a,5834,2023,8,35,2,3,0,7442.0,7187.0,7299.0,6600.571428571428,6761.678571428572
2,2023-08-31,6989,864,1,1,0,1,c,a,5834,2023,8,35,3,3,0,6543.0,6539.0,5632.0,6672.714285714285,6784.821428571428
2,2023-09-01,6244,711,1,1,0,0,c,a,5834,2023,9,35,4,3,0,7222.0,7745.0,7394.0,6736.428571428572,6833.285714285715
2,2023-09-02,5857,487,1,0,0,0,c,a,5834,2023,9,35,5,3,1,5702.0,7237.0,7159.0,6596.714285714285,6792.214285714285
2,2023-09-04,6703,577,1,1,0,0,c,a,5834,2023,9,36,0,3,0,5525.0,5964.0,7449.0,6618.857142857143,6745.714285714285
2,2023-09-05,7102,538,1,1,0,0,c,a,5834,2023,9,36,1,3,0,7081.0,5466.0,6432.0,6787.142857142857,6719.071428571428
2,2023-09-06,7036,630,1,1,0,0,c,a,5834,2023,9,36,2,3,0,6689.0,7075.0,7124.0,6790.142857142857,6743.0
2,2023-09-07,6801,677,1,1,0,0,c,a,5834,2023,9,36,3,3,0,7947.0,7442.0,5803.0,6839.714285714285,6739.857142857143
2,2023-09-08,5590,425,1,0,0,0,c,a,5834,2023,9,36,4,3,0,6989.0,6543.0,6547.0,6676.0,6775.5
2,2023-09-09,5178,414,1,0,0,0,c,a,5834,2023,9,36,5,3,1,6244.0,7222.0,7193.0,6476.142857142857,6741.321428571428
2,2023-09-11,5892,433,1,0,0,0,c,a,5834,2023,9,37,0,3,0,5857.0,5702.0,7476.0,6323.857142857143,6669.357142857143
2,2023-09-12,7060,726,1,1,0,0,c,a,5834,2023,9,37,1,3,0,6703.0,5525.0,6971.0,6328.857142857143,6612.785714285715
2,2023-09-13,5639,542,1,0,0,0,c,a,5834,2023,9,37,2,3,0,7102.0,7081.0,7137.0,6379.857142857143,6615.964285714285
2,2023-09-14,7152,690,1,1,0,0,c,a,5834,2023,9,37,3,3,0,7036.0,6689.0,6294.0,6170.857142857143,6562.464285714285
2,2023-09-15,5197,378,1,0,0,0,c,a,5834,2023,9,37,4,3,0,6801.0,7947.0,7187.0,6187.428571428572,6593.107142857143
2,2023-09-16,5448,566,1,1,0,0,c,a,5834,2023,9,37,5,3,1,5590.0,6989.0,6539.0,5958.285714285715,6522.035714285715
2,2023-09-18,6422,598,1,1,0,0,c,a,5834,2023,9,38,0,3,0,5178.0,6244.0,7745.0,5938.0,6483.071428571428
2,2023-09-19,6405,459,1,1,0,0,c,a,5834,2023,9,38,1,3,0,5892.0,5857.0,7237.0,6115.714285714285,6435.821428571428
2,2023-09-20,5487,497,1,0,0,0,c,a,5834,2023,9,38,2,3,0,7060.0,6703.0,5964.0,6189.0,6406.107142857143
2,2023-09-21,6322,540,1,1,0,0,c,a,5834,2023,9,38,3,3,0,5639.0,7102.0,5466.0,5964.285714285715,6389.071428571428
2,2023-09-22,4662,433,1,0,0,0,c,a,5834,2023,9,38,4,3,0,7152.0,7036.0,7075.0,6061.857142857143,6419.642857142857
2,2023-09-23,5273,442,1,0,0,0,c,a,5834,2023,9,38,5,3,1,5197.0,6801.0,7442.0,5706.142857142857,6333.464285714285
2,2023-09-25,5644,478,1,0,0,0,c,a,5834,2023,9,39,0,3,0,5448.0,5590.0,6543.0,5717.0,6256.0
2,2023-09-26,7092,625,1,1,0,0,c,a,5834,2023,9,39,1,3,0,6422.0,5178.0,7222.0,5745.0,6223.892857142857
2,2023-09-27,6772,498,1,1,0,0,c,a,5834,2023,9,39,2,3,0,6405.0,5892.0,5702.0,5840.714285714285,6219.25
2,2023-09-28,4903,470,1,0,0,0,c,a,5834,2023,9,39,3,3,0,5487.0,7060.0,5525.0,5893.142857142857,6257.464285714285
2,2023-09-29,4630,359,1,0,0,0,c,a,5834,2023,9,39,4,3,0,6322.0,5639.0,7081.0,5809.714285714285,6235.25
2,2023-09-30,5242,567,1,0,0,0,c,a,5834,2023,9,39,5,3,1,4662.0,7152.0,6689.0,5568.0,6147.714285714285
2,2023-10-02,6138,471,1,1,0,0,c,a,5834,2023,10,40,0,4,0,5273.0,5197.0,7947.0,5650.857142857143,6096.035714285715
2,2023-10-03,5189,419,1,0,0,0,c,a,5834,2023,10,40,1,4,0,5644.0,5448.0,6989.0,5774.428571428572,6031.428571428572
2,2023-10-04,5560,460,1,0,0,0,c,a,5834,2023,10,40,2,4,0,7092.0,6422.0,6244.0,5709.428571428572,5967.142857142857
2,2023-10-05,6374,777,1,1,0,0,c,a,5834,2023,10,40,3,4,0,6772.0,6405.0,5857.0,5490.571428571428,5942.714285714285
2,2023-10-06,5617,644,1,1,0,0,c,a,5834,2023,10,40,4,4,0,4903.0,5487.0,6703.0,5433.714285714285,5961.178571428572
2,2023-10-07,5587,504,1,1,0,0,c,a,5834,2023,10,40,5,4,1,4630.0,6322.0,7102.0,5535.714285714285,5922.392857142857
2,2023-10-09,4917,430,1,0,0,0,c,a,5834,2023,10,41,0,4,0,5242.0,4662.0,7036.0,5672.428571428572,5868.285714285715
2,2023-10-10,5722,547,1,0,0,0,c,a,5834,2023,10,41,1,4,0,6138.0,5273.0,6801.0,5626.0,5792.607142857143
2,2023-10-11,5685,702,1,0,0,0,c,a,5834,2023,10,41,2,4,0,5189.0,5644.0,5590.0,5566.571428571428,5754.071428571428
2,2023-10-12,5638,619,1,1,0,0,c,a,5834,2023,10,41,3,4,0,5560.0,7092.0,5178.0,5637.428571428572,5757.464285714285
2,2023-10-13,4370,314,1,0,0,0,c,a,5834,2023,10,41,4,4,0,6374.0,6772.0,5892.0,5648.571428571428,5773.892857142857
2,2023-10-14,4815,385,1,0,0,0,c,a,5834,2023,10,41,5,4,1,5617.0,4903.0,7060.0,5362.285714285715,5719.535714285715
2,2023-10-16,5091,436,1,0,0,0,c,a,5834,2023,10,42,0,4,0,5587.0,4630.0,5639.0,5247.714285714285,5639.357142857143
2,2023-10-17,6232,666,1,1,0,0,c,a,5834,2023,10,42,1,4,0,4917.0,5242.0,7152.0,5176.857142857143,5619.785714285715
2,2023-10-18,5392,513,1,0,0,0,c,a,5834,2023,10,42,2,4,0,5722.0,6138.0,5197.0,5364.714285714285,5586.928571428572
2,2023-10-19,6021,528,1,1,0,0,c,a,5834,2023,10,42,3,4,0,5685.0,5189.0,5448.0,5317.571428571428,5593.892857142857
2,2023-10-20,4377,353,1,0,0,0,c,a,5834,2023,10,42,4,4,0,5638.0,5560.0,6422.0,5365.571428571428,5614.357142857143
2,2023-10-21,4305,376,1,0,0,0,c,a,5834,2023,10,42,5,4,1,4370.0,6374.0,6405.0,5185.428571428572,5541.321428571428
2,2023-10-23,5898,611,1,1,0,0,c,a,5834,2023,10,43,0,4,0,4815.0,5617.0,5487.0,5176.142857142857,5466.321428571428
2,2023-10-24,5232,391,1,0,0,0,c,a,5834,2023,10,43,1,4,0,5091.0,5587.0,6322.0,5330.857142857143,5481.0
2,2023-10-25,6768,651,1,1,0,0,c,a,5834,2023,10,43,2,4,0,6232.0,4917.0,4662.0,5351.0,5442.071428571428
2,2023-10-26,4558,359,1,0,0,0,c,a,5834,2023,10,43,3,4,0,5392.0,5722.0,5273.0,5427.571428571428,5517.285714285715
2,2023-10-27,5139,472,1,1,0,0,c,a,5834,2023,10,43,4,4,0,6021.0,5685.0,5644.0,5308.428571428572,5491.75
2,2023-10-28,3889,302,1,0,0,0,c,a,5834,2023,10,43,5,4,1,4377.0,5638.0,7092.0,5182.428571428572,5473.714285714285
2,2023-10-30,4447,346,1,0,0,0,c,a,5834,2023,10,44,0,4,0,4305.0,4370.0,6772.0,5112.714285714285,5359.321428571428
2,2023-10-31,5899,488,1,1,0,0,c,a,5834,2023,10,44,1,4,0,5898.0,4815.0,4903.0,5133.0,5276.285714285715
2,2023-11-01,6602,523,1,1,0,0,c,a,5834,2023,11,44,2,4,0,5232.0,5091.0,4630.0,5133.142857142857,5311.857142857143
2,2023-11-02,5573,644,1,0,0,0,c,a,5834,2023,11,44,3,4,0,6768.0,6232.0,5242.0,5328.857142857143,5382.285714285715
2,2023-11-03,4318,312,1,0,0,0,c,a,5834,2023,11,44,4,4,0,4558.0,5392.0,6138.0,5158.142857142857,5394.107142857143
2,2023-11-04,3784,320,1,0,0,0,c,a,5834,2023,11,44,5,4,1,5139.0,6021.0,5189.0,5123.857142857143,5329.107142857143
2,2023-11-06,4320,366,1,0,0,0,c,a,5834,2023,11,45,0,4,0,3889.0,4377.0,5560.0,4930.285714285715,5278.928571428572
2,2023-11-07,5157,518,1,0,0,0,c,a,5834,2023,11,45,1,4,0,4447.0,4305.0,6374.0,4991.857142857143,5234.642857142857
2,2023-11-08,5905,718,1,1,0,0,c,a,5834,2023,11,45,2,4,0,5899.0,5898.0,5617.0,5093.285714285715,5191.178571428572
2,2023-11-09,4766,340,1,0,0,0,c,a,5834,2023,11,45,3,4,0,6602.0,5232.0,5587.0,5094.142857142857,5201.464285714285
2,2023-11-10,4974,600,1,1,0,0,c,a,5834,2023,11,45,4,4,0,5573.0,6768.0,4917.0,4831.857142857143,5172.142857142857
2,2023-11-11,4549,512,1,1,0,0,c,a,5834,2023,11,45,5,4,1,4318.0,4558.0,5722.0,4746.285714285715,5174.178571428572
2,2023-11-13,5589,404,1,1,0,0,c,a,5834,2023,11,46,0,4,0,3784.0,5139.0,5685.0,4779.285714285715,5132.285714285715
2,2023-11-14,6036,599,1,1,0,0,c,a,5834,2023,11,46,1,4,0,4320.0,3889.0,5638.0,5037.142857142857,5128.857142857143
2,2023-11-15,5413,638,1,0,0,0,c,a,5834,2023,11,46,2,4,0,5157.0,4447.0,4370.0,5282.285714285715,5143.071428571428
2,2023-11-16,5797,429,1,1,0,0,c,a,5834,2023,11,46,3,4,0,5905.0,5899.0,4815.0,5318.857142857143,5180.321428571428
2,2023-11-17,5267,376,1,1,0,0,c,a,5834,2023,11,46,4,4,0,4766.0,6602.0,5091.0,5303.428571428572,5215.392857142857
2,2023-11-18,4079,426,1,0,0,0,c,a,5834,2023,11,46,5,4,1,4974.0,5573.0,6232.0,5375.0,5221.678571428572
2,2023-11-20,5760,430,1,1,0,0,c,a,5834,2023,11,47,0,4,0,4549.0,4318.0,5392.0,5247.142857142857,5144.785714285715
2,2023-11-21,5103,542,1,0,0,0,c,a,5834,2023,11,47,1,4,0,5589.0,3784.0,6021.0,5420.142857142857,5157.928571428572
2,2023-11-22,5064,529,1,0,0,0,c,a,5834,2023,11,47,2,4,0,6036.0,4320.0,4377.0,5350.714285714285,5125.142857142857
2,2023-11-23,4394,541,1,0,0,0,c,a,5834,2023,11,47,3,4,0,5413.0,5157.0,4305.0,5211.857142857143,5149.678571428572
2,2023-11-24,3685,287,1,0,0,0,c,a,5834,2023,11,47,4,4,0,5797.0,5905.0,5898.0,5066.285714285715,5152.857142857143
2,2023-11-25,4638,470,1,1,0,0,c,a,5834,2023,11,47,5,4,1,5267.0,4766.0,5232.0,4764.571428571428,5073.821428571428
2,2023-11-27,4868,489,1,0,0,0,c,a,5834,2023,11,48,0,4,0,4079.0,4974.0,6768.0,4674.714285714285,5052.607142857143
2,2023-11-28,6003,680,1,1,0,0,c,a,5834,2023,11,48,1,4,0,5760.0,4549.0,4558.0,4787.428571428572,4984.75
2,2023-11-29,5450,404,1,1,0,0,c,a,5834,2023,11,48,2,4,0,5103.0,5589.0,5139.0,4822.142857142857,5036.357142857143
2,2023-11-30,5651,480,1,1,0,0,c,a,5834,2023,11,48,3,4,0,5064.0,6036.0,3889.0,4871.714285714285,5047.464285714285
2,2023-12-01,4151,425,1,0,0,0,c,a,5834,2023,12,48,4,4,0,4394.0,5413.0,4447.0,4955.571428571428,5110.392857142857
2,2023-12-02,4416,438,1,1,0,0,c,a,5834,2023,12,48,5,4,1,3685.0,5797.0,5899.0,4920.857142857143,5099.821428571428
2,2023-12-04,5526,641,1,1,0,0,c,a,5834,2023,12,49,0,4,0,4638.0,5267.0,6602.0,5025.285714285715,5046.857142857143
2,2023-12-05,4877,584,1,0,0,0,c,a,5834,2023,12,49,1,4,0,4868.0,4079.0,5573.0,5152.142857142857,5008.428571428572
2,2023-12-06,5581,427,1,1,0,0,c,a,5834,2023,12,49,2,4,0,6003.0,5760.0,4318.0,5153.428571428572,4983.571428571428
2,2023-12-07,3878,395,1,0,0,0,c,a,5834,2023,12,49,3,4,0,5450.0,5103.0,3784.0,5093.142857142857,5028.678571428572
2,2023-12-08,5102,529,1,1,0,0,c,a,5834,2023,12,49,4,4,0,5651.0,5064.0,4320.0,4868.571428571428,5032.035714285715
2,2023-12-09,4437,442,1,1,0,0,c,a,5834,2023,12,49,5,4,1,4151.0,4394.0,5157.0,4790.142857142857,5059.964285714285
2,2023-12-11,4953,461,1,1,0,0,c,a,5834,2023,12,50,0,4,0,4416.0,3685.0,5905.0,4831.0,5034.25
2,2023-12-12,5795,693,1,1,0,0,c,a,5834,2023,12,50,1,4,0,5526.0,4638.0,4766.0,4907.714285714285,5000.25
2,2023-12-13,5876,572,1,1,0,0,c,a,5834,2023,12,50,2,4,0,4877.0,4868.0,4974.0,4946.142857142857,5037.0
2,2023-12-14,5200,403,1,1,0,0,c,a,5834,2023,12,50,3,4,0,5581.0,6003.0,4549.0,5088.857142857143,5069.214285714285
2,2023-12-15,4298,516,1,0,0,0,c,a,5834,2023,12,50,4,4,0,3878.0,5450.0,5589.0,5034.428571428572,5092.464285714285
2,2023-12-16,3810,296,1,0,0,0,c,a,5834,2023,12,50,5,4,1,5102.0,5651.0,6036.0,5094.428571428572,5046.357142857143
2,2023-12-18,4155,383,1,0,0,0,c,a,5834,2023,12,51,0,4,0,4437.0,4151.0,5413.0,4909.857142857143,4966.857142857143
2,2023-12-19,5311,434,1,1,0,0,c,a,5834,2023,12,51,1,4,0,4953.0,4416.0,5797.0,4869.571428571428,4921.928571428572
2,2023-12-20,5654,474,1,1,0,0,c,a,5834,2023,12,51,2,4,0,5795.0,5526.0,5267.0,4920.714285714285,4904.571428571428
2,2023-12-21,5068,427,1,1,0,0,c,a,5834,2023,12,51,3,4,0,5876.0,4877.0,4079.0,4900.571428571428,4918.392857142857
2,2023-12-22,3882,294,1,0,0,0,c,a,5834,2023,12,51,4,4,0,5200.0,5581.0,5760.0,4785.142857142857,4953.714285714285
2,2023-12-23,3139,230,1,0,0,0,c,a,5834,2023,12,51,5,4,1,4298.0,3878.0,5103.0,4596.857142857143,4886.642857142857
2,2023-12-26,4346,539,1,0,0,0,c,a,5834,2023,12,52,1,4,0,3810.0,5102.0,5064.0,4431.285714285715,4816.5
2,2023-12-27,4678,495,1,0,0,0,c,a,5834,2023,12,52,2,4,0,4155.0,4437.0,4394.0,4507.857142857143,4790.857142857143
2,2023-12-28,4675,380,1,0,0,0,c,a,5834,2023,12,52,3,4,0,5311.0,4953.0,3685.0,4582.571428571428,4801.0
2,2023-12-29,3665,323,1,0,0,0,c,a,5834,2023,12,52,4,4,0,5654.0,5795.0,4638.0,4491.714285714285,4836.357142857143
2,2023-12-30,4293,383,1,1,0,0,c,a,5834,2023,12,52,5,4,1,5068.0,5876.0,4868.0,4207.571428571428,4801.607142857143
3,2020-02-04,8627,916,1,0,0,0,b,c,4526,2020,2,6,1,1,0,8231.0,8668.0,8178.0,9160.714285714286,9161.5
3,2020-02-05,12113,1469,1,1,0,0,b,c,4526,2020,2,6,2,1,0,10840.0,10414.0,7360.0,9217.285714285714,9177.535714285714
3,2020-02-06,8620,912,1,0,0,0,b,c,4526,2020,2,6,3,1,0,9908.0,8973.0,8690.0,9399.142857142857,9347.285714285714
3,2020-02-07,9600,863,1,1,0,0,b,c,4526,2020,2,6,4,1,0,10401.0,11434.0,10664.0,9215.142857142857,9344.785714285714
3,2020-02-08,7243,723,1,0,0,0,b,c,4526,2020,2,6,5,1,1,6309.0,9065.0,12210.0,9100.714285714286,9306.785714285714
3,2020-02-10,9239,899,1,0,0,0,b,c,4526,2020,2,7,0,1,0,8278.0,7380.0,10315.0,9234.142857142857,9129.392857142857
3,2020-02-11,8903,776,1,0,0,0,b,c,4526,2020,2,7,1,1,0,10158.0,7449.0,8973.0,9371.42857142857,9090.964285714286
3,2020-02-12,10493,1147,1,0,0,0,b,c,4526,2020,2,7,2,1,0,8627.0,8231.0,8425.0,9192.142857142857,9088.464285714286
3,2020-02-13,9145,763,1,0,0,0,b,c,4526,2020,2,7,3,1,0,12113.0,10840.0,7642.0,9458.714285714286,9162.32142857143
3,2020-02-14,8578,978,1,0,0,0,b,c,4526,2020,2,7,4,1,0,8620.0,9908.0,10033.0,9034.714285714286,9216.0
3,2020-02-15,7056,780,1,0,0,0,b,c,4526,2020,2,7,5,1,1,9600.0,10401.0,8614.0,9028.714285714286,9164.035714285714
3,2020-02-17,10356,1279,1,1,0,0,b,c,4526,2020,2,8,0,1,0,7243.0,6309.0,9905.0,8665.285714285714,9108.392857142857
3,2020-02-18,11713,1029,1,1,0,0,b,c,4526,2020,2,8,1,1,0,9239.0,8278.0,10794.0,9110.0,9124.5
3,2020-02-19,8608,881,1,0,0,0,b,c,4526,2020,2,8,2,1,0,8903.0,10158.0,7211.0,9463.42857142857,9157.32142857143
3,2020-02-20,11113,1294,1,1,0,0,b,c,4526,2020,2,8,3,1,0,10493.0,8627.0,8668.0,9421.285714285714,9207.214285714286
3,2020-02-21,10409,1030,1,1,0,0,b,c,4526,2020,2,8,4,1,0,9145.0,12113.0,10414.0,9509.857142857143,9294.535714285714
3,2020-02-22,9054,784,1,1,0,0,b,c,4526,2020,2,8,5,1,1,8578.0,8620.0,8973.0,9690.42857142857,9294.357142857143
3,2020-02-24,8807,955,1,0,0,0,b,c,4526,2020,2,9,0,1,0,7056.0,9600.0,11434.0,9758.42857142857,9297.25
3,2020-02-25,10241,1193,1,0,0,0,b,c,4526,2020,2,9,1,1,0,10356.0,7243.0,9065.0,10008.57142857143,9203.42857142857
3,2020-02-26,11068,905,1,0,0,0,b,c,4526,2020,2,9,2,1,0,11713.0,9239.0,7380.0,9992.142857142857,9245.42857142857
3,2020-02-27,10835,883,1,1,0,0,b,c,4526,2020,2,9,3,1,0,8608.0,8903.0,7449.0,9900.0,9377.142857142857
3,2020-02-28,10664,1309,1,1,0,0,b,c,4526,2020,2,9,4,1,0,11113.0,10493.0,8231.0,10218.142857142857,9498.07142857143
3,2020-02-29,8717,937,1,0,0,0,b,c,4526,2020,2,9,5,1,1,10409.0,9145.0,10840.0,10154.0,9584.964285714286
3,2020-03-02,10314,765,1,1,0,0,b,c,4526,2020,3,10,0,1,0,9054.0,8578.0,9908.0,9912.285714285714,9509.142857142857
3,2020-03-03,12691,1334,1,1,0,0,b,c,4526,2020,3,10,1,1,0,8807.0,7056.0,10401.0,10092.285714285714,9523.642857142857
3,2020-03-04,12150,1040,1,1,0,0,b,c,4526,2020,3,10,2,1,0,10241.0,10356.0,6309.0,10647.142857142857,9605.42857142857
3,2020-03-05,10930,936,1,1,0,0,b,c,4526,2020,3,10,3,1,0,11068.0,11713.0,8278.0,10919.857142857143,9814.035714285714
3,2020-03-06,11520,1145,1,1,0,0,b,c,4526,2020,3,10,4,1,0,10835.0,8608.0,10158.0,10900.142857142857,9908.75
3,2020-03-07,8276,743,1,0,0,0,b,c,4526,2020,3,10,5,1,1,10664.0,11113.0,8627.0,10998.0,9957.392857142857
3,2020-03-09,10847,980,1,1,0,0,b,c,4526,2020,3,11,0,1,0,8717.0,10409.0,12113.0,10656.857142857143,9944.857142857143
3,2020-03-10,10219,1020,1,0,0,0,b,c,4526,2020,3,11,1,1,0,10314.0,9054.0,8620.0,10961.142857142857,9899.642857142857
3,2020-03-11,12489,943,1,1,0,0,b,c,4526,2020,3,11,2,1,0,12691.0,8807.0,9600.0,10947.57142857143,9956.75
3,2020-03-12,10758,1010,1,0,0,0,b,c,4526,2020,3,11,3,1,0,12150.0,10241.0,7243.0,10918.714285714286,10059.92857142857
3,2020-03-13,9219,1091,1,0,0,0,b,c,4526,2020,3,11,4,1,0,10930.0,11068.0,9239.0,10719.857142857143,10185.464285714286
3,2020-03-14,8773,749,1,0,0,0,b,c,4526,2020,3,11,5,1,1,11520.0,10835.0,8903.0,10475.42857142857,10184.75
3,2020-03-16,11793,1443,1,1,0,0,b,c,4526,2020,3,12,0,1,0,8276.0,10664.0,10493.0,10083.0,10180.107142857143
3,2020-03-17,12082,986,1,1,0,0,b,c,4526,2020,3,12,1,1,0,10847.0,8717.0,9145.0,10585.42857142857,10226.535714285714
3,2020-03-18,11440,1388,1,0,0,0,b,c,4526,2020,3,12,2,1,0,10219.0,10314.0,8578.0,10761.857142857143,10331.42857142857
3,2020-03-19,9996,951,1,0,0,0,b,c,4526,2020,3,12,3,1,0,12489.0,12691.0,7056.0,10936.285714285714,10433.642857142857
3,2020-03-20,8661,797,1,0,0,0,b,c,4526,2020,3,12,4,1,0,10758.0,12150.0,10356.0,10580.142857142857,10538.642857142857
3,2020-03-21,8710,839,1,0,0,0,b,c,4526,2020,3,12,5,1,1,9219.0,10930.0,11713.0,10280.57142857143,10478.107142857143
3,2020-03-23,9695,734,1,0,0,0,b,c,4526,2020,3,13,0,1,0,8773.0,11520.0,8608.0,10207.857142857143,10370.857142857143
3,2020-03-24,12735,1449,1,1,0,0,b,c,4526,2020,3,13,1,1,0,11793.0,8276.0,11113.0,10339.57142857143,10409.67857142857
3,2020-03-25,13723,1485,1,1,0,0,b,c,4526,2020,3,13,2,1,0,12082.0,10847.0,10409.0,10474.142857142857,10467.607142857143
3,2020-03-26,10490,841,1,0,0,0,b,c,4526,2020,3,13,3,1,0,11440.0,10219.0,9054.0,10708.57142857143,10585.964285714286
3,2020-03-27,12044,939,1,1,0,0,b,c,4526,2020,3,13,4,1,0,9996.0,12489.0,8807.0,10572.857142857143,10637.25
3,2020-03-28,8787,643,1,0,0,0,b,c,4526,2020,3,13,5,1,1,8661.0,10758.0,10241.0,10865.42857142857,10752.857142857143
3,2020-03-30,11067,1027,1,0,0,0,b,c,4526,2020,3,14,0,1,0,8710.0,9219.0,11068.0,10883.42857142857,10700.92857142857
3,2020-03-31,13125,1445,1,1,0,0,b,c,4526,2020,3,14,1,1,0,9695.0,8773.0,10835.0,11220.142857142857,10700.892857142857
3,2020-04-01,12217,884,1,0,0,0,b,c,4526,2020,4,14,2,2,0,12735.0,11793.0,10664.0,11710.142857142857,10782.67857142857
3,2020-04-02,13947,1074,1,1,0,0,b,c,4526,2020,4,14,3,2,0,13723.0,12082.0,8717.0,11636.142857142857,10838.142857142857
3,2020-04-03,9491,723,1,0,0,0,b,c,4526,2020,4,14,4,2,0,10490.0,11440.0,10314.0,11668.142857142857,11024.92857142857
3,2020-04-04,8781,906,1,0,0,0,b,c,4526,2020,4,14,5,2,1,12044.0,9996.0,12691.0,11525.42857142857,10995.535714285714
3,2020-04-06,9799,1179,1,0,0,0,b,c,4526,2020,4,15,0,2,0,8787.0,8661.0,12150.0,11059.285714285714,10855.892857142857
3,2020-04-07,11229,1194,1,0,0,0,b,c,4526,2020,4,15,1,2,0,11067.0,8710.0,10930.0,11203.857142857143,10771.92857142857
3,2020-04-08,11826,1065,1,0,0,0,b,c,4526,2020,4,15,2,2,0,13125.0,9695.0,11520.0,11227.0,10782.607142857143
3,2020-04-09,13758,1174,1,1,0,0,b,c,4526,2020,4,15,3,2,0,12217.0,12735.0,8276.0,11041.42857142857,10793.535714285714
3,2020-04-11,9239,1033,1,0,0,0,b,c,4526,2020,4,15,5,2,1,13947.0,13723.0,10847.0,11261.57142857143,10989.32142857143
3,2020-04-13,11557,1006,1,0,0,0,b,c,4526,2020,4,16,0,2,0,9491.0,10490.0,10219.0,10589.0,10931.892857142857
3,2020-04-14,11269,1248,1,0,0,0,b,c,4526,2020,4,16,1,2,0,8781.0,12044.0,12489.0,10884.142857142857,10979.67857142857
3,2020-04-15,10840,977,1,0,0,0,b,c,4526,2020,4,16,2,2,0,9799.0,8787.0,10758.0,11239.57142857143,10936.107142857143
3,2020-04-16,12356,1031,1,0,0,0,b,c,4526,2020,4,16,3,2,0,11229.0,11067.0,9219.0,11388.285714285714,10939.035714285714
3,2020-04-17,12062,870,1,1,0,0,b,c,4526,2020,4,16,4,2,0,11826.0,13125.0,8773.0,11549.285714285714,11051.07142857143
3,2020-04-18,8598,743,1,0,0,0,b,c,4526,2020,4,16,5,2,1,13758.0,12217.0,11793.0,11583.0,11168.535714285714
3,2020-04-20,10416,757,1,0,0,0,b,c,4526,2020,4,17,0,2,0,9239.0,13947.0,12082.0,10845.857142857143,11054.42857142857
3,2020-04-21,13843,1087,1,1,0,0,b,c,4526,2020,4,17,1,2,0,11557.0,9491.0,11440.0,11014.0,10994.92857142857
3,2020-04-22,13239,1006,1,1,0,0,b,c,4526,2020,4,17,2,2,0,11269.0,8781.0,9996.0,11340.57142857143,11080.75
3,2020-04-23,14702,1337,1,1,0,0,b,c,4526,2020,4,17,3,2,0,10840.0,9799.0,8661.0,11622.0,11196.57142857143
3,2020-04-24,12997,1211,1,1,0,0,b,c,4526,2020,4,17,4,2,0,12356.0,11229.0,8710.0,12173.714285714286,11412.32142857143
3,2020-04-25,11315,1410,1,0,0,0,b,c,4526,2020,4,17,5,2,1,12062.0,11826.0,9695.0,12265.285714285714,11565.42857142857
3,2020-04-27,9671,904,1,0,0,0,b,c,4526,2020,4,18,0,2,0,8598.0,13758.0,12735.0,12158.57142857143,11623.285714285714
3,2020-04-28,14063,1392,1,1,0,0,b,c,4526,2020,4,18,1,2,0,10416.0,9239.0,13723.0,12311.857142857143,11513.857142857143
3,2020-04-29,12607,1003,1,0,0,0,b,c,4526,2020,4,18,2,2,0,13843.0,11557.0,10490.0,12832.857142857143,11526.0
3,2020-04-30,12638,1105,1,0,0,0,b,c,4526,2020,4,18,3,2,0,13239.0,11269.0,12044.0,12656.285714285714,11601.607142857143
3,2020-05-01,10479,1204,1,0,0,0,b,c,4526,2020,5,18,4,2,0,14702.0,10840.0,8787.0,12570.42857142857,11622.82142857143
3,2020-05-02,11456,1162,1,1,0,0,b,c,4526,2020,5,18,5,2,1,12997.0,12356.0,11067.0,11967.142857142857,11683.25
3,2020-05-04,11573,1380,1,0,0,0,b,c,4526,2020,5,19,0,2,0,11315.0,12062.0,13125.0,11747.0,11697.142857142857
3,2020-05-05,13356,970,1,1,0,0,b,c,4526,2020,5,19,1,2,0,9671.0,8598.0,12217.0,11783.857142857143,11641.714285714286
3,2020-05-06,12347,1042,1,0,0,0,b,c,4526,2020,5,19,2,2,0,14063.0,10416.0,13947.0,12310.285714285714,11682.392857142857
3,2020-05-07,11932,1240,1,0,0,0,b,c,4526,2020,5,19,3,2,0,12607.0,13843.0,9491.0,12065.142857142857,11625.25
3,2020-05-08,10327,1137,1,0,0,0,b,c,4526,2020,5,19,4,2,0,12638.0,13239.0,8781.0,11968.714285714286,11712.42857142857
3,2020-05-09,13224,1160,1,1,0,0,b,c,4526,2020,5,19,5,2,1,10479.0,14702.0,9799.0,11638.57142857143,11767.642857142857
3,2020-05-11,13529,1123,1,1,0,0,b,c,4526,2020,5,20,0,2,0,11456.0,12997.0,11229.0,12030.714285714286,11889.964285714286
3,2020-05-12,12310,1011,1,0,0,0,b,c,4526,2020,5,20,1,2,0,11573.0,11315.0,11826.0,12326.857142857143,11972.107142857143
3,2020-05-13,12008,873,1,0,0,0,b,c,4526,2020,5,20,2,2,0,13356.0,9671.0,13758.0,12432.142857142857,11989.392857142857
3,2020-05-14,13087,950,1,0,0,0,b,c,4526,2020,5,20,3,2,0,12347.0,14063.0,9239.0,12239.57142857143,11926.892857142857
3,2020-05-15,13456,962,1,1,0,0,b,c,4526,2020,5,20,4,2,0,11932.0,12607.0,11557.0,12345.285714285714,12064.32142857143
3,2020-05-16,10092,950,1,0,0,0,b,c,4526,2020,5,20,5,2,1,10327.0,12638.0,11269.0,12563.0,12132.142857142857
3,2020-05-18,11278,1057,1,0,0,0,b,c,4526,2020,5,21,0,2,0,13224.0,10479.0,10840.0,12529.42857142857,12090.107142857143
3,2020-05-19,12133,916,1,0,0,0,b,c,4526,2020,5,21,1,2,0,13529.0,11456.0,12356.0,12251.42857142857,12105.75
3,2020-05-20,14937,1252,1,1,0,0,b,c,4526,2020,5,21,2,2,0,12310.0,11573.0,12062.0,12052.0,12097.785714285714
3,2020-05-21,13745,1714,1,1,0,0,b,c,4526,2020,5,21,3,2,0,12008.0,13356.0,8598.0,12427.285714285714,12200.464285714286
3,2020-05-22,11853,1386,1,0,0,0,b,c,4526,2020,5,21,4,2,0,13087.0,12347.0,10416.0,12675.42857142857,12384.285714285714
3,2020-05-23,11116,1183,1,0,0,0,b,c,4526,2020,5,21,5,2,1,13456.0,11932.0,13843.0,12499.142857142857,12435.607142857143
3,2020-05-25,11683,1080,1,0,0,0,b,c,4526,2020,5,22,0,2,0,10092.0,10327.0,13239.0,12164.857142857143,12338.214285714286
3,2020-05-26,14849,1629,1,1,0,0,b,c,4526,2020,5,22,1,2,0,11278.0,13224.0,14702.0,12392.142857142857,12282.642857142857
3,2020-05-27,14952,1657,1,1,0,0,b,c,4526,2020,5,22,2,2,0,12133.0,13529.0,12997.0,12902.285714285714,12287.892857142857
3,2020-05-28,12554,1190,1,0,0,0,b,c,4526,2020,5,22,3,2,0,14937.0,12310.0,11315.0,13305.0,12357.714285714286
3,2020-05-29,11714,1463,1,0,0,0,b,c,4526,2020,5,22,4,2,0,13745.0,12008.0,9671.0,12964.57142857143,12401.964285714286
3,2020-05-30,12186,902,1,1,0,0,b,c,4526,2020,5,22,5,2,1,11853.0,13087.0,14063.0,12674.42857142857,12474.92857142857
3,2020-06-01,12328,1004,1,0,0,0,b,c,4526,2020,6,23,0,2,0,11116.0,13456.0,12607.0,12722.0,12407.892857142857
3,2020-06-02,14156,1427,1,1,0,0,b,c,4526,2020,6,23,1,2,0,11683.0,10092.0,12638.0,12895.142857142857,12397.92857142857
3,2020-06-03,13963,1303,1,0,0,0,b,c,4526,2020,6,23,2,2,0,14849.0,11278.0,10479.0,13248.42857142857,12452.142857142857
3,2020-06-04,12500,1398,1,0,0,0,b,c,4526,2020,6,23,3,2,0,14952.0,12133.0,11456.0,13121.857142857143,12576.57142857143
3,2020-06-05,11292,1058,1,0,0,0,b,c,4526,2020,6,23,4,2,0,12554.0,14937.0,11573.0,12771.57142857143,12613.857142857143
3,2020-06-06,12752,1055,1,1,0,0,b,c,4526,2020,6,23,5,2,1,11714.0,13745.0,13356.0,12591.285714285714,12603.82142857143
3,2020-06-08,14828,1318,1,1,0,0,b,c,4526,2020,6,24,0,2,0,12186.0,11853.0,12347.0,12739.57142857143,12582.25
3,2020-06-09,13261,1503,1,0,0,0,b,c,4526,2020,6,24,1,2,0,12328.0,11116.0,11932.0,13117.0,12670.857142857143
3,2020-06-10,15810,1372,1,1,0,0,b,c,4526,2020,6,24,2,2,0,14156.0,11683.0,10327.0,13250.285714285714,12718.32142857143
3,2020-06-11,14470,1128,1,1,0,0,b,c,4526,2020,6,24,3,2,0,13963.0,14849.0,13224.0,13486.57142857143,12914.142857142857
3,2020-06-12,13675,1066,1,1,0,0,b,c,4526,2020,6,24,4,2,0,12500.0,14952.0,13529.0,13559.0,12958.642857142857
3,2020-06-13,9464,916,1,0,0,0,b,c,4526,2020,6,24,5,2,1,11292.0,12554.0,12310.0,13726.857142857143,12963.857142857143
3,2020-06-15,11561,1108,1,0,0,0,b,c,4526,2020,6,25,0,2,0,12752.0,11714.0,12008.0,13465.714285714286,12862.214285714286
3,2020-06-16,16087,1914,1,1,0,0,b,c,4526,2020,6,25,1,2,0,14828.0,12186.0,13087.0,13295.57142857143,12846.25
3,2020-06-17,15618,1730,1,1,0,0,b,c,4526,2020,6,25,2,2,0,13261.0,12328.0,13456.0,13475.42857142857,12953.392857142857
3,2020-06-18,14900,1248,1,1,0,0,b,c,4526,2020,6,25,3,2,0,15810.0,14156.0,10092.0,13812.142857142857,13030.607142857143
3,2020-06-19,15330,1134,1,1,0,0,b,c,4526,2020,6,25,4,2,0,14470.0,13963.0,11278.0,13682.142857142857,13202.32142857143
3,2020-06-20,12253,1146,1,1,0,0,b,c,4526,2020,6,25,5,2,1,13675.0,12500.0,12133.0,13805.0,13347.035714285714
3,2020-06-22,11293,1161,1,0,0,0,b,c,4526,2020,6,26,0,2,0,9464.0,11292.0,14937.0,13601.857142857143,13351.32142857143
3,2020-06-23,12300,934,1,0,0,0,b,c,4526,2020,6,26,1,2,0,11561.0,12752.0,13745.0,13863.142857142857,13221.17857142857
3,2020-06-24,12869,1278,1,0,0,0,b,c,4526,2020,6,26,2,2,0,16087.0,14828.0,11853.0,13968.714285714286,13169.57142857143
3,2020-06-25,13112,1363,1,0,0,0,b,c,4526,2020,6,26,3,2,0,15618.0,13261.0,11116.0,13509.0,13205.857142857143
3,2020-06-26,13410,1243,1,1,0,0,b,c,4526,2020,6,26,4,2,0,14900.0,15810.0,11683.0,13151.0,13277.142857142857
3,2020-06-27,11303,853,1,0,0,0,b,c,4526,2020,6,26,5,2,1,15330.0,14470.0,14849.0,12938.142857142857,13338.82142857143
3,2020-06-29,15370,1174,1,1,0,0,b,c,4526,2020,6,27,0,2,0,12253.0,13675.0,14952.0,12362.857142857143,13212.17857142857
3,2020-06-30,13328,1279,1,0,0,0,b,c,4526,2020,6,27,1,2,0,11293.0,9464.0,12554.0,12808.142857142857,13227.107142857143
3,2020-07-01,16297,1457,1,1,0,1,b,c,4526,2020,7,27,2,3,0,12300.0,11561.0,11714.0,13098.857142857143,13254.75
3,2020-07-02,14640,1316,1,0,0,1,b,c,4526,2020,7,27,3,3,0,12869.0,16087.0,12186.0,13669.857142857143,13418.42857142857
3,2020-07-03,15401,1169,1,1,0,1,b,c,4526,2020,7,27,4,3,0,13112.0,15618.0,12328.0,13922.857142857143,13506.07142857143
3,2020-07-04,11512,1074,1,0,0,1,b,c,4526,2020,7,27,5,3,1,13410.0,14900.0,14156.0,14249.857142857143,13615.82142857143
3,2020-07-06,12413,1048,1,0,0,1,b,c,4526,2020,7,28,0,3,0,11303.0,15330.0,13963.0,13978.714285714286,13521.392857142857
3,2020-07-07,16371,1557,1,1,0,1,b,c,4526,2020,7,28,1,3,0,15370.0,12253.0,12500.0,14137.285714285714,13466.035714285714
3,2020-07-08,16835,2072,1,1,0,1,b,c,4526,2020,7,28,2,3,0,13328.0,11293.0,11292.0,14280.285714285714,13604.285714285714
3,2020-07-09,15440,1597,1,1,0,1,b,c,4526,2020,7,28,3,3,0,16297.0,12300.0,12752.0,14781.285714285714,13802.25
3,2020-07-10,14966,1242,1,1,0,1,b,c,4526,2020,7,28,4,3,0,14640.0,12869.0,14828.0,14658.857142857143,13898.25
3,2020-07-11,11177,1361,1,0,0,1,b,c,4526,2020,7,28,5,3,1,15401.0,13112.0,13261.0,14705.42857142857,13903.17857142857
3,2020-07-13,13591,1061,1,0,0,1,b,c,4526,2020,7,29,0,3,0,11512.0,13410.0,15810.0,14102.0,13828.75
3,2020-07-14,13624,1170,1,0,0,1,b,c,4526,2020,7,29,1,3,0,12413.0,11303.0,14470.0,14399.0,13749.5
3,2020-07-15,15884,1645,1,1,0,1,b,c,4526,2020,7,29,2,3,0,16371.0,15370.0,13675.0,14572.0,13719.285714285714
3,2020-07-16,14306,1275,1,0,0,1,b,c,4526,2020,7,29,3,3,0,16835.0,13328.0,9464.0,14502.42857142857,13798.17857142857
3,2020-07-17,11956,971,1,0,0,1,b,c,4526,2020,7,29,4,3,0,15440.0,16297.0,11561.0,14141.142857142857,13971.107142857143
3,2020-07-18,11735,1278,1,0,0,1,b,c,4526,2020,7,29,5,3,1,14966.0,14640.0,16087.0,13643.42857142857,13985.214285714286
3,2020-07-20,13253,1295,1,0,0,1,b,c,4526,2020,7,30,0,3,0,11177.0,15401.0,15618.0,13181.857142857143,13829.785714285714
3,2020-07-21,13051,1162,1,0,0,1,b,c,4526,2020,7,30,1,3,0,13591.0,11512.0,14900.0,13478.42857142857,13745.32142857143
3,2020-07-22,12950,1576,1,0,0,1,b,c,4526,2020,7,30,2,3,0,13624.0,12413.0,15330.0,13401.285714285714,13679.285714285714
3,2020-07-23,12572,1110,1,0,0,1,b,c,4526,2020,7,30,3,3,0,15884.0,16371.0,12253.0,13305.0,13594.285714285714
3,2020-07-24,13706,1440,1,1,0,1,b,c,4526,2020,7,30,4,3,0,14306.0,16835.0,11293.0,12831.857142857143,13605.67857142857
3,2020-07-25,13902,1016,1,1,0,1,b,c,4526,2020,7,30,5,3,1,11956.0,15440.0,12300.0,12746.142857142857,13691.857142857143
3,2020-07-27,11976,1432,1,0,0,1,b,c,4526,2020,7,31,0,3,0,11735.0,14966.0,12869.0,13024.142857142857,13749.07142857143
3,2020-07-28,13823,1559,1,0,0,1,b,c,4526,2020,7,31,1,3,0,13253.0,11177.0,13112.0,13058.57142857143,13717.17857142857
3,2020-07-29,15180,1884,1,1,0,1,b,c,4526,2020,7,31,2,3,0,13051.0,13591.0,13410.0,13140.0,13742.57142857143
3,2020-07-30,15273,1686,1,1,0,1,b,c,4526,2020,7,31,3,3,0,12950.0,13624.0,11303.0,13444.142857142857,13805.785714285714
3,2020-07-31,14696,1485,1,1,0,1,b,c,4526,2020,7,31,4,3,0,12572.0,15884.0,15370.0,13776.0,13947.57142857143
3,2020-08-01,10534,1128,1,0,0,1,b,c,4526,2020,8,31,5,3,1,13706.0,14306.0,13328.0,14079.42857142857,13923.5
3,2020-08-03,13915,1452,1,0,0,1,b,c,4526,2020,8,32,0,3,0,13902.0,11956.0,16297.0,13626.285714285714,13823.714285714286
3,2020-08-04,13188,1186,1,0,0,1,b,c,4526,2020,8,32,1,3,0,11976.0,11735.0,14640.0,13628.142857142857,13738.642857142857
3,2020-08-05,15814,1460,1,1,0,1,b,c,4526,2020,8,32,2,3,0,13823.0,13253.0,15401.0,13801.285714285714,13686.785714285714
3,2020-08-06,15367,1132,1,1,0,1,b,c,4526,2020,8,32,3,3,0,15180.0,13051.0,11512.0,14085.714285714286,13701.535714285714
3,2020-08-07,13310,1389,1,1,0,1,b,c,4526,2020,8,32,4,3,0,15273.0,12950.0,12413.0,14112.42857142857,13839.214285714286
3,2020-08-08,11018,883,1,0,0,1,b,c,4526,2020,8,32,5,3,1,14696.0,12572.0,16371.0,13832.0,13871.25
3,2020-08-10,12720,990,1,0,0,1,b,c,4526,2020,8,33,0,3,0,10534.0,13706.0,16835.0,13306.57142857143,13680.07142857143
3,2020-08-11,13382,1116,1,0,0,1,b,c,4526,2020,8,33,1,3,0,13915.0,13902.0,15440.0,13618.857142857143,13533.107142857143
3,2020-08-12,14955,1124,1,0,0,1,b,c,4526,2020,8,33,2,3,0,13188.0,11976.0,14966.0,13542.714285714286,13459.607142857143
3,2020-08-13,13246,1340,1,0,0,1,b,c,4526,2020,8,33,3,3,0,15814.0,13823.0,11177.0,13795.142857142857,13459.214285714286
3,2020-08-14,13516,1024,1,1,0,1,b,c,4526,2020,8,33,4,3,0,15367.0,15180.0,13591.0,13428.285714285714,13533.107142857143
3,2020-08-15,12345,1184,1,1,0,1,b,c,4526,2020,8,33,5,3,1,13310.0,15273.0,13624.0,13163.857142857143,13530.42857142857
3,2020-08-17,11638,1285,1,0,0,1,b,c,4526,2020,8,34,0,3,0,11018.0,14696.0,15884.0,13026.0,13484.75
3,2020-08-18,14675,1542,1,1,0,1,b,c,4526,2020,8,34,1,3,0,12720.0,10534.0,14306.0,13114.57142857143,13333.107142857143
3,2020-08-19,13716,1325,1,0,0,1,b,c,4526,2020,8,34,2,3,0,13382.0,13915.0,11956.0,13393.857142857143,13346.285714285714
3,2020-08-20,12887,1509,1,0,0,1,b,c,4526,2020,8,34,3,3,0,14955.0,13188.0,11735.0,13441.57142857143,13409.142857142857
3,2020-08-21,12758,1204,1,1,0,1,b,c,4526,2020,8,34,4,3,0,13246.0,15814.0,13253.0,13146.142857142857,13450.285714285714
3,2020-08-22,12242,1102,1,0,0,1,b,c,4526,2020,8,34,5,3,1,13516.0,15367.0,13051.0,13076.42857142857,13432.607142857143
3,2020-08-24,11514,1210,1,0,0,1,b,c,4526,2020,8,35,0,3,0,12345.0,13310.0,12950.0,12894.42857142857,13403.714285714286
3,2020-08-25,13477,980,1,0,0,1,b,c,4526,2020,8,35,1,3,0,11638.0,11018.0,12572.0,12775.714285714286,13352.42857142857
3,2020-08-26,14803,1598,1,1,0,1,b,c,4526,2020,8,35,2,3,0,14675.0,12720.0,13706.0,13038.42857142857,13384.75
3,2020-08-27,12031,1482,1,0,0,1,b,c,4526,2020,8,35,3,3,0,13716.0,13382.0,13902.0,13056.714285714286,13423.92857142857
3,2020-08-28,14041,1562,1,1,0,1,b,c,4526,2020,8,35,4,3,0,12887.0,14955.0,11976.0,12816.0,13357.107142857143
3,2020-08-29,12806,1004,1,1,0,1,b,c,4526,2020,8,35,5,3,1,12758.0,13246.0,13823.0,12980.857142857143,13430.857142857143
3,2020-08-31,11359,1192,1,0,0,1,b,c,4526,2020,8,36,0,3,0,12242.0,13516.0,15180.0,12987.714285714286,13394.535714285714
3,2020-09-01,11962,1055,1,0,0,0,b,c,4526,2020,9,36,1,3,0,11514.0,12345.0,15273.0,12861.57142857143,13258.07142857143
3,2020-09-02,11966,1350,1,0,0,0,b,c,4526,2020,9,36,2,3,0,13477.0,11638.0,14696.0,12925.57142857143,13139.82142857143
3,2020-09-03,14238,1445,1,1,0,0,b,c,4526,2020,9,36,3,3,0,14803.0,14675.0,10534.0,12709.714285714286,13042.32142857143
3,2020-09-04,11770,1072,1,1,0,0,b,c,4526,2020,9,36,4,3,0,12031.0,13716.0,13915.0,12629.0,13174.607142857143
3,2020-09-05,13307,1560,1,1,0,0,b,c,4526,2020,9,36,5,3,1,14041.0,12887.0,13188.0,12591.714285714286,13098.0
3,2020-09-07,13135,1236,1,1,0,0,b,c,4526,2020,9,37,0,3,0,12806.0,12758.0,15814.0,12486.857142857143,13102.25
3,2020-09-08,11522,1306,1,0,0,0,b,c,4526,2020,9,37,1,3,0,11359.0,12242.0,15367.0,12533.857142857143,13006.57142857143
3,2020-09-09,12123,963,1,0,0,0,b,c,4526,2020,9,37,2,3,0,11962.0,11514.0,13310.0,12557.142857142857,12869.25
3,2020-09-10,10813,993,1,0,0,0,b,c,4526,2020,9,37,3,3,0,11966.0,13477.0,11018.0,12580.142857142857,12826.857142857143
3,2020-09-11,12747,1215,1,1,0,0,b,c,4526,2020,9,37,4,3,0,14238.0,14803.0,12720.0,12415.42857142857,12819.535714285714
3,2020-09-12,11809,1432,1,1,0,0,b,c,4526,2020,9,37,5,3,1,11770.0,12031.0,13382.0,12202.42857142857,12820.5
3,2020-09-14,10545,806,1,0,0,0,b,c,4526,2020,9,38,0,3,0,13307.0,14041.0,14955.0,12208.0,12764.32142857143
3,2020-09-15,10934,916,1,0,0,0,b,c,4526,2020,9,38,1,3,0,13135.0,12806.0,13246.0,11813.42857142857,12606.82142857143
3,2020-09-16,12668,1105,1,1,0,0,b,c,4526,2020,9,38,2,3,0,11522.0,11359.0,13516.0,11499.0,12524.25
3,2020-09-17,11898,1399,1,0,0,0,b,c,4526,2020,9,38,3,3,0,12123.0,11962.0,12345.0,11662.714285714286,12493.964285714286
3,2020-09-18,11750,987,1,1,0,0,b,c,4526,2020,9,38,4,3,0,10813.0,11966.0,11638.0,11630.57142857143,12478.0
3,2020-09-19,9876,954,1,0,0,0,b,c,4526,2020,9,38,5,3,1,12747.0,14238.0,14675.0,11764.42857142857,12482.0
3,2020-09-21,9959,808,1,0,0,0,b,c,4526,2020,9,39,0,3,0,11809.0,11770.0,13716.0,11354.285714285714,12310.607142857143
3,2020-09-22,10418,762,1,0,0,0,b,c,4526,2020,9,39,1,3,0,10545.0,13307.0,12887.0,11090.0,12176.42857142857
3,2020-09-23,13322,985,1,0,0,0,b,c,4526,2020,9,39,2,3,0,10934.0,13135.0,12758.0,11071.857142857143,12088.25
3,2020-09-24,11056,966,1,0,0,0,b,c,4526,2020,9,39,3,3,0,12668.0,11522.0,12242.0,11413.0,12108.392857142857
3,2020-09-25,12039,1483,1,1,0,0,b,c,4526,2020,9,39,4,3,0,11898.0,12123.0,11514.0,11182.714285714286,12066.035714285714
3,2020-09-26,10829,796,1,1,0,0,b,c,4526,2020,9,39,5,3,1,11750.0,10813.0,13477.0,11202.857142857143,12084.785714285714
3,2020-09-28,11807,873,1,1,0,0,b,c,4526,2020,9,40,0,3,0,9876.0,12747.0,14803.0,11071.285714285714,11990.214285714286
3,2020-09-29,11201,1370,1,0,0,0,b,c,4526,2020,9,40,1,3,0,9959.0,11809.0,12031.0,11347.142857142857,11883.214285714286
3,2020-09-30,12631,1360,1,1,0,0,b,c,4526,2020,9,40,2,3,0,10418.0,10545.0,14041.0,11524.57142857143,11853.57142857143
3,2020-10-01,10722,936,1,0,0,0,b,c,4526,2020,10,40,3,4,0,13322.0,10934.0,12806.0,11840.714285714286,11803.214285714286
3,2020-10-02,12316,935,1,1,0,0,b,c,4526,2020,10,40,4,4,0,11056.0,12668.0,11359.0,11469.285714285714,11728.785714285714
3,2020-10-03,10810,1338,1,1,0,0,b,c,4526,2020,10,40,5,4,1,12039.0,11898.0,11962.0,11649.285714285714,11762.964285714286
3,2020-10-05,12871,1082,1,1,0,0,b,c,4526,2020,10,41,0,4,0,10829.0,11750.0,11966.0,11473.714285714286,11721.82142857143
3,2020-10-06,9812,726,1,0,0,0,b,c,4526,2020,10,41,1,4,0,11807.0,9876.0,14238.0,11765.42857142857,11754.142857142857
3,2020-10-07,11037,1077,1,0,0,0,b,c,4526,2020,10,41,2,4,0,11201.0,9959.0,11770.0,11480.42857142857,11596.07142857143
3,2020-10-08,10100,877,1,0,0,0,b,c,4526,2020,10,41,3,4,0,12631.0,10418.0,13307.0,11457.0,11569.892857142857
3,2020-10-09,9402,730,1,0,0,0,b,c,4526,2020,10,41,4,4,0,10722.0,13322.0,13135.0,11095.42857142857,11455.357142857143
3,2020-10-10,10518,851,1,1,0,0,b,c,4526,2020,10,41,5,4,1,12316.0,11056.0,11522.0,10906.857142857143,11322.035714285714
3,2020-10-12,11291,1171,1,1,0,0,b,c,4526,2020,10,42,0,4,0,10810.0,12039.0,12123.0,10650.0,11286.17857142857
3,2020-10-13,12417,894,1,1,0,0,b,c,4526,2020,10,42,1,4,0,12871.0,10829.0,10813.0,10718.714285714286,11256.464285714286
3,2020-10-14,11447,1354,1,0,0,0,b,c,4526,2020,10,42,2,4,0,9812.0,11807.0,12747.0,10653.857142857143,11313.75
3,2020-10-15,11020,1081,1,1,0,0,b,c,4526,2020,10,42,3,4,0,11037.0,11201.0,11809.0,10887.42857142857,11267.32142857143
3,2020-10-16,11444,983,1,1,0,0,b,c,4526,2020,10,42,4,4,0,10100.0,12631.0,10545.0,10885.0,11239.142857142857
3,2020-10-17,10792,912,1,1,0,0,b,c,4526,2020,10,42,5,4,1,9402.0,10722.0,10934.0,11077.0,11271.25
3,2020-10-19,11621,937,1,1,0,0,b,c,4526,2020,10,43,0,4,0,10518.0,12316.0,12668.0,11275.57142857143,11266.17857142857
3,2020-10-20,12385,935,1,1,0,0,b,c,4526,2020,10,43,1,4,0,11291.0,10810.0,11898.0,11433.142857142857,11228.785714285714
3,2020-10-21,10714,966,1,0,0,0,b,c,4526,2020,10,43,2,4,0,12417.0,12871.0,11750.0,11589.42857142857,11246.17857142857
3,2020-10-22,11353,1064,1,1,0,0,b,c,4526,2020,10,43,3,4,0,11447.0,9812.0,9876.0,11346.142857142857,11209.17857142857
3,2020-10-23,10442,893,1,1,0,0,b,c,4526,2020,10,43,4,4,0,11020.0,11037.0,9959.0,11332.714285714286,11261.92857142857
3,2020-10-24,10109,1130,1,1,0,0,b,c,4526,2020,10,43,5,4,1,11444.0,10100.0,10418.0,11250.142857142857,11279.17857142857
3,2020-10-26,10511,1202,1,1,0,0,b,c,4526,2020,10,44,0,4,0,10792.0,9402.0,13322.0,11059.42857142857,11268.142857142857
3,2020-10-27,12340,1190,1,1,0,0,b,c,4526,2020,10,44,1,4,0,11621.0,10518.0,11056.0,11019.285714285714,11167.75
3,2020-10-28,10820,928,1,0,0,0,b,c,4526,2020,10,44,2,4,0,12385.0,11291.0,12039.0,11122.0,11213.607142857143
3,2020-10-29,11056,1296,1,1,0,0,b,c,4526,2020,10,44,3,4,0,10714.0,12417.0,10829.0,10898.42857142857,11170.07142857143
3,2020-10-30,9605,891,1,1,0,0,b,c,4526,2020,10,44,4,4,0,11353.0,11447.0,11807.0,10947.285714285714,11178.17857142857
3,2020-10-31,7471,566,1,0,0,0,b,c,4526,2020,10,44,5,4,1,10442.0,11020.0,11201.0,10697.57142857143,11099.535714285714
3,2020-11-02,11475,904,1,1,0,0,b,c,4526,2020,11,45,0,4,0,10109.0,11444.0,12631.0,10273.142857142857,10966.32142857143
3,2020-11-03,11680,1232,1,1,0,0,b,c,4526,2020,11,45,1,4,0,10511.0,10792.0,10722.0,10468.285714285714,10925.035714285714
3,2020-11-04,12628,1572,1,1,0,0,b,c,4526,2020,11,45,2,4,0,12340.0,11621.0,12316.0,10635.285714285714,10959.25
3,2020-11-05,11111,1107,1,1,0,0,b,c,4526,2020,11,45,3,4,0,10820.0,12385.0,10810.0,10676.42857142857,10970.392857142857
3,2020-11-06,9120,782,1,0,0,0,b,c,4526,2020,11,45,4,4,0,11056.0,10714.0,12871.0,10718.0,10981.142857142857
3,2020-11-07,9917,1034,1,1,0,0,b,c,4526,2020,11,45,5,4,1,9605.0,11353.0,9812.0,10441.42857142857,10847.17857142857
3,2020-11-09,8812,777,1,0,0,0,b,c,4526,2020,11,46,0,4,0,7471.0,10442.0,11037.0,10486.0,10850.92857142857
3,2020-11-10,11723,1014,1,1,0,0,b,c,4526,2020,11,46,1,4,0,11475.0,10109.0,10100.0,10677.57142857143,10771.464285714286
3,2020-11-11,11515,1323,1,1,0,0,b,c,4526,2020,11,46,2,4,0,11680.0,10511.0,9402.0,10713.0,10829.42857142857
3,2020-11-12,11334,1174,1,1,0,0,b,c,4526,2020,11,46,3,4,0,12628.0,12340.0,10518.0,10689.42857142857,10904.892857142857
3,2020-11-13,9325,935,1,0,0,0,b,c,4526,2020,11,46,4,4,0,11111.0,10820.0,11291.0,10504.57142857143,10934.035714285714
3,2020-11-14,8219,692,1,1,0,0,b,c,4526,2020,11,46,5,4,1,9120.0,11056.0,12417.0,10249.42857142857,10863.82142857143
3,2020-11-16,9248,782,1,0,0,0,b,c,4526,2020,11,47,0,4,0,9917.0,9605.0,11447.0,10120.714285714286,10713.892857142857
3,2020-11-17,12332,1528,1,1,0,0,b,c,4526,2020,11,47,1,4,0,8812.0,7471.0,11020.0,10025.142857142857,10635.357142857143
3,2020-11-18,12120,938,1,1,0,0,b,c,4526,2020,11,47,2,4,0,11723.0,11475.0,11444.0,10528.0,10682.214285714286
3,2020-11-19,10999,1156,1,1,0,0,b,c,4526,2020,11,47,3,4,0,11515.0,11680.0,10792.0,10584.714285714286,10706.357142857143
3,2020-11-20,7990,817,1,0,0,0,b,c,4526,2020,11,47,4,4,0,11334.0,12628.0,11621.0,10511.0,10713.75
3,2020-11-21,6209,690,1,0,0,0,b,c,4526,2020,11,47,5,4,1,9325.0,11111.0,12385.0,10033.285714285714,10584.07142857143
3,2020-11-23,10511,851,1,1,0,0,b,c,4526,2020,11,48,0,4,0,8219.0,9120.0,10714.0,9588.142857142857,10363.5
3,2020-11-24,10109,858,1,0,0,0,b,c,4526,2020,11,48,1,4,0,9248.0,9917.0,11353.0,9915.57142857143,10356.25
3,2020-11-25,10209,929,1,0,0,0,b,c,4526,2020,11,48,2,4,0,12332.0,8812.0,10442.0,10038.57142857143,10311.82142857143
3,2020-11-26,9900,1018,1,1,0,0,b,c,4526,2020,11,48,3,4,0,12120.0,11723.0,10109.0,9735.285714285714,10303.5
3,2020-11-27,7902,916,1,0,0,0,b,c,4526,2020,11,48,4,4,0,10999.0,11515.0,10511.0,9418.142857142857,10296.035714285714
3,2020-11-28,9112,1106,1,1,0,0,b,c,4526,2020,11,48,5,4,1,7990.0,11334.0,12340.0,8975.714285714286,10202.857142857143
3,2020-11-30,10734,983,1,1,0,0,b,c,4526,2020,11,49,0,4,0,6209.0,9325.0,10820.0,9136.0,10087.57142857143
3,2020-12-01,9215,829,1,0,0,0,b,c,4526,2020,12,49,1,4,0,10511.0,8219.0,11056.0,9782.42857142857,10084.5
3,2020-12-02,9073,648,1,0,0,0,b,c,4526,2020,12,49,2,4,0,10109.0,9248.0,9605.0,9597.285714285714,10018.75
3,2020-12-03,9095,901,1,0,0,0,b,c,4526,2020,12,49,3,4,0,10209.0,12332.0,7471.0,9449.285714285714,9999.75
3,2020-12-04,10401,969,1,1,0,0,b,c,4526,2020,12,49,4,4,0,9900.0,12120.0,11475.0,9290.142857142857,10057.75
3,2020-12-05,8812,1019,1,1,0,0,b,c,4526,2020,12,49,5,4,1,7902.0,10999.0,11680.0,9361.714285714286,10019.392857142857
3,2020-12-07,9727,1096,1,1,0,0,b,c,4526,2020,12,50,0,4,0,9112.0,7990.0,12628.0,9491.714285714286,9916.964285714286
3,2020-12-08,9770,705,1,0,0,0,b,c,4526,2020,12,50,1,4,0,10734.0,6209.0,11111.0,9579.57142857143,9813.357142857143
3,2020-12-09,9282,893,1,0,0,0,b,c,4526,2020,12,50,2,4,0,9215.0,10511.0,9120.0,9441.857142857143,9765.464285714286
3,2020-12-10,10707,780,1,1,0,0,b,c,4526,2020,12,50,3,4,0,9073.0,10109.0,9917.0,9451.42857142857,9771.25
3,2020-12-11,7947,963,1,0,0,0,b,c,4526,2020,12,50,4,4,0,9095.0,10209.0,8812.0,9684.857142857143,9799.464285714286
3,2020-12-12,7957,694,1,0,0,0,b,c,4526,2020,12,50,5,4,1,10401.0,9900.0,11723.0,9520.857142857143,9768.57142857143
3,2020-12-14,9923,1064,1,1,0,0,b,c,4526,2020,12,51,0,4,0,8812.0,7902.0,11515.0,9171.714285714286,9634.07142857143
3,2020-12-15,9591,708,1,0,0,0,b,c,4526,2020,12,51,1,4,0,9727.0,9112.0,11334.0,9330.42857142857,9577.214285714286
3,2020-12-16,11014,998,1,1,0,0,b,c,4526,2020,12,51,2,4,0,9770.0,10734.0,9325.0,9311.0,9514.964285714286
3,2020-12-17,9661,1014,1,0,0,0,b,c,4526,2020,12,51,3,4,0,9282.0,9215.0,8219.0,9488.714285714286,9575.285714285714
3,2020-12-18,7955,754,1,0,0,0,b,c,4526,2020,12,51,4,4,0,10707.0,9073.0,9248.0,9542.857142857143,9626.785714285714
3,2020-12-19,7389,722,1,0,0,0,b,c,4526,2020,12,51,5,4,1,7947.0,9095.0,12332.0,9149.714285714286,9580.607142857143
3,2020-12-21,10531,853,1,1,0,0,b,c,4526,2020,12,52,0,4,0,7957.0,10401.0,12120.0,9070.0,9404.07142857143
3,2020-12-22,9682,965,1,0,0,0,b,c,4526,2020,12,52,1,4,0,9923.0,8812.0,10999.0,9437.714285714286,9347.32142857143
3,2020-12-23,10175,1019,1,0,0,0,b,c,4526,2020,12,52,2,4,0,9591.0,9727.0,7990.0,9403.285714285714,9300.285714285714
3,2020-12-24,8322,800,1,0,0,0,b,c,4526,2020,12,52,3,4,0,11014.0,9770.0,6209.0,9486.714285714286,9378.32142857143
3,2020-12-26,9237,871,1,1,0,0,b,c,4526,2020,12,52,5,4,1,9661.0,9282.0,10511.0,9102.142857142857,9453.785714285714
3,2020-12-28,7439,680,1,0,0,0,b,c,4526,2020,12,53,0,4,0,7955.0,10707.0,10109.0,9041.57142857143,9408.285714285714
3,2020-12-29,11709,1202,1,1,0,0,b,c,4526,2020,12,53,1,4,0,7389.0,7947.0,10209.0,8967.857142857143,9312.92857142857
3,2020-12-30,9472,695,1,0,0,0,b,c,4526,2020,12,53,2,4,0,10531.0,7957.0,9900.0,9585.0,9366.5
3,2020-12-31,9628,968,1,0,0,0,b,c,4526,2020,12,53,3,4,0,9682.0,9923.0,7902.0,9433.714285714286,9351.214285714286
3,2021-01-02,9120,1034,1,1,0,0,b,c,4526,2021,1,53,5,1,1,10175.0,9591.0,9112.0,9426.0,9412.857142857143
3,2021-01-04,8455,905,1,0,0,0,b,c,4526,2021,1,1,0,1,0,8322.0,11014.0,10734.0,9275.285714285714,9413.142857142857
3,2021-01-05,10836,793,1,1,0,0,b,c,4526,2021,1,1,1,1,0,9237.0,9661.0,9215.0,9294.285714285714,9331.75
3,2021-01-06,8199,823,1,0,0,0,b,c,4526,2021,1,1,2,1,0,7439.0,7955.0,9073.0,9522.714285714286,9389.642857142857
3,2021-01-07,10101,869,1,0,0,0,b,c,4526,2021,1,1,3,1,0,11709.0,7389.0,9095.0,9631.285714285714,9358.42857142857
3,2021-01-08,9532,798,1,1,0,0,b,c,4526,2021,1,1,4,1,0,9472.0,10531.0,10401.0,9401.57142857143,9394.357142857143
3,2021-01-09,9532,920,1,1,0,0,b,c,4526,2021,1,1,5,1,1,9628.0,9682.0,8812.0,9410.142857142857,9363.32142857143
3,2021-01-11,11215,914,1,1,0,0,b,c,4526,2021,1,2,0,1,0,9120.0,10175.0,9727.0,9396.42857142857,9389.035714285714
3,2021-01-12,10189,1076,1,1,0,0,b,c,4526,2021,1,2,1,1,0,8455.0,8322.0,9770.0,9695.714285714286,9442.17857142857
3,2021-01-13,10271,811,1,1,0,0,b,c,4526,2021,1,2,2,1,0,10836.0,9237.0,9282.0,9943.42857142857,9457.142857142857
3,2021-01-14,10779,900,1,1,0,0,b,c,4526,2021,1,2,3,1,0,8199.0,7439.0,10707.0,9862.714285714286,9492.464285714286
3,2021-01-15,9245,886,1,0,0,0,b,c,4526,2021,1,2,4,1,0,10101.0,11709.0,7947.0,10231.285714285714,9495.035714285714
3,2021-01-16,6916,502,1,0,0,0,b,c,4526,2021,1,2,5,1,1,9532.0,9472.0,7957.0,10109.0,9541.392857142857
3,2021-01-18,7998,789,1,0,0,0,b,c,4526,2021,1,3,0,1,0,9532.0,9628.0,9923.0,9735.285714285714,9504.214285714286
3,2021-01-19,10277,982,1,0,0,0,b,c,4526,2021,1,3,1,1,0,11215.0,9120.0,9591.0,9516.142857142857,9435.464285714286
3,2021-01-20,9449,1072,1,0,0,0,b,c,4526,2021,1,3,2,1,0,10189.0,8455.0,11014.0,9382.142857142857,9459.964285714286
3,2021-01-21,10830,1201,1,0,0,0,b,c,4526,2021,1,3,3,1,0,10271.0,10836.0,9661.0,9276.42857142857,9404.07142857143
3,2021-01-22,7976,667,1,0,0,0,b,c,4526,2021,1,3,4,1,0,10779.0,8199.0,7955.0,9356.285714285714,9445.82142857143
3,2021-01-23,7635,567,1,0,0,0,b,c,4526,2021,1,3,5,1,1,9245.0,10101.0,7389.0,8955.857142857143,9446.57142857143
3,2021-01-25,9900,719,1,1,0,0,b,c,4526,2021,1,4,0,1,0,6916.0,9532.0,10531.0,8725.857142857143,9455.357142857143
3,2021-01-26,12040,917,1,1,0,0,b,c,4526,2021,1,4,1,1,0,7998.0,9532.0,9682.0,9152.142857142857,9432.82142857143
3,2021-01-27,9103,945,1,0,0,0,b,c,4526,2021,1,4,2,1,0,10277.0,11215.0,10175.0,9729.57142857143,9517.035714285714
3,2021-01-28,10252,1251,1,1,0,0,b,c,4526,2021,1,4,3,1,0,9449.0,10189.0,8322.0,9561.857142857143,9478.75
3,2021-01-29,7462,794,1,0,0,0,b,c,4526,2021,1,4,4,1,0,10830.0,10271.0,9237.0,9676.57142857143,9547.67857142857
3,2021-01-30,8780,771,1,1,0,0,b,c,4526,2021,1,4,5,1,1,7976.0,10779.0,7439.0,9195.42857142857,9484.285714285714
3,2021-02-01,7396,851,1,0,0,0,b,c,4526,2021,2,5,0,1,0,7635.0,9245.0,11709.0,9310.285714285714,9532.17857142857
3,2021-02-02,10477,857,1,1,0,0,b,c,4526,2021,2,5,1,1,0,9900.0,6916.0,9472.0,9276.142857142857,9378.142857142857
3,2021-02-03,12071,882,1,1,0,0,b,c,4526,2021,2,5,2,1,0,12040.0,7998.0,9628.0,9358.57142857143,9414.035714285714
3,2021-02-04,10269,885,1,0,0,0,b,c,4526,2021,2,5,3,1,0,9103.0,10277.0,9120.0,9363.0,9501.285714285714
3,2021-02-05,9328,731,1,0,0,0,b,c,4526,2021,2,5,4,1,0,10252.0,9449.0,8455.0,9529.57142857143,9542.32142857143
3,2021-02-06,9317,692,1,1,0,0,b,c,4526,2021,2,5,5,1,1,7462.0,10830.0,10836.0,9397.57142857143,9573.5
3,2021-02-08,10454,1284,1,1,0,0,b,c,4526,2021,2,6,0,1,0,8780.0,7976.0,8199.0,9662.57142857143,9519.25
3,2021-02-09,9287,827,1,0,0,0,b,c,4526,2021,2,6,1,1,0,7396.0,7635.0,10101.0,9901.714285714286,9599.785714285714
3,2021-02-10,11893,1062,1,1,0,0,b,c,4526,2021,2,6,2,1,0,10477.0,9900.0,9532.0,10171.857142857143,9570.714285714286
3,2021-02-11,8800,656,1,0,0,0,b,c,4526,2021,2,6,3,1,0,12071.0,12040.0,9532.0,10374.142857142857,9655.035714285714
3,2021-02-12,10659,1034,1,1,0,0,b,c,4526,2021,2,6,4,1,0,10269.0,9103.0,11215.0,9906.857142857143,9628.892857142857
3,2021-02-13,9331,859,1,1,0,0,b,c,4526,2021,2,6,5,1,1,9328.0,10252.0,10189.0,9962.57142857143,9609.035714285714
3,2021-02-15,8826,711,1,0,0,0,b,c,4526,2021,2,7,0,1,0,9317.0,7462.0,10271.0,9963.0,9578.392857142857
3,2021-02-16,10328,1272,1,0,0,0,b,c,4526,2021,2,7,1,1,0,10454.0,8780.0,10779.0,9892.857142857143,9526.785714285714
3,2021-02-17,11322,1131,1,0,0,0,b,c,4526,2021,2,7,2,1,0,9287.0,7396.0,9245.0,9874.857142857143,9510.67857142857
3,2021-02-18,11294,926,1,1,0,0,b,c,4526,2021,2,7,3,1,0,11893.0,10477.0,6916.0,10165.57142857143,9584.857142857143
3,2021-02-19,10812,988,1,1,0,0,b,c,4526,2021,2,7,4,1,0,8800.0,12071.0,7998.0,10080.0,9741.214285714286
3,2021-02-20,7807,848,1,0,0,0,b,c,4526,2021,2,7,5,1,1,10659.0,10269.0,10277.0,10367.42857142857,9841.714285714286
3,2021-02-22,9138,962,1,0,0,0,b,c,4526,2021,2,8,0,1,0,9331.0,9328.0,9449.0,9960.0,9753.5
3,2021-02-23,9791,775,1,0,0,0,b,c,4526,2021,2,8,1,1,0,8826.0,9317.0,10830.0,9932.42857142857,9742.392857142857
3,2021-02-24,9908,783,1,0,0,0,b,c,4526,2021,2,8,2,1,0,10328.0,10454.0,7976.0,10070.285714285714,9705.285714285714
3,2021-02-25,9365,873,1,0,0,0,b,c,4526,2021,2,8,3,1,0,11322.0,9287.0,7635.0,10010.285714285714,9774.285714285714
3,2021-02-26,9273,720,1,0,0,0,b,c,4526,2021,2,8,4,1,0,11294.0,11893.0,9900.0,9730.714285714286,9836.07142857143
3,2021-02-27,8894,909,1,0,0,0,b,c,4526,2021,2,8,5,1,1,10812.0,8800.0,12040.0,9442.0,9813.67857142857
3,2021-03-01,8993,912,1,0,0,0,b,c,4526,2021,3,9,0,1,0,7807.0,10659.0,9103.0,9168.0,9701.32142857143
3,2021-03-02,9792,817,1,0,0,0,b,c,4526,2021,3,9,1,1,0,9138.0,9331.0,10252.0,9337.42857142857,9697.392857142857
3,2021-03-03,9954,1021,1,0,0,0,b,c,4526,2021,3,9,2,1,0,9791.0,8826.0,7462.0,9430.857142857143,9680.964285714286
3,2021-03-04,10651,1308,1,0,0,0,b,c,4526,2021,3,9,3,1,0,9908.0,10328.0,8780.0,9454.142857142857,9769.964285714286
3,2021-03-05,9250,750,1,0,0,0,b,c,4526,2021,3,9,4,1,0,9365.0,11322.0,7396.0,9560.285714285714,9836.785714285714
3,2021-03-06,8161,624,1,0,0,0,b,c,4526,2021,3,9,5,1,1,9273.0,11294.0,10477.0,9543.857142857143,9903.0
3,2021-03-08,12042,1155,1,1,0,0,b,c,4526,2021,3,10,0,1,0,8894.0,10812.0,12071.0,9385.0,9820.285714285714
3,2021-03-09,10726,968,1,0,0,0,b,c,4526,2021,3,10,1,1,0,8993.0,7807.0,10269.0,9834.714285714286,9819.25
3,2021-03-10,12193,890,1,0,0,0,b,c,4526,2021,3,10,2,1,0,9792.0,9138.0,9328.0,10082.285714285714,9835.57142857143
3,2021-03-11,12803,965,1,1,0,0,b,c,4526,2021,3,10,3,1,0,9954.0,9791.0,9317.0,10425.285714285714,9937.892857142857
3,2021-03-12,10900,833,1,1,0,0,b,c,4526,2021,3,10,4,1,0,10651.0,9908.0,10454.0,10832.285714285714,10062.392857142857
3,2021-03-13,7399,592,1,0,0,0,b,c,4526,2021,3,10,5,1,1,9250.0,9365.0,9287.0,10867.857142857143,10078.32142857143
3,2021-03-15,10241,1139,1,0,0,0,b,c,4526,2021,3,11,0,1,0,8161.0,9273.0,11893.0,10603.42857142857,10010.892857142857
3,2021-03-16,10154,1058,1,0,0,0,b,c,4526,2021,3,11,1,1,0,12042.0,8894.0,8800.0,10900.57142857143,9951.892857142857
3,2021-03-17,10429,920,1,0,0,0,b,c,4526,2021,3,11,2,1,0,10726.0,8993.0,10659.0,10630.857142857143,10000.25
3,2021-03-18,11220,874,1,0,0,0,b,c,4526,2021,3,11,3,1,0,12193.0,9792.0,9331.0,10588.42857142857,9992.035714285714
3,2021-03-19,10128,1093,1,0,0,0,b,c,4526,2021,3,11,4,1,0,12803.0,9954.0,8826.0,10449.42857142857,10059.5
3,2021-03-20,11061,945,1,1,0,0,b,c,4526,2021,3,11,5,1,1,10900.0,10651.0,10328.0,10067.285714285714,10106.0
3,2021-03-22,9497,947,1,0,0,0,b,c,4526,2021,3,12,0,1,0,7399.0,9250.0,11322.0,10090.285714285714,10132.17857142857
3,2021-03-23,13190,1083,1,1,0,0,b,c,4526,2021,3,12,1,1,0,10241.0,8161.0,11294.0,10390.0,10067.0
3,2021-03-24,14111,1367,1,1,0,0,b,c,4526,2021,3,12,2,1,0,10154.0,12042.0,10812.0,10811.285714285714,10134.714285714286
3,2021-03-25,10309,873,1,0,0,0,b,c,4526,2021,3,12,3,1,0,10429.0,10726.0,7807.0,11376.57142857143,10252.535714285714
3,2021-03-26,11163,926,1,1,0,0,b,c,4526,2021,3,12,4,1,0,11220.0,12193.0,9138.0,11359.42857142857,10341.892857142857
3,2021-03-27,7778,595,1,0,0,0,b,c,4526,2021,3,12,5,1,1,10128.0,12803.0,9791.0,11351.285714285714,10414.214285714286
3,2021-03-29,12390,1040,1,1,0,0,b,c,4526,2021,3,13,0,1,0,11061.0,10900.0,9908.0,11015.57142857143,10342.32142857143
3,2021-03-30,13273,1530,1,1,0,0,b,c,4526,2021,3,13,1,1,0,9497.0,7399.0,9365.0,11205.42857142857,10430.964285714286
3,2021-03-31,11317,1336,1,0,0,0,b,c,4526,2021,3,13,2,1,0,13190.0,10241.0,9273.0,11744.857142857143,10570.535714285714
3,2021-04-01,12868,988,1,1,0,0,b,c,4526,2021,4,13,3,2,0,14111.0,10154.0,8894.0,11477.285714285714,10643.535714285714
3,2021-04-03,9460,850,1,0,0,0,b,c,4526,2021,4,13,5,2,1,10309.0,10429.0,8993.0,11299.714285714286,10785.464285714286
3,2021-04-05,12796,1216,1,1,0,0,b,c,4526,2021,4,14,0,2,0,11163.0,11220.0,9792.0,11178.42857142857,10802.142857142857
3,2021-04-06,11472,1025,1,0,0,0,b,c,4526,2021,4,14,1,2,0,7778.0,10128.0,9954.0,11411.714285714286,10909.42857142857
3,2021-04-07,12427,974,1,1,0,0,b,c,4526,2021,4,14,2,2,0,12390.0,11061.0,10651.0,11939.42857142857,10963.642857142857
3,2021-04-08,12538,1510,1,1,0,0,b,c,4526,2021,4,14,3,2,0,13273.0,9497.0,9250.0,11944.714285714286,11027.07142857143
3,2021-04-09,12248,1448,1,1,0,0,b,c,4526,2021,4,14,4,2,0,11317.0,13190.0,8161.0,11839.714285714286,11144.5
3,2021-04-10,8966,676,1,0,0,0,b,c,4526,2021,4,14,5,2,1,12868.0,14111.0,12042.0,11972.714285714286,11290.464285714286
3,2021-04-12,11717,1451,1,0,0,0,b,c,4526,2021,4,15,0,2,0,9460.0,10309.0,10726.0,11415.285714285714,11180.607142857143
3,2021-04-13,10544,940,1,0,0,0,b,c,4526,2021,4,15,1,2,0,12796.0,11163.0,12193.0,11737.714285714286,11216.0
3,2021-04-14,14515,1077,1,1,0,0,b,c,4526,2021,4,15,2,2,0,11472.0,7778.0,12803.0,11416.0,11157.107142857143
3,2021-04-15,12732,929,1,0,0,0,b,c,4526,2021,4,15,3,2,0,12427.0,12390.0,10900.0,11850.714285714286,11218.25
3,2021-04-16,11063,1175,1,1,0,0,b,c,4526,2021,4,15,4,2,0,12538.0,13273.0,7399.0,11894.285714285714,11283.67857142857
3,2021-04-17,11501,1052,1,1,0,0,b,c,4526,2021,4,15,5,2,1,12248.0,11317.0,10241.0,11683.57142857143,11414.535714285714
3,2021-04-19,10788,889,1,0,0,0,b,c,4526,2021,4,16,0,2,0,8966.0,12868.0,10154.0,11576.857142857143,11459.535714285714
3,2021-04-20,10832,1203,1,0,0,0,b,c,4526,2021,4,16,1,2,0,11717.0,9460.0,10429.0,11837.142857142857,11482.17857142857
3,2021-04-21,12528,1333,1,0,0,0,b,c,4526,2021,4,16,2,2,0,10544.0,12796.0,11220.0,11710.714285714286,11496.57142857143
3,2021-04-22,11594,1296,1,0,0,0,b,c,4526,2021,4,16,3,2,0,14515.0,11472.0,10128.0,11994.142857142857,11543.285714285714
3,2021-04-23,11506,918,1,1,0,0,b,c,4526,2021,4,16,4,2,0,12732.0,12427.0,11061.0,11576.857142857143,11595.642857142857
3,2021-04-24,9442,814,1,0,0,0,b,c,4526,2021,4,16,5,2,1,11063.0,12538.0,9497.0,11401.714285714286,11611.535714285714
3,2021-04-26,11135,997,1,0,0,0,b,c,4526,2021,4,17,0,2,0,11501.0,12248.0,13190.0,11170.142857142857,11609.57142857143
3,2021-04-27,12214,1062,1,0,0,0,b,c,4526,2021,4,17,1,2,0,10788.0,8966.0,14111.0,11117.857142857143,11536.17857142857
3,2021-04-28,12908,942,1,0,0,0,b,c,4526,2021,4,17,2,2,0,10832.0,11717.0,10309.0,11321.57142857143,11468.42857142857
3,2021-04-29,14104,1331,1,1,0,0,b,c,4526,2021,4,17,3,2,0,12528.0,10544.0,11163.0,11618.142857142857,11561.25
3,2021-04-30,12305,951,1,1,0,0,b,c,4526,2021,4,17,4,2,0,11594.0,14515.0,7778.0,11843.285714285714,11666.285714285714
3,2021-05-01,9487,969,1,0,0,0,b,c,4526,2021,5,17,5,2,1,11506.0,12732.0,12390.0,11944.857142857143,11827.964285714286
3,2021-05-03,12014,972,1,0,0,0,b,c,4526,2021,5,18,0,2,0,9442.0,11063.0,13273.0,11656.42857142857,11724.285714285714
3,2021-05-04,11998,1105,1,0,0,0,b,c,4526,2021,5,18,1,2,0,11135.0,11501.0,11317.0,12023.857142857143,11679.32142857143
3,2021-05-05,11817,854,1,0,0,0,b,c,4526,2021,5,18,2,2,0,12214.0,10788.0,12868.0,12147.142857142857,11703.642857142857
3,2021-05-06,13121,1227,1,1,0,0,b,c,4526,2021,5,18,3,2,0,12908.0,10832.0,9460.0,12090.42857142857,11666.107142857143
3,2021-05-07,12107,1363,1,1,0,0,b,c,4526,2021,5,18,4,2,0,14104.0,12528.0,12796.0,12120.857142857143,11796.857142857143
3,2021-05-08,10088,981,1,0,0,0,b,c,4526,2021,5,18,5,2,1,12305.0,11594.0,11472.0,11835.57142857143,11772.25
3,2021-05-10,13806,1152,1,1,0,0,b,c,4526,2021,5,19,0,2,0,9487.0,11506.0,12427.0,11518.857142857143,11722.82142857143
3,2021-05-11,12518,971,1,0,0,0,b,c,4526,2021,5,19,1,2,0,12014.0,9442.0,12538.0,12135.857142857143,11772.07142857143
3,2021-05-12,15730,1160,1,1,0,0,b,c,4526,2021,5,19,2,2,0,11998.0,11135.0,12248.0,12207.857142857143,11771.357142857143
3,2021-05-13,12666,1173,1,1,0,0,b,c,4526,2021,5,19,3,2,0,11817.0,12214.0,8966.0,12741.0,11895.714285714286
3,2021-05-14,13124,986,1,1,0,0,b,c,4526,2021,5,19,4,2,0,13121.0,12908.0,11717.0,12862.285714285714,12027.857142857143
3,2021-05-15,10195,1175,1,0,0,0,b,c,4526,2021,5,19,5,2,1,12107.0,14104.0,10544.0,12862.714285714286,12078.107142857143
3,2021-05-17,11588,991,1,0,0,0,b,c,4526,2021,5,20,0,2,0,10088.0,12305.0,14515.0,12589.57142857143,12065.642857142857
3,2021-05-18,14745,1835,1,1,0,0,b,c,4526,2021,5,20,1,2,0,13806.0,9487.0,12732.0,12803.857142857143,11961.107142857143
3,2021-05-19,13513,1571,1,0,0,0,b,c,4526,2021,5,20,2,2,0,12518.0,12014.0,11063.0,12938.0,12033.0
3,2021-05-20,12014,1190,1,0,0,0,b,c,4526,2021,5,20,3,2,0,15730.0,11998.0,11501.0,13080.142857142857,12120.5
3,2021-05-21,11346,954,1,0,0,0,b,c,4526,2021,5,20,4,2,0,12666.0,11817.0,10788.0,12549.285714285714,12138.82142857143
3,2021-05-22,9012,656,1,0,0,0,b,c,4526,2021,5,20,5,2,1,13124.0,13121.0,10832.0,12360.714285714286,12158.75
3,2021-05-24,11833,1066,1,0,0,0,b,c,4526,2021,5,21,0,2,0,10195.0,12107.0,12528.0,11773.285714285714,12093.75
3,2021-05-25,15214,1481,1,1,0,0,b,c,4526,2021,5,21,1,2,0,11588.0,10088.0,11594.0,12007.285714285714,12068.92857142857
3,2021-05-26,13238,1551,1,0,0,0,b,c,4526,2021,5,21,2,2,0,14745.0,13806.0,11506.0,12525.285714285714,12198.214285714286
3,2021-05-27,13881,1231,1,1,0,0,b,c,4526,2021,5,21,3,2,0,13513.0,12518.0,9442.0,12310.0,12260.07142857143
3,2021-05-28,11191,1323,1,0,0,0,b,c,4526,2021,5,21,4,2,0,12014.0,15730.0,11135.0,12362.57142857143,12418.607142857143
3,2021-05-29,11969,1106,1,1,0,0,b,c,4526,2021,5,21,5,2,1,11346.0,12666.0,12214.0,12245.0,12420.607142857143
3,2021-05-31,14204,1270,1,1,0,0,b,c,4526,2021,5,22,0,2,0,9012.0,13124.0,12908.0,12334.0,12411.857142857143
3,2021-06-01,13660,1001,1,0,0,0,b,c,4526,2021,6,22,1,2,0,11833.0,10195.0,14104.0,13075.714285714286,12458.142857142857
3,2021-06-02,14176,1677,1,1,0,0,b,c,4526,2021,6,22,2,2,0,15214.0,11588.0,12305.0,13336.714285714286,12442.285714285714
3,2021-06-03,13288,1264,1,0,0,0,b,c,4526,2021,6,22,3,2,0,13238.0,14745.0,9487.0,13188.42857142857,12509.107142857143
3,2021-06-04,11377,963,1,0,0,0,b,c,4526,2021,6,22,4,2,0,13881.0,13513.0,12014.0,13195.57142857143,12644.857142857143
3,2021-06-05,12865,1410,1,1,0,0,b,c,4526,2021,6,22,5,2,1,11191.0,12014.0,11998.0,12837.857142857143,12622.107142857143
3,2021-06-07,11931,1182,1,0,0,0,b,c,4526,2021,6,23,0,2,0,11969.0,11346.0,11817.0,13077.0,12653.07142857143
3,2021-06-08,12720,1433,1,0,0,0,b,c,4526,2021,6,23,1,2,0,14204.0,9012.0,13121.0,13071.57142857143,12657.142857142857
3,2021-06-09,13230,1222,1,0,0,0,b,c,4526,2021,6,23,2,2,0,13660.0,11833.0,12107.0,12859.57142857143,12642.82142857143
3,2021-06-10,15091,1271,1,1,0,0,b,c,4526,2021,6,23,3,2,0,14176.0,15214.0,10088.0,12798.142857142857,12682.92857142857
3,2021-06-11,14382,1664,1,1,0,0,b,c,4526,2021,6,23,4,2,0,13288.0,13238.0,13806.0,12928.857142857143,12861.607142857143
3,2021-06-12,11527,886,1,0,0,0,b,c,4526,2021,6,23,5,2,1,11377.0,13881.0,12518.0,13085.142857142857,12882.17857142857
3,2021-06-14,13315,1096,1,0,0,0,b,c,4526,2021,6,24,0,2,0,12865.0,11191.0,15730.0,13106.57142857143,12846.785714285714
3,2021-06-15,12322,1050,1,0,0,0,b,c,4526,2021,6,24,1,2,0,11931.0,11969.0,12666.0,13170.857142857143,12760.535714285714
3,2021-06-16,14629,1332,1,1,0,0,b,c,4526,2021,6,24,2,2,0,12720.0,14204.0,13124.0,13226.714285714286,12748.25
3,2021-06-17,14151,1690,1,1,0,0,b,c,4526,2021,6,24,3,2,0,13230.0,13660.0,10195.0,13499.42857142857,12802.0
3,2021-06-18,11666,1134,1,0,0,0,b,c,4526,2021,6,24,4,2,0,15091.0,14176.0,11588.0,13631.0,12943.285714285714
3,2021-06-19,11738,1413,1,0,0,0,b,c,4526,2021,6,24,5,2,1,14382.0,13288.0,14745.0,13141.714285714286,12946.07142857143
3,2021-06-21,12883,1335,1,0,0,0,b,c,4526,2021,6,25,0,2,0,11527.0,11377.0,13513.0,12764.0,12838.67857142857
3,2021-06-22,13092,1291,1,0,0,0,b,c,4526,2021,6,25,1,2,0,13315.0,12865.0,12014.0,12957.714285714286,12816.17857142857
3,2021-06-23,14638,1323,1,1,0,0,b,c,4526,2021,6,25,2,2,0,12322.0,11931.0,11346.0,12925.857142857143,12854.67857142857
3,2021-06-24,12506,1305,1,0,0,0,b,c,4526,2021,6,25,3,2,0,14629.0,12720.0,9012.0,13256.714285714286,12972.25
3,2021-06-25,12747,1160,1,0,0,0,b,c,4526,2021,6,25,4,2,0,14151.0,13230.0,11833.0,12953.42857142857,13097.035714285714
3,2021-06-26,10840,1335,1,0,0,0,b,c,4526,2021,6,25,5,2,1,11666.0,15091.0,15214.0,12752.857142857143,13129.67857142857
3,2021-06-28,13341,1478,1,1,0,0,b,c,4526,2021,6,26,0,2,0,11738.0,14382.0,13238.0,12634.857142857143,12973.464285714286
3,2021-06-29,14065,1091,1,0,0,0,b,c,4526,2021,6,26,1,2,0,12883.0,11527.0,13881.0,12863.857142857143,12977.142857142857
3,2021-06-30,13984,1514,1,0,0,0,b,c,4526,2021,6,26,2,2,0,13092.0,13315.0,11191.0,13032.714285714286,12983.714285714286
3,2021-07-01,14929,1112,1,1,0,1,b,c,4526,2021,7,26,3,3,0,14638.0,12322.0,11969.0,13160.142857142857,13083.464285714286
3,2021-07-02,13170,947,1,0,0,1,b,c,4526,2021,7,26,4,3,0,12506.0,14629.0,14204.0,13201.714285714286,13189.17857142857
3,2021-07-03,14084,1141,1,1,0,1,b,c,4526,2021,7,26,5,3,1,12747.0,14151.0,13660.0,13296.57142857143,13152.25
3,2021-07-05,13302,1248,1,0,0,1,b,c,4526,2021,7,27,0,3,0,10840.0,11666.0,14176.0,13487.57142857143,13167.392857142857
3,2021-07-06,15036,1457,1,0,0,1,b,c,4526,2021,7,27,1,3,0,13341.0,11738.0,13288.0,13839.285714285714,13136.17857142857
3,2021-07-07,13981,1208,1,0,0,1,b,c,4526,2021,7,27,2,3,0,14065.0,12883.0,11377.0,14081.42857142857,13198.607142857143
3,2021-07-08,15475,1729,1,1,0,1,b,c,4526,2021,7,27,3,3,0,13984.0,13092.0,12865.0,14069.42857142857,13291.607142857143
3,2021-07-09,14178,1642,1,1,0,1,b,c,4526,2021,7,27,4,3,0,14929.0,14638.0,11931.0,14282.42857142857,13384.82142857143
3,2021-07-10,13275,974,1,1,0,1,b,c,4526,2021,7,27,5,3,1,13170.0,12506.0,12720.0,14175.142857142857,13465.07142857143
3,2021-07-12,12781,1202,1,0,0,1,b,c,4526,2021,7,28,0,3,0,14084.0,12747.0,13230.0,14190.142857142857,13484.892857142857
3,2021-07-13,14264,1436,1,0,0,1,b,c,4526,2021,7,28,1,3,0,13302.0,10840.0,15091.0,14004.0,13468.857142857143
3,2021-07-14,12095,1179,1,0,0,1,b,c,4526,2021,7,28,2,3,0,15036.0,13341.0,14382.0,14141.42857142857,13439.32142857143
3,2021-07-15,15613,1353,1,1,0,1,b,c,4526,2021,7,28,3,3,0,13981.0,14065.0,11527.0,13721.285714285714,13357.642857142857
3,2021-07-16,13525,1390,1,0,0,1,b,c,4526,2021,7,28,4,3,0,15475.0,13984.0,13315.0,13954.42857142857,13503.57142857143
3,2021-07-17,11451,1030,1,0,0,1,b,c,4526,2021,7,28,5,3,1,14178.0,14929.0,12322.0,13675.857142857143,13511.07142857143
3,2021-07-19,14500,1060,1,1,0,1,b,c,4526,2021,7,29,0,3,0,13275.0,13170.0,14629.0,13286.285714285714,13479.964285714286
3,2021-07-20,14733,1296,1,0,0,1,b,c,4526,2021,7,29,1,3,0,12781.0,14084.0,14151.0,13461.285714285714,13475.357142857143
3,2021-07-21,14585,1523,1,0,0,1,b,c,4526,2021,7,29,2,3,0,14264.0,13302.0,11666.0,13740.142857142857,13496.142857142857
3,2021-07-22,14267,1722,1,0,0,1,b,c,4526,2021,7,29,3,3,0,12095.0,15036.0,11738.0,13786.0,13600.392857142857
3,2021-07-23,12017,981,1,0,0,1,b,c,4526,2021,7,29,4,3,0,15613.0,13981.0,12883.0,14096.285714285714,13690.714285714286
3,2021-07-24,14830,1435,1,1,0,1,b,c,4526,2021,7,29,5,3,1,13525.0,15475.0,13092.0,13582.57142857143,13659.785714285714
3,2021-07-26,12774,1229,1,0,0,1,b,c,4526,2021,7,30,0,3,0,11451.0,14178.0,14638.0,13769.0,13721.857142857143
3,2021-07-27,14540,1315,1,1,0,1,b,c,4526,2021,7,30,1,3,0,14500.0,13275.0,12506.0,13958.0,13655.285714285714
3,2021-07-28,14246,1442,1,0,0,1,b,c,4526,2021,7,30,2,3,0,14733.0,12781.0,12747.0,13963.714285714286,13727.92857142857
3,2021-07-29,14204,1462,1,1,0,1,b,c,4526,2021,7,30,3,3,0,14585.0,14264.0,10840.0,13894.142857142857,13781.464285714286
3,2021-07-30,13688,1329,1,0,0,1,b,c,4526,2021,7,30,4,3,0,14267.0,12095.0,13341.0,13839.714285714286,13901.607142857143
3,2021-07-31,13555,1308,1,1,0,1,b,c,4526,2021,7,30,5,3,1,12017.0,15613.0,14065.0,13757.0,13914.0
3,2021-08-02,15046,1424,1,1,0,1,b,c,4526,2021,8,31,0,3,0,14830.0,13525.0,13984.0,13976.714285714286,13895.785714285714
3,2021-08-03,16153,1443,1,1,0,1,b,c,4526,2021,8,31,1,3,0,12774.0,11451.0,14929.0,14007.57142857143,13933.714285714286
3,2021-08-04,15393,1213,1,1,0,1,b,c,4526,2021,8,31,2,3,0,14540.0,14500.0,13170.0,14490.285714285714,13977.42857142857
3,2021-08-05,13938,1383,1,0,0,1,b,c,4526,2021,8,31,3,3,0,14246.0,14733.0,14084.0,14612.142857142857,14056.82142857143
3,2021-08-06,12705,1584,1,0,0,1,b,c,4526,2021,8,31,4,3,0,14204.0,14585.0,13302.0,14568.142857142857,14051.607142857143
3,2021-08-07,12089,1324,1,0,0,1,b,c,4526,2021,8,31,5,3,1,13688.0,14267.0,15036.0,14354.0,14030.285714285714
3,2021-08-09,13383,1401,1,1,0,1,b,c,4526,2021,8,32,0,3,0,13555.0,12017.0,13981.0,14125.57142857143,13925.035714285714
3,2021-08-10,13584,1462,1,0,0,1,b,c,4526,2021,8,32,1,3,0,15046.0,14830.0,15475.0,14101.0,13903.67857142857
3,2021-08-11,11728,1300,1,0,0,1,b,c,4526,2021,8,32,2,3,0,16153.0,12774.0,14178.0,13892.142857142857,13836.142857142857
3,2021-08-12,14947,1216,1,1,0,1,b,c,4526,2021,8,32,3,3,0,15393.0,14540.0,13275.0,13260.0,13748.642857142857
3,2021-08-13,14938,1691,1,1,0,1,b,c,4526,2021,8,32,4,3,0,13938.0,14246.0,12781.0,13196.285714285714,13808.357142857143
3,2021-08-14,13005,1426,1,1,0,1,b,c,4526,2021,8,32,5,3,1,12705.0,14204.0,14264.0,13339.142857142857,13885.392857142857
3,2021-08-16,12953,1466,1,0,0,1,b,c,4526,2021,8,33,0,3,0,12089.0,13688.0,12095.0,13382.0,13840.42857142857
3,2021-08-17,16297,1306,1,1,0,1,b,c,4526,2021,8,33,1,3,0,13383.0,13555.0,15613.0,13505.42857142857,13871.07142857143
3,2021-08-18,15498,1278,1,1,0,1,b,c,4526,2021,8,33,2,3,0,13584.0,15046.0,13525.0,13921.714285714286,13895.5
3,2021-08-19,13706,1701,1,0,0,1,b,c,4526,2021,8,33,3,3,0,11728.0,16153.0,11451.0,14195.142857142857,13965.964285714286
3,2021-08-20,11128,848,1,0,0,1,b,c,4526,2021,8,33,4,3,0,14947.0,15393.0,14500.0,14477.714285714286,14046.5
3,2021-08-21,13680,1072,1,1,0,1,b,c,4526,2021,8,33,5,3,1,14938.0,13938.0,14733.0,13932.142857142857,13926.07142857143
3,2021-08-23,11759,1431,1,0,0,1,b,c,4526,2021,8,34,0,3,0,13005.0,12705.0,14585.0,13752.42857142857,13888.464285714286
3,2021-08-24,14735,1345,1,1,0,1,b,c,4526,2021,8,34,1,3,0,12953.0,12089.0,14267.0,13574.42857142857,13787.535714285714
3,2021-08-25,15226,1631,1,1,0,1,b,c,4526,2021,8,34,2,3,0,16297.0,13383.0,12017.0,13829.0,13804.25
3,2021-08-26,13090,965,1,0,0,1,b,c,4526,2021,8,34,3,3,0,15498.0,13584.0,14830.0,13676.0,13918.857142857143
3,2021-08-27,10983,794,1,0,0,1,b,c,4526,2021,8,34,4,3,0,13706.0,11728.0,12774.0,13332.0,13856.714285714286
3,2021-08-28,12789,1083,1,1,0,1,b,c,4526,2021,8,34,5,3,1,11128.0,14947.0,14540.0,12943.0,13792.75
3,2021-08-30,14277,1025,1,1,0,1,b,c,4526,2021,8,35,0,3,0,13680.0,14938.0,14246.0,13180.285714285714,13730.214285714286
3,2021-08-31,12729,1405,1,0,0,1,b,c,4526,2021,8,35,1,3,0,11759.0,13005.0,14204.0,13265.57142857143,13731.32142857143
3,2021-09-01,13277,1040,1,0,0,0,b,c,4526,2021,9,35,2,3,0,14735.0,12953.0,13688.0,13404.142857142857,13678.642857142857
3,2021-09-02,11966,1151,1,0,0,0,b,c,4526,2021,9,35,3,3,0,15226.0,16297.0,13555.0,13195.857142857143,13663.964285714286
3,2021-09-03,12615,1237,1,1,0,0,b,c,4526,2021,9,35,4,3,0,13090.0,15498.0,15046.0,12730.142857142857,13607.214285714286
3,2021-09-04,10309,916,1,0,0,0,b,c,4526,2021,9,35,5,3,1,10983.0,13706.0,16153.0,12662.285714285714,13520.392857142857
3,2021-09-06,13146,1540,1,1,0,0,b,c,4526,2021,9,36,0,3,0,12789.0,11128.0,15393.0,12566.0,13311.67857142857
3,2021-09-07,11887,1249,1,0,0,0,b,c,4526,2021,9,36,1,3,0,14277.0,13680.0,13938.0,12617.0,13231.42857142857
3,2021-09-08,12339,1525,1,0,0,0,b,c,4526,2021,9,36,2,3,0,12729.0,11759.0,12705.0,12275.57142857143,13158.17857142857
3,2021-09-09,13301,981,1,0,0,0,b,c,4526,2021,9,36,3,3,0,13277.0,14735.0,12089.0,12219.857142857143,13145.107142857143
3,2021-09-10,12703,1211,1,1,0,0,b,c,4526,2021,9,36,4,3,0,11966.0,15226.0,13383.0,12223.285714285714,13188.392857142857
3,2021-09-11,11305,1286,1,1,0,0,b,c,4526,2021,9,36,5,3,1,12615.0,13090.0,13584.0,12328.57142857143,13164.107142857143
3,2021-09-13,13183,1160,1,1,0,0,b,c,4526,2021,9,37,0,3,0,10309.0,10983.0,11728.0,12141.42857142857,13082.714285714286
3,2021-09-14,14185,1019,1,1,0,0,b,c,4526,2021,9,37,1,3,0,13146.0,12789.0,14947.0,12552.0,13134.67857142857
3,2021-09-15,12959,1493,1,0,0,0,b,c,4526,2021,9,37,2,3,0,11887.0,14277.0,14938.0,12700.42857142857,13107.464285714286
3,2021-09-16,13742,999,1,1,0,0,b,c,4526,2021,9,37,3,3,0,12339.0,12729.0,13005.0,12853.57142857143,13036.785714285714
3,2021-09-17,11710,1011,1,1,0,0,b,c,4526,2021,9,37,4,3,0,13301.0,13277.0,12953.0,13054.0,13063.107142857143
3,2021-09-18,8764,741,1,0,0,0,b,c,4526,2021,9,37,5,3,1,12703.0,11966.0,16297.0,12826.714285714286,13018.714285714286
3,2021-09-20,11788,976,1,1,0,0,b,c,4526,2021,9,38,0,3,0,11305.0,12615.0,15498.0,12264.0,12749.67857142857
3,2021-09-21,12566,1157,1,0,0,0,b,c,4526,2021,9,38,1,3,0,13183.0,10309.0,13706.0,12333.0,12617.17857142857
3,2021-09-22,11852,938,1,0,0,0,b,c,4526,2021,9,38,2,3,0,14185.0,13146.0,11128.0,12244.857142857143,12576.464285714286
3,2021-09-23,13553,1510,1,1,0,0,b,c,4526,2021,9,38,3,3,0,12959.0,11887.0,13680.0,11911.57142857143,12602.32142857143
3,2021-09-24,11788,1352,1,1,0,0,b,c,4526,2021,9,38,4,3,0,13742.0,12339.0,11759.0,11996.42857142857,12597.785714285714
3,2021-09-25,9207,743,1,0,0,0,b,c,4526,2021,9,38,5,3,1,11710.0,13301.0,14735.0,11717.285714285714,12598.82142857143
3,2021-09-27,12611,958,1,1,0,0,b,c,4526,2021,9,39,0,3,0,8764.0,12703.0,15226.0,11359.714285714286,12401.392857142857
3,2021-09-28,13896,1598,1,1,0,0,b,c,4526,2021,9,39,1,3,0,11788.0,11305.0,13090.0,11909.285714285714,12308.0
3,2021-09-29,11006,840,1,0,0,0,b,c,4526,2021,9,39,2,3,0,12566.0,13183.0,10983.0,12210.42857142857,12336.785714285714
3,2021-09-30,10998,926,1,0,0,0,b,c,4526,2021,9,39,3,3,0,11852.0,14185.0,12789.0,11987.57142857143,12337.607142857143
3,2021-10-01,13263,1591,1,1,0,0,b,c,4526,2021,10,39,4,4,0,13553.0,12959.0,14277.0,11865.57142857143,12273.642857142857
3,2021-10-02,10939,1291,1,1,0,0,b,c,4526,2021,10,39,5,4,1,11788.0,13742.0,12729.0,11824.142857142857,12237.42857142857
3,2021-10-04,12786,1279,1,1,0,0,b,c,4526,2021,10,40,0,4,0,9207.0,11710.0,13277.0,11702.857142857143,12173.5
3,2021-10-05,11229,825,1,0,0,0,b,c,4526,2021,10,40,1,4,0,12611.0,8764.0,11966.0,12214.142857142857,12155.964285714286
3,2021-10-06,13948,1147,1,1,0,0,b,c,4526,2021,10,40,2,4,0,13896.0,11788.0,12615.0,12016.714285714286,12129.642857142857
3,2021-10-07,9870,733,1,0,0,0,b,c,4526,2021,10,40,3,4,0,11006.0,12566.0,10309.0,12024.142857142857,12177.25
3,2021-10-08,9399,967,1,0,0,0,b,c,4526,2021,10,40,4,4,0,10998.0,11852.0,13146.0,11861.857142857143,12161.57142857143
3,2021-10-09,8389,723,1,0,0,0,b,c,4526,2021,10,40,5,4,1,13263.0,13553.0,11887.0,11633.42857142857,12027.75
3,2021-10-11,9606,1150,1,0,0,0,b,c,4526,2021,10,41,0,4,0,10939.0,11788.0,12339.0,10937.142857142857,11902.82142857143
3,2021-10-12,11205,1063,1,0,0,0,b,c,4526,2021,10,41,1,4,0,12786.0,9207.0,13301.0,10746.714285714286,11805.214285714286
3,2021-10-13,14031,1376,1,1,0,0,b,c,4526,2021,10,41,2,4,0,11229.0,12611.0,12703.0,10520.857142857143,11730.357142857143
3,2021-10-14,12378,927,1,1,0,0,b,c,4526,2021,10,41,3,4,0,13948.0,13896.0,11305.0,10921.142857142857,11777.785714285714
3,2021-10-15,10945,1202,1,1,0,0,b,c,4526,2021,10,41,4,4,0,9870.0,11006.0,13183.0,10696.857142857143,11816.107142857143
3,2021-10-16,8386,651,1,0,0,0,b,c,4526,2021,10,41,5,4,1,9399.0,10998.0,14185.0,10850.42857142857,11736.17857142857
3,2021-10-18,11762,950,1,1,0,0,b,c,4526,2021,10,42,0,4,0,8389.0,13263.0,12959.0,10705.714285714286,11529.07142857143
3,2021-10-19,11296,869,1,0,0,0,b,c,4526,2021,10,42,1,4,0,9606.0,10939.0,13742.0,11187.57142857143,11486.32142857143
3,2021-10-20,11623,1428,1,0,0,0,b,c,4526,2021,10,42,2,4,0,11205.0,12786.0,11710.0,11429.0,11398.964285714286
3,2021-10-21,10334,765,1,0,0,0,b,c,4526,2021,10,42,3,4,0,14031.0,11229.0,8764.0,11488.714285714286,11395.857142857143
3,2021-10-22,8421,644,1,0,0,0,b,c,4526,2021,10,42,4,4,0,12378.0,13948.0,11788.0,10960.57142857143,11451.92857142857
3,2021-10-23,8822,1027,1,0,0,0,b,c,4526,2021,10,42,5,4,1,10945.0,9870.0,12566.0,10395.285714285714,11331.67857142857
3,2021-10-25,11226,1048,1,1,0,0,b,c,4526,2021,10,43,0,4,0,8386.0,9399.0,11852.0,10092.0,11197.964285714286
3,2021-10-26,12146,1485,1,1,0,0,b,c,4526,2021,10,43,1,4,0,11762.0,8389.0,13553.0,10497.714285714286,11175.607142857143
3,2021-10-27,10465,1082,1,0,0,0,b,c,4526,2021,10,43,2,4,0,11296.0,9606.0,11788.0,10552.57142857143,11125.357142857143
3,2021-10-28,12800,1143,1,1,0,0,b,c,4526,2021,10,43,3,4,0,11623.0,11205.0,9207.0,10433.857142857143,11078.107142857143
3,2021-10-29,9798,918,1,0,0,0,b,c,4526,2021,10,43,4,4,0,10334.0,14031.0,12611.0,10602.0,11206.42857142857
3,2021-10-30,9646,890,1,1,0,0,b,c,4526,2021,10,43,5,4,1,8421.0,12378.0,13896.0,10525.42857142857,11105.964285714286
3,2021-11-01,10975,828,1,1,0,0,b,c,4526,2021,11,44,0,4,0,8822.0,10945.0,11006.0,10700.42857142857,10954.17857142857
3,2021-11-02,11490,1150,1,1,0,0,b,c,4526,2021,11,44,1,4,0,11226.0,8386.0,10998.0,11008.0,10953.07142857143
3,2021-11-03,9952,899,1,0,0,0,b,c,4526,2021,11,44,2,4,0,12146.0,11762.0,13263.0,11045.714285714286,10970.642857142857
3,2021-11-04,11039,1069,1,0,0,0,b,c,4526,2021,11,44,3,4,0,10465.0,11296.0,10939.0,10732.285714285714,10852.392857142857
3,2021-11-05,8785,976,1,0,0,0,b,c,4526,2021,11,44,4,4,0,12800.0,11623.0,12786.0,10814.285714285714,10855.964285714286
3,2021-11-06,8531,710,1,0,0,0,b,c,4526,2021,11,44,5,4,1,9798.0,10334.0,11229.0,10240.714285714286,10713.07142857143
3,2021-11-08,9636,835,1,0,0,0,b,c,4526,2021,11,45,0,4,0,9646.0,8421.0,13948.0,10059.714285714286,10616.714285714286
3,2021-11-09,13654,1246,1,1,0,0,b,c,4526,2021,11,45,1,4,0,10975.0,8822.0,9870.0,10058.285714285714,10462.714285714286
3,2021-11-10,11561,940,1,1,0,0,b,c,4526,2021,11,45,2,4,0,11490.0,11226.0,9399.0,10441.0,10597.857142857143
3,2021-11-11,9235,1099,1,0,0,0,b,c,4526,2021,11,45,3,4,0,9952.0,12146.0,8389.0,10451.142857142857,10675.07142857143
3,2021-11-12,10581,769,1,1,0,0,b,c,4526,2021,11,45,4,4,0,11039.0,10465.0,9606.0,10348.714285714286,10705.285714285714
3,2021-11-13,7011,642,1,0,0,0,b,c,4526,2021,11,45,5,4,1,8785.0,12800.0,11205.0,10283.285714285714,10740.107142857143
3,2021-11-15,10646,776,1,1,0,0,b,c,4526,2021,11,46,0,4,0,8531.0,9798.0,14031.0,10029.857142857143,10590.32142857143
3,2021-11-16,12438,1259,1,1,0,0,b,c,4526,2021,11,46,1,4,0,9636.0,9646.0,12378.0,10332.0,10469.42857142857
3,2021-11-17,10924,826,1,1,0,0,b,c,4526,2021,11,46,2,4,0,13654.0,10975.0,10945.0,10732.285714285714,10471.57142857143
3,2021-11-18,10520,1282,1,1,0,0,b,c,4526,2021,11,46,3,4,0,11561.0,11490.0,8386.0,10342.285714285714,10470.82142857143
3,2021-11-19,9548,892,1,1,0,0,b,c,4526,2021,11,46,4,4,0,9235.0,9952.0,11762.0,10193.57142857143,10547.035714285714
3,2021-11-20,8462,967,1,0,0,0,b,c,4526,2021,11,46,5,4,1,10581.0,11039.0,11296.0,10238.285714285714,10467.964285714286
3,2021-11-22,10556,788,1,1,0,0,b,c,4526,2021,11,47,0,4,0,7011.0,8785.0,11623.0,9935.57142857143,10366.75
3,2021-11-23,10745,1049,1,1,0,0,b,c,4526,2021,11,47,1,4,0,10646.0,8531.0,10334.0,10442.0,10328.642857142857
3,2021-11-24,9650,1065,1,0,0,0,b,c,4526,2021,11,47,2,4,0,12438.0,9636.0,8421.0,10456.142857142857,10343.32142857143
3,2021-11-25,11778,1437,1,1,0,0,b,c,4526,2021,11,47,3,4,0,10924.0,13654.0,8822.0,10057.857142857143,10387.214285714286
3,2021-11-26,9974,792,1,1,0,0,b,c,4526,2021,11,47,4,4,0,10520.0,11561.0,11226.0,10179.857142857143,10492.785714285714
3,2021-11-27,9542,703,1,1,0,0,b,c,4526,2021,11,47,5,4,1,9548.0,9235.0,12146.0,10101.857142857143,10448.07142857143
3,2021-11-29,9003,817,1,0,0,0,b,c,4526,2021,11,48,0,4,0,8462.0,10581.0,10465.0,10101.0,10355.07142857143
3,2021-11-30,9428,1040,1,0,0,0,b,c,4526,2021,11,48,1,4,0,10556.0,7011.0,12800.0,10178.285714285714,10302.857142857143
3,2021-12-01,9535,708,1,0,0,0,b,c,4526,2021,12,48,2,4,0,10745.0,10646.0,9798.0,10017.142857142857,10182.42857142857
3,2021-12-02,8716,646,1,0,0,0,b,c,4526,2021,12,48,3,4,0,9650.0,12438.0,9646.0,9844.285714285714,10173.035714285714
3,2021-12-03,10179,853,1,1,0,0,b,c,4526,2021,12,48,4,4,0,11778.0,10924.0,10975.0,9710.857142857143,10139.82142857143
3,2021-12-04,8448,632,1,1,0,0,b,c,4526,2021,12,48,5,4,1,9974.0,10520.0,11490.0,9482.42857142857,10111.392857142857
3,2021-12-06,9333,820,1,0,0,0,b,c,4526,2021,12,49,0,4,0,9542.0,9548.0,9952.0,9264.42857142857,10002.75
3,2021-12-07,9678,769,1,0,0,0,b,c,4526,2021,12,49,1,4,0,9003.0,8462.0,11039.0,9234.57142857143,9980.642857142857
3,2021-12-08,10635,1132,1,1,0,0,b,c,4526,2021,12,49,2,4,0,9428.0,10556.0,8785.0,9331.0,9932.035714285714
3,2021-12-09,8928,665,1,0,0,0,b,c,4526,2021,12,49,3,4,0,9535.0,10745.0,8531.0,9503.42857142857,9998.107142857143
3,2021-12-10,8793,788,1,0,0,0,b,c,4526,2021,12,49,4,4,0,8716.0,9650.0,9636.0,9416.714285714286,10012.285714285714
3,2021-12-11,8202,734,1,0,0,0,b,c,4526,2021,12,49,5,4,1,10179.0,11778.0,13654.0,9427.714285714286,9982.17857142857
3,2021-12-13,8284,867,1,0,0,0,b,c,4526,2021,12,50,0,4,0,8448.0,9974.0,11561.0,9145.285714285714,9787.464285714286
3,2021-12-14,8521,958,1,0,0,0,b,c,4526,2021,12,50,1,4,0,9333.0,9542.0,9235.0,9121.857142857143,9670.42857142857
3,2021-12-15,11735,970,1,1,0,0,b,c,4526,2021,12,50,2,4,0,9678.0,9003.0,10581.0,9005.857142857143,9644.92857142857
3,2021-12-16,11389,836,1,1,0,0,b,c,4526,2021,12,50,3,4,0,10635.0,9428.0,7011.0,9299.714285714286,9686.142857142857
3,2021-12-17,9730,823,1,1,0,0,b,c,4526,2021,12,50,4,4,0,8928.0,9535.0,10646.0,9407.42857142857,9842.5
3,2021-12-18,7057,846,1,0,0,0,b,c,4526,2021,12,50,5,4,1,8793.0,8716.0,12438.0,9522.0,9809.785714285714
3,2021-12-20,9384,813,1,1,0,0,b,c,4526,2021,12,51,0,4,0,8202.0,10179.0,10924.0,9274.0,9617.607142857143
3,2021-12-21,11157,1361,1,1,0,0,b,c,4526,2021,12,51,1,4,0,8284.0,8448.0,10520.0,9442.857142857143,9562.607142857143
3,2021-12-22,12732,1035,1,1,0,0,b,c,4526,2021,12,51,2,4,0,8521.0,9333.0,9548.0,9853.285714285714,9585.357142857143
3,2021-12-23,8437,904,1,0,0,0,b,c,4526,2021,12,51,3,4,0,11735.0,9678.0,8462.0,10454.857142857143,9699.07142857143
3,2021-12-24,8298,810,1,0,0,0,b,c,4526,2021,12,51,4,4,0,11389.0,10635.0,10556.0,9983.714285714286,9698.17857142857
3,2021-12-27,9956,863,1,1,0,0,b,c,4526,2021,12,52,0,4,0,9730.0,8928.0,10745.0,9542.142857142857,9617.535714285714
3,2021-12-28,11849,1254,1,1,0,0,b,c,4526,2021,12,52,1,4,0,7057.0,8793.0,9650.0,9574.42857142857,9589.357142857143
3,2021-12-29,9608,691,1,0,0,0,b,c,4526,2021,12,52,2,4,0,9384.0,8202.0,11778.0,10259.0,9667.892857142857
3,2021-12-30,9093,744,1,0,0,0,b,c,4526,2021,12,52,3,4,0,11157.0,8284.0,9974.0,10291.0,9590.392857142857
3,2021-12-31,7888,795,1,0,0,0,b,c,4526,2021,12,52,4,4,0,12732.0,8521.0,9542.0,9996.142857142857,9558.92857142857
3,2022-01-03,7322,764,1,0,0,0,b,c,4526,2022,1,1,0,1,0,8437.0,11735.0,9003.0,9304.142857142857,9499.857142857143
3,2022-01-04,9284,1083,1,0,0,0,b,c,4526,2022,1,1,1,1,0,8298.0,11389.0,9428.0,9144.857142857143,9439.82142857143
3,2022-01-05,10722,1244,1,0,0,0,b,c,4526,2022,1,1,2,1,0,9956.0,9730.0,9535.0,9285.714285714286,9434.67857142857
3,2022-01-06,10878,1339,1,1,0,0,b,c,4526,2022,1,1,3,1,0,11849.0,7057.0,8716.0,9395.142857142857,9477.07142857143
3,2022-01-07,7638,572,1,0,0,0,b,c,4526,2022,1,1,4,1,0,9608.0,9384.0,10179.0,9256.42857142857,9554.285714285714
3,2022-01-08,9769,841,1,1,0,0,b,c,4526,2022,1,1,5,1,1,9093.0,11157.0,8448.0,8975.0,9463.535714285714
3,2022-01-10,10218,731,1,1,0,0,b,c,4526,2022,1,2,0,1,0,7888.0,12732.0,9333.0,9071.57142857143,9510.714285714286
3,2022-01-11,8929,1084,1,0,0,0,b,c,4526,2022,1,2,1,1,0,7322.0,8437.0,9678.0,9404.42857142857,9542.32142857143
3,2022-01-12,10955,1256,1,0,0,0,b,c,4526,2022,1,2,2,1,0,9284.0,8298.0,10635.0,9634.0,9515.57142857143
3,2022-01-13,11795,1439,1,1,0,0,b,c,4526,2022,1,2,3,1,0,10722.0,9956.0,8928.0,9872.714285714286,9527.0
3,2022-01-14,9169,676,1,0,0,0,b,c,4526,2022,1,2,4,1,0,10878.0,11849.0,8793.0,10026.0,9629.392857142857
3,2022-01-15,8028,631,1,0,0,0,b,c,4526,2022,1,2,5,1,1,7638.0,9608.0,8202.0,9781.857142857143,9642.82142857143
3,2022-01-17,8807,669,1,0,0,0,b,c,4526,2022,1,3,0,1,0,9769.0,9093.0,8284.0,9837.57142857143,9636.607142857143
3,2022-01-18,9248,955,1,0,0,0,b,c,4526,2022,1,3,1,1,0,10218.0,7888.0,8521.0,9700.142857142857,9655.285714285714
3,2022-01-19,9935,777,1,0,0,0,b,c,4526,2022,1,3,2,1,0,8929.0,7322.0,11735.0,9561.57142857143,9681.25
3,2022-01-20,8574,639,1,0,0,0,b,c,4526,2022,1,3,3,1,0,10955.0,9284.0,11389.0,9705.285714285714,9616.964285714286
3,2022-01-21,9355,826,1,1,0,0,b,c,4526,2022,1,3,4,1,0,11795.0,10722.0,9730.0,9365.142857142857,9516.42857142857
3,2022-01-22,7702,570,1,1,0,0,b,c,4526,2022,1,3,5,1,1,9169.0,10878.0,7057.0,9016.57142857143,9503.035714285714
3,2022-01-24,8200,780,1,0,0,0,b,c,4526,2022,1,4,0,1,0,8028.0,7638.0,9384.0,8807.0,9526.07142857143
3,2022-01-25,7597,683,1,0,0,0,b,c,4526,2022,1,4,1,1,0,8807.0,9769.0,11157.0,8831.57142857143,9483.785714285714
3,2022-01-26,9683,874,1,0,0,0,b,c,4526,2022,1,4,2,1,0,9248.0,10218.0,12732.0,8658.714285714286,9356.642857142857
3,2022-01-27,8867,754,1,0,0,0,b,c,4526,2022,1,4,3,1,0,9935.0,8929.0,8437.0,8720.857142857143,9247.75
3,2022-01-28,10828,896,1,1,0,0,b,c,4526,2022,1,4,4,1,0,8574.0,10955.0,8298.0,8568.285714285714,9263.107142857143
3,2022-01-29,6483,547,1,0,0,0,b,c,4526,2022,1,4,5,1,1,9355.0,11795.0,9956.0,8890.285714285714,9353.464285714286
3,2022-01-31,7801,595,1,0,0,0,b,c,4526,2022,1,5,0,1,0,7702.0,9169.0,11849.0,8480.0,9229.42857142857
3,2022-02-01,11343,962,1,1,0,0,b,c,4526,2022,2,5,1,1,0,8200.0,8028.0,9608.0,8494.142857142857,9084.857142857143
3,2022-02-02,9776,1205,1,0,0,0,b,c,4526,2022,2,5,2,1,0,7597.0,8807.0,9093.0,8943.142857142857,9146.82142857143
3,2022-02-03,11662,1266,1,1,0,0,b,c,4526,2022,2,5,3,1,0,9683.0,9248.0,7888.0,9254.42857142857,9171.214285714286
3,2022-02-04,8688,780,1,0,0,0,b,c,4526,2022,2,5,4,1,0,8867.0,9935.0,7322.0,9537.142857142857,9306.0
3,2022-02-05,6904,770,1,0,0,0,b,c,4526,2022,2,5,5,1,1,10828.0,8574.0,9284.0,9511.57142857143,9354.785714285714
3,2022-02-07,8079,634,1,0,0,0,b,c,4526,2022,2,6,0,1,0,6483.0,9355.0,10722.0,8951.0,9269.785714285714
3,2022-02-08,9824,709,1,0,0,0,b,c,4526,2022,2,6,1,1,0,7801.0,7702.0,10878.0,9179.0,9175.392857142857
3,2022-02-09,9858,1131,1,0,0,0,b,c,4526,2022,2,6,2,1,0,11343.0,8200.0,7638.0,9468.0,9137.75
3,2022-02-10,11293,962,1,1,0,0,b,c,4526,2022,2,6,3,1,0,9776.0,7597.0,9769.0,9255.857142857143,9217.035714285714
3,2022-02-11,8450,751,1,0,0,0,b,c,4526,2022,2,6,4,1,0,11662.0,9683.0,10218.0,9472.57142857143,9271.464285714286
3,2022-02-12,8432,611,1,0,0,0,b,c,4526,2022,2,6,5,1,1,8688.0,8867.0,8929.0,9013.714285714286,9208.32142857143
3,2022-02-14,9527,1174,1,0,0,0,b,c,4526,2022,2,7,0,1,0,6904.0,10828.0,10955.0,8977.142857142857,9190.57142857143
3,2022-02-15,10521,1148,1,0,0,0,b,c,4526,2022,2,7,1,1,0,8079.0,6483.0,11795.0,9351.857142857143,9139.57142857143
3,2022-02-16,10616,958,1,0,0,0,b,c,4526,2022,2,7,2,1,0,9824.0,7801.0,9169.0,9700.714285714286,9094.07142857143
3,2022-02-17,9517,743,1,0,0,0,b,c,4526,2022,2,7,3,1,0,9858.0,11343.0,8028.0,9813.857142857143,9145.75
3,2022-02-18,11061,875,1,1,0,0,b,c,4526,2022,2,7,4,1,0,11293.0,9776.0,8807.0,9765.142857142857,9198.92857142857
3,2022-02-19,7576,671,1,0,0,0,b,c,4526,2022,2,7,5,1,1,8450.0,11662.0,9248.0,9732.0,9279.42857142857
3,2022-02-21,9620,886,1,0,0,0,b,c,4526,2022,2,8,0,1,0,8432.0,8688.0,9935.0,9607.142857142857,9219.714285714286
3,2022-02-22,10398,747,1,0,0,0,b,c,4526,2022,2,8,1,1,0,9527.0,6904.0,8574.0,9776.857142857143,9208.464285714286
3,2022-02-23,10074,826,1,0,0,0,b,c,4526,2022,2,8,2,1,0,10521.0,8079.0,9355.0,9901.285714285714,9273.607142857143
3,2022-02-24,9697,712,1,0,0,0,b,c,4526,2022,2,8,3,1,0,10616.0,9824.0,7702.0,9837.42857142857,9299.285714285714
3,2022-02-25,8429,731,1,0,0,0,b,c,4526,2022,2,8,4,1,0,9517.0,9858.0,8200.0,9706.142857142857,9370.535714285714
3,2022-02-26,8801,732,1,0,0,0,b,c,4526,2022,2,8,5,1,1,11061.0,11293.0,7597.0,9550.714285714286,9378.714285714286
3,2022-02-28,11891,919,1,1,0,0,b,c,4526,2022,2,9,0,1,0,7576.0,8450.0,9683.0,9227.857142857143,9421.714285714286
3,2022-03-01,8869,899,1,0,0,0,b,c,4526,2022,3,9,1,1,0,9620.0,8432.0,8867.0,9844.285714285714,9500.57142857143
3,2022-03-02,10185,988,1,0,0,0,b,c,4526,2022,3,9,2,1,0,10398.0,9527.0,10828.0,9737.0,9500.642857142857
3,2022-03-03,9946,847,1,0,0,0,b,c,4526,2022,3,9,3,1,0,10074.0,10521.0,6483.0,9706.57142857143,9477.67857142857
3,2022-03-04,11274,1109,1,1,0,0,b,c,4526,2022,3,9,4,1,0,9697.0,10616.0,7801.0,9688.285714285714,9601.357142857143
3,2022-03-05,7237,533,1,0,0,0,b,c,4526,2022,3,9,5,1,1,8429.0,9517.0,11343.0,9913.57142857143,9725.392857142857
3,2022-03-07,10623,1227,1,1,0,0,b,c,4526,2022,3,10,0,1,0,8801.0,11061.0,9776.0,9743.285714285714,9578.75
3,2022-03-08,10010,854,1,0,0,0,b,c,4526,2022,3,10,1,1,0,11891.0,7576.0,11662.0,10003.57142857143,9609.0
3,2022-03-09,10724,963,1,0,0,0,b,c,4526,2022,3,10,2,1,0,8869.0,9620.0,8688.0,9734.857142857143,9550.0
3,2022-03-10,10890,998,1,0,0,0,b,c,4526,2022,3,10,3,1,0,10185.0,10398.0,6904.0,9999.857142857143,9622.714285714286
3,2022-03-11,10278,776,1,1,0,0,b,c,4526,2022,3,10,4,1,0,9946.0,10074.0,8079.0,10100.57142857143,9765.07142857143
3,2022-03-12,9075,674,1,0,0,0,b,c,4526,2022,3,10,5,1,1,11274.0,9697.0,9824.0,10148.0,9843.607142857143
3,2022-03-14,9218,685,1,0,0,0,b,c,4526,2022,3,11,0,1,0,7237.0,8429.0,9858.0,9833.857142857143,9816.857142857143
3,2022-03-15,10957,1008,1,0,0,0,b,c,4526,2022,3,11,1,1,0,10623.0,8801.0,11293.0,10116.857142857143,9794.0
3,2022-03-16,12175,995,1,0,0,0,b,c,4526,2022,3,11,2,1,0,10010.0,11891.0,8450.0,10164.57142857143,9782.0
3,2022-03-17,9440,687,1,0,0,0,b,c,4526,2022,3,11,3,1,0,10724.0,8869.0,8432.0,10473.857142857143,9915.035714285714
3,2022-03-18,9613,1045,1,0,0,0,b,c,4526,2022,3,11,4,1,0,10890.0,10185.0,9527.0,10290.42857142857,9951.035714285714
3,2022-03-19,7891,720,1,0,0,0,b,c,4526,2022,3,11,5,1,1,10278.0,9946.0,10521.0,10108.0,9954.107142857143
3,2022-03-21,11585,943,1,1,0,0,b,c,4526,2022,3,12,0,1,0,9075.0,11274.0,10616.0,9767.0,9860.17857142857
3,2022-03-22,13020,1446,1,1,0,0,b,c,4526,2022,3,12,1,1,0,9218.0,7237.0,9517.0,10125.57142857143,9894.785714285714
3,2022-03-23,12788,1346,1,1,0,0,b,c,4526,2022,3,12,2,1,0,10957.0,10623.0,11061.0,10668.714285714286,10019.892857142857
3,2022-03-24,11236,1282,1,0,0,0,b,c,4526,2022,3,12,3,1,0,12175.0,10010.0,7576.0,10930.285714285714,10081.57142857143
3,2022-03-25,11242,1269,1,1,0,0,b,c,4526,2022,3,12,4,1,0,9440.0,10724.0,9620.0,10796.142857142857,10212.285714285714
3,2022-03-26,10765,985,1,1,0,0,b,c,4526,2022,3,12,5,1,1,9613.0,10890.0,10398.0,11053.57142857143,10270.214285714286
3,2022-03-28,12650,1136,1,1,0,0,b,c,4526,2022,3,13,0,1,0,7891.0,10278.0,10074.0,11218.142857142857,10283.32142857143
3,2022-03-29,12338,1427,1,0,0,0,b,c,4526,2022,3,13,1,1,0,11585.0,9075.0,9697.0,11898.0,10375.32142857143
3,2022-03-30,13818,1301,1,1,0,0,b,c,4526,2022,3,13,2,1,0,13020.0,9218.0,8429.0,12005.57142857143,10469.642857142857
3,2022-03-31,10585,1230,1,0,0,0,b,c,4526,2022,3,13,3,1,0,12788.0,10957.0,8801.0,12119.57142857143,10662.107142857143
3,2022-04-01,12497,940,1,1,0,0,b,c,4526,2022,4,13,4,2,0,11236.0,12175.0,11891.0,11804.857142857143,10725.82142857143
3,2022-04-02,10811,931,1,1,0,0,b,c,4526,2022,4,13,5,2,1,11242.0,9440.0,8869.0,11985.0,10747.464285714286
3,2022-04-04,13047,1280,1,1,0,0,b,c,4526,2022,4,14,0,2,0,10765.0,9613.0,10185.0,11923.42857142857,10816.82142857143
3,2022-04-05,11371,813,1,1,0,0,b,c,4526,2022,4,14,1,2,0,12650.0,7891.0,9946.0,12249.42857142857,10919.035714285714
3,2022-04-06,11972,1319,1,0,0,0,b,c,4526,2022,4,14,2,2,0,12338.0,11585.0,11274.0,12066.714285714286,10969.92857142857
3,2022-04-07,11505,903,1,0,0,0,b,c,4526,2022,4,14,3,2,0,13818.0,13020.0,7237.0,12014.42857142857,10994.857142857143
3,2022-04-08,12358,1297,1,1,0,0,b,c,4526,2022,4,14,4,2,0,10585.0,12788.0,10623.0,11684.0,11147.285714285714
3,2022-04-09,11303,1286,1,1,0,0,b,c,4526,2022,4,14,5,2,1,12497.0,11236.0,10010.0,11937.285714285714,11209.25
3,2022-04-11,12663,958,1,1,0,0,b,c,4526,2022,4,15,0,2,0,10811.0,11242.0,10724.0,11766.714285714286,11255.42857142857
3,2022-04-12,13664,1150,1,1,0,0,b,c,4526,2022,4,15,1,2,0,13047.0,10765.0,10890.0,12031.285714285714,11324.67857142857
3,2022-04-13,12645,1522,1,0,0,0,b,c,4526,2022,4,15,2,2,0,11371.0,12650.0,10278.0,12119.42857142857,11423.75
3,2022-04-14,14590,1324,1,1,0,0,b,c,4526,2022,4,15,3,2,0,11972.0,12338.0,9075.0,12301.42857142857,11508.285714285714
3,2022-04-16,9804,1085,1,0,0,0,b,c,4526,2022,4,15,5,2,1,11505.0,13818.0,9218.0,12675.42857142857,11705.25
3,2022-04-18,10772,778,1,0,0,0,b,c,4526,2022,4,16,0,2,0,12358.0,10585.0,10957.0,12432.42857142857,11726.17857142857
3,2022-04-19,11732,1220,1,0,0,0,b,c,4526,2022,4,16,1,2,0,11303.0,12497.0,12175.0,12205.857142857143,11719.57142857143
3,2022-04-20,13449,1053,1,1,0,0,b,c,4526,2022,4,16,2,2,0,12663.0,10811.0,9440.0,12267.142857142857,11703.75
3,2022-04-21,13689,1452,1,1,0,0,b,c,4526,2022,4,16,3,2,0,13664.0,13047.0,9613.0,12379.42857142857,11846.92857142857
3,2022-04-22,10309,980,1,0,0,0,b,c,4526,2022,4,16,4,2,0,12645.0,11371.0,7891.0,12383.0,11992.5
3,2022-04-23,11971,1311,1,1,0,0,b,c,4526,2022,4,16,5,2,1,14590.0,11972.0,11585.0,12049.285714285714,12078.857142857143
3,2022-04-25,10238,807,1,0,0,0,b,c,4526,2022,4,17,0,2,0,9804.0,11505.0,13020.0,11675.142857142857,12092.642857142857
3,2022-04-26,14660,1474,1,1,0,0,b,c,4526,2022,4,17,1,2,0,10772.0,12358.0,12788.0,11737.142857142857,11993.285714285714
3,2022-04-27,14073,1046,1,1,0,0,b,c,4526,2022,4,17,2,2,0,11732.0,11303.0,11236.0,12292.57142857143,12060.142857142857
3,2022-04-28,13210,1358,1,0,0,0,b,c,4526,2022,4,17,3,2,0,13449.0,12663.0,11242.0,12627.0,12161.464285714286
3,2022-04-29,9596,788,1,0,0,0,b,c,4526,2022,4,17,4,2,0,13689.0,13664.0,10765.0,12592.857142857143,12231.75
3,2022-04-30,11695,891,1,1,0,0,b,c,4526,2022,4,17,5,2,1,10309.0,12645.0,12650.0,12008.142857142857,12190.0
3,2022-05-02,13861,1337,1,1,0,0,b,c,4526,2022,5,18,0,2,0,11971.0,14590.0,12338.0,12206.142857142857,12155.892857142857
3,2022-05-03,13685,1260,1,1,0,0,b,c,4526,2022,5,18,1,2,0,10238.0,9804.0,13818.0,12476.142857142857,12210.285714285714
3,2022-05-04,14448,1519,1,1,0,0,b,c,4526,2022,5,18,2,2,0,14660.0,10772.0,10585.0,12968.57142857143,12205.535714285714
3,2022-05-05,12907,1589,1,0,0,0,b,c,4526,2022,5,18,3,2,0,14073.0,11732.0,12497.0,12938.285714285714,12343.5
3,2022-05-06,13122,947,1,0,0,0,b,c,4526,2022,5,18,4,2,0,13210.0,13449.0,10811.0,12771.714285714286,12358.142857142857
3,2022-05-07,12673,1412,1,1,0,0,b,c,4526,2022,5,18,5,2,1,9596.0,13689.0,13047.0,12759.142857142857,12440.67857142857
3,2022-05-09,10526,822,1,0,0,0,b,c,4526,2022,5,19,0,2,0,11695.0,10309.0,11371.0,13198.714285714286,12427.32142857143
3,2022-05-10,12032,1052,1,0,0,0,b,c,4526,2022,5,19,1,2,0,13861.0,11971.0,11972.0,13031.714285714286,12397.142857142857
3,2022-05-11,14558,1185,1,1,0,0,b,c,4526,2022,5,19,2,2,0,13685.0,10238.0,11505.0,12770.42857142857,12399.285714285714
3,2022-05-12,12452,1274,1,0,0,0,b,c,4526,2022,5,19,3,2,0,14448.0,14660.0,12358.0,12895.142857142857,12508.32142857143
3,2022-05-13,9900,1041,1,0,0,0,b,c,4526,2022,5,19,4,2,0,12907.0,14073.0,11303.0,12610.0,12511.67857142857
3,2022-05-14,12333,977,1,1,0,0,b,c,4526,2022,5,19,5,2,1,13122.0,13210.0,12663.0,12180.42857142857,12461.57142857143
3,2022-05-16,10960,1156,1,0,0,0,b,c,4526,2022,5,20,0,2,0,12673.0,9596.0,13664.0,12067.714285714286,12449.785714285714
3,2022-05-17,13490,1433,1,0,0,0,b,c,4526,2022,5,20,1,2,0,10526.0,11695.0,12645.0,11823.0,12353.214285714286
3,2022-05-18,12418,1111,1,0,0,0,b,c,4526,2022,5,20,2,2,0,12032.0,13861.0,14590.0,12246.42857142857,12383.392857142857
3,2022-05-19,14532,1484,1,1,0,0,b,c,4526,2022,5,20,3,2,0,14558.0,13685.0,9804.0,12301.57142857143,12305.82142857143
3,2022-05-20,10903,853,1,0,0,0,b,c,4526,2022,5,20,4,2,0,12452.0,14448.0,10772.0,12297.857142857143,12474.67857142857
3,2022-05-21,11487,1071,1,0,0,0,b,c,4526,2022,5,20,5,2,1,9900.0,12907.0,11732.0,12076.57142857143,12479.357142857143
3,2022-05-23,11417,1307,1,0,0,0,b,c,4526,2022,5,21,0,2,0,12333.0,13122.0,13449.0,12303.285714285714,12470.607142857143
3,2022-05-24,15418,1547,1,1,0,0,b,c,4526,2022,5,21,1,2,0,10960.0,12673.0,13689.0,12172.42857142857,12398.035714285714
3,2022-05-25,13212,1127,1,0,0,0,b,c,4526,2022,5,21,2,2,0,13490.0,10526.0,10309.0,12809.285714285714,12459.785714285714
3,2022-05-26,13977,1123,1,0,0,0,b,c,4526,2022,5,21,3,2,0,12418.0,12032.0,11971.0,12769.57142857143,12563.464285714286
3,2022-05-27,14625,1104,1,1,0,0,b,c,4526,2022,5,21,4,2,0,14532.0,14558.0,10238.0,12992.285714285714,12635.107142857143
3,2022-05-28,11175,1066,1,0,0,0,b,c,4526,2022,5,21,5,2,1,10903.0,12452.0,14660.0,13005.57142857143,12791.785714285714
3,2022-05-30,13567,1016,1,1,0,0,b,c,4526,2022,5,22,0,2,0,11487.0,9900.0,14073.0,13044.42857142857,12667.32142857143
3,2022-05-31,13234,1059,1,0,0,0,b,c,4526,2022,5,22,1,2,0,11417.0,12333.0,13210.0,13341.57142857143,12649.25
3,2022-06-01,14366,1438,1,1,0,0,b,c,4526,2022,6,22,2,2,0,15418.0,10960.0,9596.0,13601.142857142857,12650.107142857143
3,2022-06-02,13928,1224,1,0,0,0,b,c,4526,2022,6,22,3,2,0,13212.0,13490.0,11695.0,13450.857142857143,12820.464285714286
3,2022-06-03,11864,954,1,0,0,0,b,c,4526,2022,6,22,4,2,0,13977.0,12418.0,13861.0,13553.142857142857,12900.214285714286
3,2022-06-04,12385,922,1,1,0,0,b,c,4526,2022,6,22,5,2,1,14625.0,14532.0,13685.0,13251.285714285714,12828.892857142857
3,2022-06-06,11790,1110,1,0,0,0,b,c,4526,2022,6,23,0,2,0,11175.0,10903.0,14448.0,12931.285714285714,12782.464285714286
3,2022-06-07,12964,1131,1,0,0,0,b,c,4526,2022,6,23,1,2,0,13567.0,11487.0,12907.0,13019.142857142857,12687.535714285714
3,2022-06-08,15389,1783,1,1,0,0,b,c,4526,2022,6,23,2,2,0,13234.0,11417.0,13122.0,12933.0,12689.57142857143
3,2022-06-09,15717,1594,1,1,0,0,b,c,4526,2022,6,23,3,2,0,14366.0,15418.0,12673.0,13240.857142857143,12770.535714285714
3,2022-06-10,13556,1637,1,1,0,0,b,c,4526,2022,6,23,4,2,0,13928.0,13212.0,10526.0,13433.857142857143,12879.25
3,2022-06-11,12857,981,1,1,0,0,b,c,4526,2022,6,23,5,2,1,11864.0,13977.0,12032.0,13380.714285714286,12987.464285714286
3,2022-06-13,12479,1059,1,0,0,0,b,c,4526,2022,6,24,0,2,0,12385.0,14625.0,14558.0,13522.57142857143,13016.92857142857
3,2022-06-14,15623,1597,1,1,0,0,b,c,4526,2022,6,24,1,2,0,11790.0,11175.0,12452.0,13536.0,12942.67857142857
3,2022-06-15,13691,1309,1,0,0,0,b,c,4526,2022,6,24,2,2,0,12964.0,13567.0,9900.0,14083.57142857143,13055.92857142857
3,2022-06-16,14677,1354,1,1,0,0,b,c,4526,2022,6,24,3,2,0,15389.0,13234.0,12333.0,14187.42857142857,13191.32142857143
3,2022-06-17,12515,1481,1,1,0,0,b,c,4526,2022,6,24,4,2,0,15717.0,14366.0,10960.0,14085.714285714286,13275.035714285714
3,2022-06-18,13281,1036,1,1,0,0,b,c,4526,2022,6,24,5,2,1,13556.0,13928.0,13490.0,13628.285714285714,13330.57142857143
3,2022-06-20,12809,1225,1,0,0,0,b,c,4526,2022,6,25,0,2,0,12857.0,11864.0,12418.0,13589.0,13323.107142857143
3,2022-06-21,14199,1079,1,0,0,0,b,c,4526,2022,6,25,1,2,0,12479.0,12385.0,14532.0,13582.142857142857,13337.07142857143
3,2022-06-22,16830,1969,1,1,0,0,b,c,4526,2022,6,25,2,2,0,15623.0,11790.0,10903.0,13827.857142857143,13325.17857142857
3,2022-06-23,13585,1482,1,0,0,0,b,c,4526,2022,6,25,3,2,0,13691.0,12964.0,11487.0,14000.285714285714,13536.857142857143
3,2022-06-24,12346,1184,1,0,0,0,b,c,4526,2022,6,25,4,2,0,14677.0,15389.0,11417.0,13985.142857142857,13611.785714285714
3,2022-06-25,11446,962,1,0,0,0,b,c,4526,2022,6,25,5,2,1,12515.0,15717.0,15418.0,13652.142857142857,13644.964285714286
3,2022-06-27,14669,1307,1,1,0,0,b,c,4526,2022,6,26,0,2,0,13281.0,13556.0,13212.0,13499.42857142857,13503.107142857143
3,2022-06-28,15513,1754,1,1,0,0,b,c,4526,2022,6,26,1,2,0,12809.0,12857.0,13977.0,13697.714285714286,13555.142857142857
3,2022-06-29,13837,1019,1,0,0,0,b,c,4526,2022,6,26,2,2,0,14199.0,12479.0,14625.0,14084.0,13610.0
3,2022-06-30,13366,1517,1,1,0,0,b,c,4526,2022,6,26,3,2,0,16830.0,15623.0,11175.0,14032.285714285714,13581.857142857143
3,2022-07-01,11946,1022,1,0,0,1,b,c,4526,2022,7,26,4,3,0,13585.0,13691.0,13567.0,13537.42857142857,13660.107142857143
3,2022-07-02,13385,971,1,1,0,1,b,c,4526,2022,7,26,5,3,1,12346.0,14677.0,13234.0,13303.285714285714,13602.214285714286
3,2022-07-04,15199,1643,1,1,0,1,b,c,4526,2022,7,27,0,3,0,11446.0,12515.0,14366.0,13451.714285714286,13607.607142857143
3,2022-07-05,15022,1325,1,0,0,1,b,c,4526,2022,7,27,1,3,0,14669.0,13281.0,13928.0,13987.857142857143,13637.357142857143
3,2022-07-06,15970,1568,1,1,0,1,b,c,4526,2022,7,27,2,3,0,15513.0,12809.0,11864.0,14038.285714285714,13676.42857142857
3,2022-07-07,14900,1397,1,1,0,1,b,c,4526,2022,7,27,3,3,0,13837.0,14199.0,12385.0,14103.57142857143,13823.07142857143
3,2022-07-08,14091,1232,1,1,0,1,b,c,4526,2022,7,27,4,3,0,13366.0,16830.0,11790.0,14255.42857142857,13912.892857142857
3,2022-07-09,14485,1334,1,1,0,1,b,c,4526,2022,7,27,5,3,1,11946.0,13585.0,12964.0,14359.0,13995.07142857143
3,2022-07-11,15262,1482,1,1,0,1,b,c,4526,2022,7,28,0,3,0,13385.0,12346.0,15389.0,14721.714285714286,14049.392857142857
3,2022-07-12,16781,1584,1,1,0,1,b,c,4526,2022,7,28,1,3,0,15199.0,11446.0,15717.0,14989.857142857143,14044.857142857143
3,2022-07-13,15719,1452,1,0,0,1,b,c,4526,2022,7,28,2,3,0,15022.0,14669.0,13556.0,15215.857142857143,14082.857142857143
3,2022-07-14,12755,959,1,0,0,1,b,c,4526,2022,7,28,3,3,0,15970.0,15513.0,12857.0,15315.42857142857,14160.107142857143
3,2022-07-15,12083,1506,1,0,0,1,b,c,4526,2022,7,28,4,3,0,14900.0,13837.0,12479.0,14856.142857142857,14156.464285714286
3,2022-07-16,12219,999,1,0,0,1,b,c,4526,2022,7,28,5,3,1,14091.0,13366.0,15623.0,14453.714285714286,14142.32142857143
3,2022-07-18,13194,1429,1,0,0,1,b,c,4526,2022,7,29,0,3,0,14485.0,11946.0,13691.0,14186.285714285714,14020.75
3,2022-07-19,14236,1761,1,0,0,1,b,c,4526,2022,7,29,1,3,0,15262.0,13385.0,14677.0,14001.857142857143,14003.0
3,2022-07-20,16414,1797,1,1,0,1,b,c,4526,2022,7,29,2,3,0,16781.0,15199.0,12515.0,13855.285714285714,13987.25
3,2022-07-21,14309,1318,1,0,0,1,b,c,4526,2022,7,29,3,3,0,15719.0,15022.0,13281.0,13802.857142857143,14126.5
3,2022-07-22,15001,1410,1,1,0,1,b,c,4526,2022,7,29,4,3,0,12755.0,15970.0,12809.0,13601.42857142857,14163.214285714286
3,2022-07-23,11433,1064,1,0,0,1,b,c,4526,2022,7,29,5,3,1,12083.0,14900.0,14199.0,13922.285714285714,14241.5
3,2022-07-25,12764,1033,1,0,0,1,b,c,4526,2022,7,30,0,3,0,12219.0,14091.0,16830.0,13829.42857142857,14142.714285714286
3,2022-07-26,14547,1059,1,0,0,1,b,c,4526,2022,7,30,1,3,0,13194.0,14485.0,13585.0,13907.285714285714,13997.5
3,2022-07-27,14412,1043,1,0,0,1,b,c,4526,2022,7,30,2,3,0,14236.0,15262.0,12346.0,14100.57142857143,14031.857142857143
3,2022-07-28,13759,1112,1,0,0,1,b,c,4526,2022,7,30,3,3,0,16414.0,16781.0,11446.0,14125.714285714286,14105.642857142857
3,2022-07-29,12419,1380,1,0,0,1,b,c,4526,2022,7,30,4,3,0,14309.0,15719.0,14669.0,13746.42857142857,14188.25
3,2022-07-30,12919,1506,1,1,0,1,b,c,4526,2022,7,30,5,3,1,15001.0,12755.0,15513.0,13476.42857142857,14107.892857142857
3,2022-08-01,15285,1276,1,1,0,1,b,c,4526,2022,8,31,0,3,0,11433.0,12083.0,13837.0,13179.0,14015.25
3,2022-08-02,15333,1353,1,0,0,1,b,c,4526,2022,8,31,1,3,0,12764.0,12219.0,13366.0,13729.285714285714,14066.964285714286
3,2022-08-03,13660,1693,1,0,0,1,b,c,4526,2022,8,31,2,3,0,14547.0,13194.0,11946.0,14096.285714285714,14137.214285714286
3,2022-08-04,13139,1088,1,0,0,1,b,c,4526,2022,8,31,3,3,0,14412.0,14236.0,13385.0,13969.57142857143,14198.42857142857
3,2022-08-05,13057,1073,1,0,0,1,b,c,4526,2022,8,31,4,3,0,13759.0,16414.0,15199.0,13787.714285714286,14189.642857142857
3,2022-08-06,11775,1150,1,0,0,1,b,c,4526,2022,8,31,5,3,1,12419.0,14309.0,15022.0,13687.42857142857,14113.142857142857
3,2022-08-08,13192,1295,1,0,0,1,b,c,4526,2022,8,32,0,3,0,12919.0,15001.0,15970.0,13595.42857142857,13997.17857142857
3,2022-08-09,15004,1196,1,1,0,1,b,c,4526,2022,8,32,1,3,0,15285.0,11433.0,14900.0,13634.42857142857,13897.964285714286
3,2022-08-10,15155,1197,1,1,0,1,b,c,4526,2022,8,32,2,3,0,15333.0,12764.0,14091.0,13594.285714285714,13901.67857142857
3,2022-08-11,13031,1393,1,0,0,1,b,c,4526,2022,8,32,3,3,0,13660.0,14547.0,14485.0,13568.857142857143,13939.67857142857
3,2022-08-12,12586,1342,1,0,0,1,b,c,4526,2022,8,32,4,3,0,13139.0,14412.0,15262.0,13479.0,13887.75
3,2022-08-13,11257,1051,1,0,0,1,b,c,4526,2022,8,32,5,3,1,13057.0,13759.0,16781.0,13400.0,13792.17857142857
3,2022-08-15,14391,1362,1,1,0,1,b,c,4526,2022,8,33,0,3,0,11775.0,12419.0,15719.0,13142.857142857143,13594.892857142857
3,2022-08-16,15499,1365,1,1,0,1,b,c,4526,2022,8,33,1,3,0,13192.0,12919.0,12755.0,13516.57142857143,13547.464285714286
3,2022-08-17,15985,1757,1,1,0,1,b,c,4526,2022,8,33,2,3,0,15004.0,15285.0,12083.0,13846.142857142857,13645.464285714286
3,2022-08-18,14442,1439,1,1,0,1,b,c,4526,2022,8,33,3,3,0,15155.0,15333.0,12219.0,13986.285714285714,13784.82142857143
3,2022-08-19,13889,1135,1,1,0,1,b,c,4526,2022,8,33,4,3,0,13031.0,13660.0,13194.0,13884.42857142857,13864.214285714286
3,2022-08-20,11098,868,1,0,0,1,b,c,4526,2022,8,33,5,3,1,12586.0,13139.0,14236.0,14007.0,13889.035714285714
3,2022-08-22,13322,1222,1,1,0,1,b,c,4526,2022,8,34,0,3,0,11257.0,13057.0,16414.0,13794.42857142857,13776.964285714286
3,2022-08-23,15988,1475,1,1,0,1,b,c,4526,2022,8,34,1,3,0,14391.0,11775.0,14309.0,14089.42857142857,13666.535714285714
3,2022-08-24,14708,1584,1,1,0,1,b,c,4526,2022,8,34,2,3,0,15499.0,13192.0,15001.0,14317.57142857143,13726.5
3,2022-08-25,12837,1309,1,0,0,1,b,c,4526,2022,8,34,3,3,0,15985.0,15004.0,11433.0,14204.57142857143,13716.035714285714
3,2022-08-26,13402,974,1,1,0,1,b,c,4526,2022,8,34,4,3,0,14442.0,15155.0,12764.0,13754.857142857143,13766.17857142857
3,2022-08-27,11608,859,1,0,0,1,b,c,4526,2022,8,34,5,3,1,13889.0,13031.0,14547.0,13606.285714285714,13788.964285714286
3,2022-08-29,13948,1496,1,1,0,1,b,c,4526,2022,8,35,0,3,0,11098.0,12586.0,14412.0,13280.42857142857,13684.0
3,2022-08-30,13447,1093,1,0,0,1,b,c,4526,2022,8,35,1,3,0,13322.0,11257.0,13759.0,13687.57142857143,13667.42857142857
3,2022-08-31,13124,1016,1,0,0,1,b,c,4526,2022,8,35,2,3,0,15988.0,14391.0,12419.0,13705.42857142857,13656.285714285714
3,2022-09-01,12695,1404,1,0,0,0,b,c,4526,2022,9,35,3,3,0,14708.0,15499.0,12919.0,13296.285714285714,13681.464285714286
3,2022-09-02,9848,782,1,0,0,0,b,c,4526,2022,9,35,4,3,0,12837.0,15985.0,15285.0,13008.714285714286,13673.464285714286
3,2022-09-03,9577,947,1,0,0,0,b,c,4526,2022,9,35,5,3,1,13402.0,14442.0,15333.0,12581.714285714286,13479.285714285714
3,2022-09-05,12646,999,1,1,0,0,b,c,4526,2022,9,36,0,3,0,11608.0,13889.0,13660.0,12035.285714285714,13273.714285714286
3,2022-09-06,13227,1114,1,1,0,0,b,c,4526,2022,9,36,1,3,0,13948.0,11098.0,13139.0,12183.57142857143,13237.5
3,2022-09-07,14703,1102,1,1,0,0,b,c,4526,2022,9,36,2,3,0,13447.0,13322.0,13057.0,12080.57142857143,13240.642857142857
3,2022-09-08,14657,1591,1,1,0,0,b,c,4526,2022,9,36,3,3,0,13124.0,15988.0,11775.0,12260.0,13299.42857142857
3,2022-09-09,10276,748,1,0,0,0,b,c,4526,2022,9,36,4,3,0,12695.0,14708.0,13192.0,12479.0,13402.357142857143
3,2022-09-10,9994,820,1,0,0,0,b,c,4526,2022,9,36,5,3,1,9848.0,12837.0,15004.0,12133.42857142857,13298.214285714286
3,2022-09-12,11176,1192,1,0,0,0,b,c,4526,2022,9,37,0,3,0,9577.0,13402.0,15155.0,12154.285714285714,13119.285714285714
3,2022-09-13,12769,1254,1,0,0,0,b,c,4526,2022,9,37,1,3,0,12646.0,11608.0,13031.0,12382.714285714286,12977.17857142857
3,2022-09-14,12573,1098,1,0,0,0,b,c,4526,2022,9,37,2,3,0,13227.0,13948.0,12586.0,12400.285714285714,12967.82142857143
3,2022-09-15,13395,1125,1,1,0,0,b,c,4526,2022,9,37,3,3,0,14703.0,13447.0,11257.0,12306.857142857143,12967.357142857143
3,2022-09-16,10405,787,1,0,0,0,b,c,4526,2022,9,37,4,3,0,14657.0,13124.0,14391.0,12120.0,13043.714285714286
3,2022-09-17,10478,1194,1,0,0,0,b,c,4526,2022,9,37,5,3,1,10276.0,12695.0,15499.0,11512.57142857143,12901.357142857143
3,2022-09-19,13292,975,1,1,0,0,b,c,4526,2022,9,38,0,3,0,9994.0,9848.0,15985.0,11541.42857142857,12722.035714285714
3,2022-09-20,11940,1084,1,0,0,0,b,c,4526,2022,9,38,1,3,0,11176.0,9577.0,14442.0,12012.57142857143,12625.857142857143
3,2022-09-21,12766,1318,1,0,0,0,b,c,4526,2022,9,38,2,3,0,12769.0,12646.0,13889.0,12121.714285714286,12536.5
3,2022-09-22,13475,1099,1,1,0,0,b,c,4526,2022,9,38,3,3,0,12573.0,13227.0,11098.0,12121.285714285714,12496.392857142857
3,2022-09-23,10475,764,1,0,0,0,b,c,4526,2022,9,38,4,3,0,13395.0,14703.0,13322.0,12250.142857142857,12581.285714285714
3,2022-09-24,10270,1187,1,0,0,0,b,c,4526,2022,9,38,5,3,1,10405.0,14657.0,15988.0,11833.0,12479.607142857143
3,2022-09-26,9272,1104,1,0,0,0,b,c,4526,2022,9,39,0,3,0,10478.0,10276.0,14708.0,11813.714285714286,12275.392857142857
3,2022-09-27,13668,1187,1,1,0,0,b,c,4526,2022,9,39,1,3,0,13292.0,9994.0,12837.0,11641.42857142857,12081.25
3,2022-09-28,11610,1085,1,0,0,0,b,c,4526,2022,9,39,2,3,0,11940.0,11176.0,13402.0,11695.142857142857,12110.92857142857
3,2022-09-29,11417,1327,1,0,0,0,b,c,4526,2022,9,39,3,3,0,12766.0,12769.0,11608.0,11648.0,12046.92857142857
3,2022-09-30,11387,1102,1,1,0,0,b,c,4526,2022,9,39,4,3,0,13475.0,12573.0,13948.0,11455.285714285714,12040.107142857143
3,2022-10-01,10991,991,1,1,0,0,b,c,4526,2022,10,39,5,4,1,10475.0,13395.0,13447.0,11157.0,11948.642857142857
3,2022-10-03,12182,943,1,1,0,0,b,c,4526,2022,10,40,0,4,0,10270.0,10405.0,13124.0,11230.714285714286,11860.92857142857
3,2022-10-04,11207,853,1,0,0,0,b,c,4526,2022,10,40,1,4,0,9272.0,10478.0,12695.0,11503.857142857143,11827.285714285714
3,2022-10-05,11263,964,1,0,0,0,b,c,4526,2022,10,40,2,4,0,13668.0,13292.0,9848.0,11780.285714285714,11774.142857142857
3,2022-10-06,11474,1366,1,0,0,0,b,c,4526,2022,10,40,3,4,0,11610.0,11940.0,9577.0,11436.714285714286,11824.67857142857
3,2022-10-07,9504,857,1,0,0,0,b,c,4526,2022,10,40,4,4,0,11417.0,12766.0,12646.0,11417.285714285714,11892.42857142857
3,2022-10-08,10410,817,1,1,0,0,b,c,4526,2022,10,40,5,4,1,11387.0,13475.0,13227.0,11144.0,11780.214285714286
3,2022-10-10,11130,1026,1,1,0,0,b,c,4526,2022,10,41,0,4,0,10991.0,10475.0,14703.0,11004.42857142857,11679.607142857143
3,2022-10-11,12158,931,1,0,0,0,b,c,4526,2022,10,41,1,4,0,12182.0,10270.0,14657.0,11024.285714285714,11552.0
3,2022-10-12,11422,868,1,0,0,0,b,c,4526,2022,10,41,2,4,0,11207.0,9272.0,10276.0,11020.857142857143,11462.75
3,2022-10-13,10491,1214,1,0,0,0,b,c,4526,2022,10,41,3,4,0,11263.0,13668.0,9994.0,11051.57142857143,11503.67857142857
3,2022-10-14,8584,697,1,0,0,0,b,c,4526,2022,10,41,4,4,0,11474.0,11610.0,11176.0,10941.285714285714,11521.42857142857
3,2022-10-15,11081,1113,1,1,0,0,b,c,4526,2022,10,41,5,4,1,9504.0,11417.0,12769.0,10528.42857142857,11428.857142857143
3,2022-10-17,9445,726,1,0,0,0,b,c,4526,2022,10,42,0,4,0,10410.0,11387.0,12573.0,10753.714285714286,11368.57142857143
3,2022-10-18,11274,983,1,0,0,0,b,c,4526,2022,10,42,1,4,0,11130.0,10991.0,13395.0,10615.857142857143,11256.857142857143
3,2022-10-19,12679,1370,1,1,0,0,b,c,4526,2022,10,42,2,4,0,12158.0,12182.0,10405.0,10636.42857142857,11181.107142857143
3,2022-10-20,12779,1205,1,1,0,0,b,c,4526,2022,10,42,3,4,0,11422.0,11207.0,10478.0,10710.857142857143,11262.32142857143
3,2022-10-21,10192,1033,1,0,0,0,b,c,4526,2022,10,42,4,4,0,10491.0,11263.0,13292.0,10904.714285714286,11344.5
3,2022-10-22,9272,923,1,0,0,0,b,c,4526,2022,10,42,5,4,1,8584.0,11474.0,11940.0,10862.0,11233.785714285714
3,2022-10-24,11843,1267,1,1,0,0,b,c,4526,2022,10,43,0,4,0,11081.0,9504.0,12766.0,10960.285714285714,11138.5
3,2022-10-25,10246,773,1,0,0,0,b,c,4526,2022,10,43,1,4,0,9445.0,10410.0,13475.0,11069.142857142857,11105.535714285714
3,2022-10-26,13648,1203,1,1,0,0,b,c,4526,2022,10,43,2,4,0,11274.0,11130.0,10475.0,11183.57142857143,10990.214285714286
3,2022-10-27,11497,1162,1,1,0,0,b,c,4526,2022,10,43,3,4,0,12679.0,12158.0,10270.0,11522.714285714286,11103.535714285714
3,2022-10-28,7696,576,1,0,0,0,b,c,4526,2022,10,43,4,4,0,12779.0,11422.0,9272.0,11353.857142857143,11147.357142857143
3,2022-10-29,8216,923,1,0,0,0,b,c,4526,2022,10,43,5,4,1,10192.0,10491.0,13668.0,10627.714285714286,11091.07142857143
3,2022-10-31,10649,1029,1,1,0,0,b,c,4526,2022,10,44,0,4,0,9272.0,8584.0,11610.0,10345.42857142857,10896.357142857143
3,2022-11-01,12583,1327,1,1,0,0,b,c,4526,2022,11,44,1,4,0,11843.0,11081.0,11417.0,10542.142857142857,10862.035714285714
3,2022-11-02,12229,897,1,1,0,0,b,c,4526,2022,11,44,2,4,0,10246.0,9445.0,11387.0,10647.857142857143,10903.67857142857
3,2022-11-03,12763,1187,1,1,0,0,b,c,4526,2022,11,44,3,4,0,13648.0,11274.0,10991.0,10931.142857142857,10933.75
3,2022-11-04,11153,840,1,1,0,0,b,c,4526,2022,11,44,4,4,0,11497.0,12679.0,12182.0,10804.714285714286,10997.035714285714
3,2022-11-05,9160,934,1,0,0,0,b,c,4526,2022,11,44,5,4,1,7696.0,12779.0,11207.0,10755.57142857143,10960.285714285714
3,2022-11-07,9514,795,1,0,0,0,b,c,4526,2022,11,45,0,4,0,8216.0,10192.0,11263.0,10964.714285714286,10887.17857142857
3,2022-11-08,12528,956,1,1,0,0,b,c,4526,2022,11,45,1,4,0,10649.0,9272.0,11474.0,11150.142857142857,10824.714285714286
3,2022-11-09,10206,752,1,0,0,0,b,c,4526,2022,11,45,2,4,0,12583.0,11843.0,9504.0,11418.57142857143,10862.357142857143
3,2022-11-10,12111,1269,1,1,0,0,b,c,4526,2022,11,45,3,4,0,12229.0,10246.0,10410.0,11079.0,10887.42857142857
3,2022-11-11,9786,847,1,1,0,0,b,c,4526,2022,11,45,4,4,0,12763.0,13648.0,11130.0,11062.142857142857,10948.17857142857
3,2022-11-12,8015,964,1,0,0,0,b,c,4526,2022,11,45,5,4,1,11153.0,11497.0,12158.0,10636.857142857143,10900.17857142857
3,2022-11-14,11459,950,1,1,0,0,b,c,4526,2022,11,46,0,4,0,9160.0,7696.0,11422.0,10188.57142857143,10752.214285714286
3,2022-11-15,10224,923,1,0,0,0,b,c,4526,2022,11,46,1,4,0,9514.0,8216.0,10491.0,10517.0,10753.535714285714
3,2022-11-16,12381,1191,1,1,0,0,b,c,4526,2022,11,46,2,4,0,12528.0,10649.0,8584.0,10618.42857142857,10744.0
3,2022-11-17,11507,941,1,1,0,0,b,c,4526,2022,11,46,3,4,0,10206.0,12583.0,11081.0,10597.42857142857,10879.607142857143
3,2022-11-18,8445,784,1,0,0,0,b,c,4526,2022,11,46,4,4,0,12111.0,12229.0,9445.0,10783.285714285714,10894.82142857143
3,2022-11-19,10168,1142,1,1,0,0,b,c,4526,2022,11,46,5,4,1,9786.0,12763.0,11274.0,10259.57142857143,10859.107142857143
3,2022-11-21,9901,773,1,0,0,0,b,c,4526,2022,11,47,0,4,0,8015.0,11153.0,12679.0,10314.142857142857,10819.607142857143
3,2022-11-22,11336,972,1,1,0,0,b,c,4526,2022,11,47,1,4,0,11459.0,9160.0,12779.0,10583.57142857143,10720.392857142857
3,2022-11-23,11143,822,1,0,0,0,b,c,4526,2022,11,47,2,4,0,10224.0,9514.0,10192.0,10566.0,10668.857142857143
3,2022-11-24,11633,1139,1,1,0,0,b,c,4526,2022,11,47,3,4,0,12381.0,12528.0,9272.0,10697.285714285714,10702.82142857143
3,2022-11-25,10079,965,1,1,0,0,b,c,4526,2022,11,47,4,4,0,11507.0,10206.0,11843.0,10590.42857142857,10787.142857142857
3,2022-11-26,7356,903,1,0,0,0,b,c,4526,2022,11,47,5,4,1,8445.0,12111.0,10246.0,10386.42857142857,10724.142857142857
3,2022-11-28,9463,679,1,0,0,0,b,c,4526,2022,11,48,0,4,0,10168.0,9786.0,13648.0,10230.857142857143,10620.92857142857
3,2022-11-29,10070,868,1,0,0,0,b,c,4526,2022,11,48,1,4,0,9901.0,8015.0,11497.0,10130.142857142857,10471.464285714286
3,2022-11-30,12095,965,1,1,0,0,b,c,4526,2022,11,48,2,4,0,11336.0,11459.0,7696.0,10154.285714285714,10420.5
3,2022-12-01,8774,666,1,0,0,0,b,c,4526,2022,12,48,3,4,0,11143.0,10224.0,8216.0,10262.714285714286,10577.607142857143
3,2022-12-02,9934,898,1,1,0,0,b,c,4526,2022,12,48,4,4,0,11633.0,12381.0,10649.0,9924.285714285714,10597.535714285714
3,2022-12-03,7277,757,1,0,0,0,b,c,4526,2022,12,48,5,4,1,10079.0,11507.0,12583.0,9681.57142857143,10572.0
3,2022-12-05,10226,1043,1,1,0,0,b,c,4526,2022,12,49,0,4,0,7356.0,8445.0,12229.0,9281.285714285714,10382.5
3,2022-12-06,9530,912,1,0,0,0,b,c,4526,2022,12,49,1,4,0,9463.0,10168.0,12763.0,9691.285714285714,10310.964285714286
3,2022-12-07,9958,712,1,0,0,0,b,c,4526,2022,12,49,2,4,0,10070.0,9901.0,11153.0,9700.857142857143,10195.5
3,2022-12-08,9011,875,1,0,0,0,b,c,4526,2022,12,49,3,4,0,12095.0,11336.0,9160.0,9684.857142857143,10152.82142857143
3,2022-12-09,9458,704,1,1,0,0,b,c,4526,2022,12,49,4,4,0,8774.0,11143.0,9514.0,9244.285714285714,10147.5
3,2022-12-10,10172,950,1,1,0,0,b,c,4526,2022,12,49,5,4,1,9934.0,11633.0,12528.0,9342.0,10145.5
3,2022-12-12,10351,956,1,1,0,0,b,c,4526,2022,12,50,0,4,0,7277.0,10079.0,10206.0,9376.0,10061.357142857143
3,2022-12-13,9357,766,1,0,0,0,b,c,4526,2022,12,50,1,4,0,10226.0,7356.0,12111.0,9815.142857142857,10066.535714285714
3,2022-12-14,11961,949,1,1,0,0,b,c,4526,2022,12,50,2,4,0,9530.0,9463.0,9786.0,9691.0,9968.17857142857
3,2022-12-15,8849,713,1,0,0,0,b,c,4526,2022,12,50,3,4,0,9958.0,10070.0,8015.0,10038.285714285714,10045.857142857143
3,2022-12-16,8109,831,1,0,0,0,b,c,4526,2022,12,50,4,4,0,9011.0,12095.0,11459.0,9879.857142857143,10075.642857142857
3,2022-12-17,10066,849,1,1,0,0,b,c,4526,2022,12,50,5,4,1,9458.0,8774.0,10224.0,9751.0,9956.0
3,2022-12-19,8476,742,1,0,0,0,b,c,4526,2022,12,51,0,4,0,10172.0,9934.0,12381.0,9837.857142857143,9950.357142857143
3,2022-12-20,11020,812,1,1,0,0,b,c,4526,2022,12,51,1,4,0,10351.0,7277.0,11507.0,9595.57142857143,9810.892857142857
3,2022-12-21,9465,758,1,0,0,0,b,c,4526,2022,12,51,2,4,0,9357.0,10226.0,8445.0,9691.142857142857,9793.5
3,2022-12-22,9987,976,1,0,0,0,b,c,4526,2022,12,51,3,4,0,11961.0,9530.0,10168.0,9706.57142857143,9829.92857142857
3,2022-12-23,9586,896,1,1,0,0,b,c,4526,2022,12,51,4,4,0,8849.0,9958.0,9901.0,9424.57142857143,9823.464285714286
3,2022-12-24,9828,776,1,1,0,0,b,c,4526,2022,12,51,5,4,1,8109.0,9011.0,11336.0,9529.857142857143,9812.214285714286
3,2022-12-26,9205,808,1,0,0,0,b,c,4526,2022,12,52,0,4,0,10066.0,9458.0,11143.0,9775.42857142857,9758.357142857143
3,2022-12-27,8723,884,1,0,0,0,b,c,4526,2022,12,52,1,4,0,8476.0,10172.0,11633.0,9652.42857142857,9689.142857142857
3,2022-12-28,11918,1467,1,1,0,0,b,c,4526,2022,12,52,2,4,0,11020.0,10351.0,10079.0,9687.714285714286,9585.214285714286
3,2022-12-29,10406,962,1,1,0,0,b,c,4526,2022,12,52,3,4,0,9465.0,9357.0,7356.0,9816.0,9650.892857142857
3,2022-12-30,7984,782,1,0,0,0,b,c,4526,2022,12,52,4,4,0,9987.0,11961.0,9463.0,9950.42857142857,9759.82142857143
3,2022-12-31,7116,547,1,0,0,0,b,c,4526,2022,12,52,5,4,1,9586.0,8849.0,10070.0,9664.285714285714,9707.0
3,2023-01-02,9245,971,1,0,0,0,b,c,4526,2023,1,1,0,1,0,9828.0,8109.0,12095.0,9311.42857142857,9601.5
3,2023-01-03,10161,781,1,0,0,0,b,c,4526,2023,1,1,1,1,0,9205.0,10066.0,8774.0,9228.142857142857,9499.714285714286
3,2023-01-04,11751,1403,1,1,0,0,b,c,4526,2023,1,1,2,1,0,8723.0,8476.0,9934.0,9364.714285714286,9549.25
3,2023-01-05,7785,713,1,0,0,0,b,c,4526,2023,1,1,3,1,0,11918.0,11020.0,7277.0,9797.285714285714,9614.142857142857
3,2023-01-06,8256,604,1,0,0,0,b,c,4526,2023,1,1,4,1,0,10406.0,9465.0,10226.0,9206.857142857143,9632.285714285714
3,2023-01-07,9604,703,1,1,0,0,b,c,4526,2023,1,1,5,1,1,7984.0,9987.0,9530.0,8899.714285714286,9561.92857142857
3,2023-01-09,10528,888,1,1,0,0,b,c,4526,2023,1,2,0,1,0,7116.0,9586.0,9958.0,9131.142857142857,9564.57142857143
3,2023-01-10,9505,770,1,0,0,0,b,c,4526,2023,1,2,1,1,0,9245.0,9828.0,9011.0,9618.57142857143,9584.92857142857
3,2023-01-11,11773,978,1,1,0,0,b,c,4526,2023,1,2,2,1,0,10161.0,9205.0,9458.0,9655.714285714286,9602.57142857143
3,2023-01-12,11707,1370,1,1,0,0,b,c,4526,2023,1,2,3,1,0,11751.0,8723.0,10172.0,9886.0,9685.25
3,2023-01-13,10374,890,1,1,0,0,b,c,4526,2023,1,2,4,1,0,7785.0,11918.0,10351.0,9879.714285714286,9740.07142857143
3,2023-01-14,6513,704,1,0,0,0,b,c,4526,2023,1,2,5,1,1,8256.0,10406.0,9357.0,10249.57142857143,9740.892857142857
3,2023-01-16,10157,780,1,1,0,0,b,c,4526,2023,1,3,0,1,0,9604.0,7984.0,11961.0,10000.57142857143,9639.32142857143
3,2023-01-17,9153,837,1,0,0,0,b,c,4526,2023,1,3,1,1,0,10528.0,7116.0,8849.0,10079.57142857143,9574.892857142857
3,2023-01-18,11270,968,1,1,0,0,b,c,4526,2023,1,3,2,1,0,9505.0,9245.0,8109.0,9883.142857142857,9585.75
3,2023-01-19,10129,755,1,1,0,0,b,c,4526,2023,1,3,3,1,0,11773.0,10161.0,10066.0,10135.285714285714,9698.642857142857
3,2023-01-20,9473,1162,1,1,0,0,b,c,4526,2023,1,3,4,1,0,11707.0,11751.0,8476.0,9900.42857142857,9700.892857142857
3,2023-01-21,7862,888,1,0,0,0,b,c,4526,2023,1,3,5,1,1,10374.0,7785.0,11020.0,9581.285714285714,9736.5
3,2023-01-23,10264,788,1,1,0,0,b,c,4526,2023,1,4,0,1,0,6513.0,8256.0,9465.0,9222.42857142857,9623.714285714286
3,2023-01-24,9684,914,1,0,0,0,b,c,4526,2023,1,4,1,1,0,10157.0,9604.0,9987.0,9758.285714285714,9652.25
3,2023-01-25,10677,1272,1,1,0,0,b,c,4526,2023,1,4,2,1,0,9153.0,10528.0,9586.0,9690.714285714286,9641.42857142857
3,2023-01-26,7991,634,1,0,0,0,b,c,4526,2023,1,4,3,1,0,11270.0,9505.0,9828.0,9908.42857142857,9680.392857142857
3,2023-01-27,9023,738,1,1,0,0,b,c,4526,2023,1,4,4,1,0,10129.0,11773.0,9205.0,9440.0,9614.785714285714
3,2023-01-28,8249,859,1,1,0,0,b,c,4526,2023,1,4,5,1,1,9473.0,11707.0,8723.0,9282.0,9608.285714285714
3,2023-01-30,9039,1043,1,0,0,0,b,c,4526,2023,1,5,0,1,0,7862.0,10374.0,11918.0,9107.142857142857,9591.357142857143
3,2023-01-31,12335,1352,1,1,0,0,b,c,4526,2023,1,5,1,1,0,10264.0,6513.0,10406.0,9275.285714285714,9488.535714285714
3,2023-02-01,10625,986,1,0,0,0,b,c,4526,2023,2,5,2,1,0,9684.0,10157.0,7984.0,9571.142857142857,9557.42857142857
3,2023-02-02,9386,1000,1,0,0,0,b,c,4526,2023,2,5,3,1,0,10677.0,9153.0,7116.0,9705.57142857143,9651.75
3,2023-02-03,9960,1091,1,1,0,0,b,c,4526,2023,2,5,4,1,0,7991.0,11270.0,9245.0,9521.142857142857,9732.82142857143
3,2023-02-04,8739,805,1,1,0,0,b,c,4526,2023,2,5,5,1,1,9023.0,10129.0,10161.0,9802.42857142857,9758.357142857143
3,2023-02-06,9486,837,1,0,0,0,b,c,4526,2023,2,6,0,1,0,8249.0,9473.0,11751.0,9761.857142857143,9707.57142857143
3,2023-02-07,11460,856,1,1,0,0,b,c,4526,2023,2,6,1,1,0,9039.0,7862.0,7785.0,9938.57142857143,9626.67857142857
3,2023-02-08,12162,1492,1,1,0,0,b,c,4526,2023,2,6,2,1,0,12335.0,10264.0,8256.0,10284.42857142857,9757.92857142857
3,2023-02-09,9404,703,1,0,0,0,b,c,4526,2023,2,6,3,1,0,10625.0,9684.0,9604.0,10259.714285714286,9897.42857142857
3,2023-02-10,7873,674,1,0,0,0,b,c,4526,2023,2,6,4,1,0,9386.0,10677.0,10528.0,10085.285714285714,9890.285714285714
3,2023-02-11,7149,578,1,0,0,0,b,c,4526,2023,2,6,5,1,1,9960.0,7991.0,9505.0,9869.142857142857,9795.464285714286
3,2023-02-13,10233,752,1,1,0,0,b,c,4526,2023,2,7,0,1,0,8739.0,9023.0,11773.0,9467.57142857143,9711.32142857143
3,2023-02-14,10407,1169,1,0,0,0,b,c,4526,2023,2,7,1,1,0,9486.0,8249.0,11707.0,9681.0,9656.32142857143
3,2023-02-15,9690,1097,1,0,0,0,b,c,4526,2023,2,7,2,1,0,11460.0,9039.0,10374.0,9812.57142857143,9609.892857142857
3,2023-02-16,9749,1006,1,0,0,0,b,c,4526,2023,2,7,3,1,0,12162.0,12335.0,6513.0,9559.714285714286,9585.464285714286
3,2023-02-17,10795,1127,1,1,0,0,b,c,4526,2023,2,7,4,1,0,9404.0,10625.0,10157.0,9215.0,9701.035714285714
3,2023-02-18,8400,608,1,0,0,0,b,c,4526,2023,2,7,5,1,1,7873.0,9386.0,9153.0,9413.714285714286,9723.82142857143
3,2023-02-20,9091,664,1,0,0,0,b,c,4526,2023,2,8,0,1,0,7149.0,9960.0,11270.0,9489.0,9696.92857142857
3,2023-02-21,10383,975,1,0,0,0,b,c,4526,2023,2,8,1,1,0,10233.0,8739.0,10129.0,9766.42857142857,9619.107142857143
3,2023-02-22,11259,994,1,1,0,0,b,c,4526,2023,2,8,2,1,0,10407.0,9486.0,9473.0,9787.857142857143,9628.17857142857
3,2023-02-23,12179,1475,1,1,0,0,b,c,4526,2023,2,8,3,1,0,9690.0,11460.0,7862.0,9909.57142857143,9691.964285714286
3,2023-02-24,8144,679,1,0,0,0,b,c,4526,2023,2,8,4,1,0,9749.0,12162.0,10264.0,10265.142857142857,9846.142857142857
3,2023-02-25,8101,764,1,0,0,0,b,c,4526,2023,2,8,5,1,1,10795.0,9404.0,9684.0,10035.857142857143,9770.42857142857
3,2023-02-27,8813,1082,1,0,0,0,b,c,4526,2023,2,9,0,1,0,8400.0,7873.0,10677.0,9651.0,9713.892857142857
3,2023-02-28,10490,764,1,0,0,0,b,c,4526,2023,2,9,1,1,0,9091.0,7149.0,7991.0,9710.0,9647.32142857143
3,2023-03-01,10455,1208,1,0,0,0,b,c,4526,2023,3,9,2,1,0,10383.0,10233.0,9023.0,9909.857142857143,9736.57142857143
3,2023-03-02,10156,941,1,0,0,0,b,c,4526,2023,3,9,3,1,0,11259.0,10407.0,8249.0,9920.142857142857,9787.714285714286
3,2023-03-03,10248,1010,1,1,0,0,b,c,4526,2023,3,9,4,1,0,12179.0,9690.0,9039.0,9762.57142857143,9855.82142857143
3,2023-03-04,11591,997,1,1,0,0,b,c,4526,2023,3,9,5,1,1,8144.0,9749.0,12335.0,9486.714285714286,9899.0
3,2023-03-06,11388,1068,1,1,0,0,b,c,4526,2023,3,10,0,1,0,8101.0,10795.0,10625.0,9979.142857142857,9872.42857142857
3,2023-03-07,10843,832,1,0,0,0,b,c,4526,2023,3,10,1,1,0,8813.0,8400.0,9386.0,10448.714285714286,9899.67857142857
3,2023-03-08,10777,809,1,0,0,0,b,c,4526,2023,3,10,2,1,0,10490.0,9091.0,9960.0,10738.714285714286,9951.714285714286
3,2023-03-09,12216,1359,1,1,0,0,b,c,4526,2023,3,10,3,1,0,10455.0,10383.0,8739.0,10779.714285714286,9980.892857142857
3,2023-03-10,10502,798,1,1,0,0,b,c,4526,2023,3,10,4,1,0,10156.0,11259.0,9486.0,11031.285714285714,10105.07142857143
3,2023-03-11,8280,796,1,0,0,0,b,c,4526,2023,3,10,5,1,1,10248.0,12179.0,11460.0,11080.714285714286,10141.357142857143
3,2023-03-13,10454,1027,1,0,0,0,b,c,4526,2023,3,11,0,1,0,11591.0,8144.0,12162.0,10799.57142857143,10027.785714285714
3,2023-03-14,12511,914,1,1,0,0,b,c,4526,2023,3,11,1,1,0,11388.0,8101.0,9404.0,10637.142857142857,9966.785714285714
3,2023-03-15,11288,1089,1,0,0,0,b,c,4526,2023,3,11,2,1,0,10843.0,8813.0,7873.0,10797.57142857143,10077.75
3,2023-03-16,10364,1074,1,0,0,0,b,c,4526,2023,3,11,3,1,0,10777.0,10490.0,7149.0,10861.142857142857,10199.714285714286
3,2023-03-17,11088,1279,1,1,0,0,b,c,4526,2023,3,11,4,1,0,12216.0,10455.0,10233.0,10802.142857142857,10314.535714285714
3,2023-03-18,10864,868,1,1,0,0,b,c,4526,2023,3,11,5,1,1,10502.0,10156.0,10407.0,10641.0,10345.07142857143
3,2023-03-20,11705,932,1,1,0,0,b,c,4526,2023,3,12,0,1,0,8280.0,10248.0,9690.0,10692.714285714286,10361.392857142857
3,2023-03-21,12005,1268,1,0,0,0,b,c,4526,2023,3,12,1,1,0,10454.0,11591.0,9749.0,11182.0,10433.357142857143
3,2023-03-22,13392,1326,1,1,0,0,b,c,4526,2023,3,12,2,1,0,12511.0,11388.0,10795.0,11403.57142857143,10513.92857142857
3,2023-03-23,12547,922,1,1,0,0,b,c,4526,2023,3,12,3,1,0,11288.0,10843.0,8400.0,11529.42857142857,10606.67857142857
3,2023-03-24,9532,705,1,0,0,0,b,c,4526,2023,3,12,4,1,0,10364.0,10777.0,9091.0,11709.285714285714,10754.785714285714
3,2023-03-25,9930,796,1,0,0,0,b,c,4526,2023,3,12,5,1,1,11088.0,12216.0,10383.0,11590.42857142857,10770.535714285714
3,2023-03-27,9940,941,1,0,0,0,b,c,4526,2023,3,13,0,1,0,10864.0,10502.0,11259.0,11425.0,10754.357142857143
3,2023-03-28,12804,1100,1,1,0,0,b,c,4526,2023,3,13,1,1,0,11705.0,8280.0,12179.0,11293.0,10707.25
3,2023-03-29,13356,1615,1,1,0,0,b,c,4526,2023,3,13,2,1,0,12005.0,10454.0,8144.0,11450.0,10729.57142857143
3,2023-03-30,11716,840,1,1,0,0,b,c,4526,2023,3,13,3,1,0,13392.0,12511.0,8101.0,11643.0,10915.714285714286
3,2023-03-31,10679,839,1,0,0,0,b,c,4526,2023,3,13,4,1,0,12547.0,11288.0,8813.0,11403.57142857143,11044.82142857143
3,2023-04-01,10311,819,1,0,0,0,b,c,4526,2023,4,13,5,2,1,9532.0,10364.0,10490.0,11136.714285714286,11111.464285714286
3,2023-04-03,12740,1434,1,1,0,0,b,c,4526,2023,4,14,0,2,0,9930.0,11088.0,10455.0,11248.0,11105.07142857143
3,2023-04-04,10406,783,1,0,0,0,b,c,4526,2023,4,14,1,2,0,9940.0,10864.0,10156.0,11649.42857142857,11186.67857142857
3,2023-04-05,12051,1316,1,0,0,0,b,c,4526,2023,4,14,2,2,0,12804.0,11705.0,10248.0,11716.0,11195.607142857143
3,2023-04-06,13773,1248,1,1,0,0,b,c,4526,2023,4,14,3,2,0,13356.0,12005.0,11591.0,11608.42857142857,11260.0
3,2023-04-08,9456,1120,1,0,0,0,b,c,4526,2023,4,14,5,2,1,11716.0,13392.0,11388.0,11668.0,11337.92857142857
3,2023-04-10,10252,976,1,0,0,0,b,c,4526,2023,4,15,0,2,0,10679.0,12547.0,10843.0,11345.142857142857,11268.92857142857
3,2023-04-11,11720,934,1,0,0,0,b,c,4526,2023,4,15,1,2,0,10311.0,9532.0,10777.0,11284.142857142857,11247.82142857143
3,2023-04-12,12517,1023,1,0,0,0,b,c,4526,2023,4,15,2,2,0,12740.0,9930.0,12216.0,11485.42857142857,11281.5
3,2023-04-13,11512,886,1,0,0,0,b,c,4526,2023,4,15,3,2,0,10406.0,9940.0,10502.0,11453.57142857143,11292.25
3,2023-04-14,10882,1265,1,0,0,0,b,c,4526,2023,4,15,4,2,0,12051.0,12804.0,8280.0,11611.57142857143,11328.32142857143
3,2023-04-15,11657,1273,1,1,0,0,b,c,4526,2023,4,15,5,2,1,13773.0,13356.0,10454.0,11444.57142857143,11421.25
3,2023-04-17,12778,920,1,1,0,0,b,c,4526,2023,4,16,0,2,0,9456.0,11716.0,12511.0,11142.285714285714,11464.214285714286
3,2023-04-18,12100,1102,1,0,0,0,b,c,4526,2023,4,16,1,2,0,10252.0,10679.0,11288.0,11616.857142857143,11473.75
3,2023-04-19,15006,1124,1,1,0,0,b,c,4526,2023,4,16,2,2,0,11720.0,10311.0,10364.0,11880.857142857143,11502.75
3,2023-04-20,13802,1477,1,1,0,0,b,c,4526,2023,4,16,3,2,0,12517.0,12740.0,11088.0,12350.285714285714,11668.535714285714
3,2023-04-21,9580,878,1,0,0,0,b,c,4526,2023,4,16,4,2,0,11512.0,10406.0,10864.0,12533.857142857143,11765.464285714286
3,2023-04-22,11782,1453,1,1,0,0,b,c,4526,2023,4,16,5,2,1,10882.0,12051.0,11705.0,12257.857142857143,11719.607142857143
3,2023-04-24,13706,1515,1,1,0,0,b,c,4526,2023,4,17,0,2,0,11657.0,13773.0,12005.0,12386.42857142857,11722.357142857143
3,2023-04-25,14103,1013,1,1,0,0,b,c,4526,2023,4,17,1,2,0,12778.0,9456.0,13392.0,12679.142857142857,11783.107142857143
3,2023-04-26,12376,1173,1,0,0,0,b,c,4526,2023,4,17,2,2,0,12100.0,10252.0,12547.0,12868.42857142857,11808.5
3,2023-04-27,11840,1006,1,0,0,0,b,c,4526,2023,4,17,3,2,0,15006.0,11720.0,9532.0,12907.857142857143,11802.392857142857
3,2023-04-28,10853,901,1,0,0,0,b,c,4526,2023,4,17,4,2,0,13802.0,12517.0,9930.0,12455.57142857143,11884.82142857143
3,2023-04-29,10538,1136,1,0,0,0,b,c,4526,2023,4,17,5,2,1,9580.0,11512.0,9940.0,12034.285714285714,11917.785714285714
3,2023-05-01,12899,1544,1,1,0,0,b,c,4526,2023,5,18,0,2,0,11782.0,10882.0,12804.0,12171.142857142857,11939.142857142857
3,2023-05-02,11986,1028,1,0,0,0,b,c,4526,2023,5,18,1,2,0,13706.0,11657.0,13356.0,12330.714285714286,11942.535714285714
3,2023-05-03,14984,1515,1,1,0,0,b,c,4526,2023,5,18,2,2,0,14103.0,12778.0,11716.0,12085.0,11893.607142857143
3,2023-05-04,13026,1148,1,1,0,0,b,c,4526,2023,5,18,3,2,0,12376.0,12100.0,10679.0,12210.857142857143,12010.32142857143
3,2023-05-05,13882,1543,1,1,0,0,b,c,4526,2023,5,18,4,2,0,11840.0,15006.0,10311.0,12303.714285714286,12094.142857142857
3,2023-05-06,9855,784,1,0,0,0,b,c,4526,2023,5,18,5,2,1,10853.0,13802.0,12740.0,12595.42857142857,12221.67857142857
3,2023-05-08,10727,786,1,0,0,0,b,c,4526,2023,5,19,0,2,0,10538.0,9580.0,10406.0,12452.857142857143,12118.642857142857
3,2023-05-09,13580,1204,1,0,0,0,b,c,4526,2023,5,19,1,2,0,12899.0,11782.0,12051.0,12479.857142857143,12130.107142857143
3,2023-05-10,12757,1533,1,0,0,0,b,c,4526,2023,5,19,2,2,0,11986.0,13706.0,13773.0,12577.142857142857,12184.714285714286
3,2023-05-11,12796,1061,1,0,0,0,b,c,4526,2023,5,19,3,2,0,14984.0,14103.0,9456.0,12687.285714285714,12148.42857142857
3,2023-05-12,11125,987,1,0,0,0,b,c,4526,2023,5,19,4,2,0,13026.0,12376.0,10252.0,12374.714285714286,12267.714285714286
3,2023-05-13,11764,1425,1,1,0,0,b,c,4526,2023,5,19,5,2,1,13882.0,11840.0,11720.0,12103.142857142857,12298.892857142857
3,2023-05-15,13029,992,1,1,0,0,b,c,4526,2023,5,20,0,2,0,9855.0,10853.0,12517.0,11800.57142857143,12300.464285714286
3,2023-05-16,13376,1304,1,0,0,0,b,c,4526,2023,5,20,1,2,0,10727.0,10538.0,11512.0,12254.0,12318.75
3,2023-05-17,14031,1144,1,0,0,0,b,c,4526,2023,5,20,2,2,0,13580.0,12899.0,10882.0,12632.42857142857,12385.32142857143
3,2023-05-18,15322,1768,1,1,0,0,b,c,4526,2023,5,20,3,2,0,12757.0,11986.0,11657.0,12696.857142857143,12497.785714285714
3,2023-05-19,13607,1200,1,1,0,0,b,c,4526,2023,5,20,4,2,0,12796.0,14984.0,12778.0,13063.285714285714,12628.67857142857
3,2023-05-20,13362,994,1,1,0,0,b,c,4526,2023,5,20,5,2,1,11125.0,13026.0,12100.0,13179.142857142857,12658.285714285714
3,2023-05-22,11920,1030,1,0,0,0,b,c,4526,2023,5,21,0,2,0,11764.0,13882.0,15006.0,13498.714285714286,12703.357142857143
3,2023-05-23,14878,1389,1,1,0,0,b,c,4526,2023,5,21,1,2,0,13029.0,9855.0,13802.0,13521.0,12593.142857142857
3,2023-05-24,14195,1284,1,0,0,0,b,c,4526,2023,5,21,2,2,0,13376.0,10727.0,9580.0,13785.142857142857,12631.57142857143
3,2023-05-25,14917,1642,1,1,0,0,b,c,4526,2023,5,21,3,2,0,14031.0,13580.0,11782.0,13902.142857142857,12796.392857142857
3,2023-05-26,13547,1052,1,1,0,0,b,c,4526,2023,5,21,4,2,0,15322.0,12757.0,13706.0,14028.714285714286,12908.357142857143
3,2023-05-27,13613,1033,1,1,0,0,b,c,4526,2023,5,21,5,2,1,13607.0,12796.0,14103.0,13775.142857142857,12902.67857142857
3,2023-05-29,15329,1755,1,1,0,0,b,c,4526,2023,5,22,0,2,0,13362.0,11125.0,12376.0,13776.0,12885.17857142857
3,2023-05-30,14142,1069,1,1,0,0,b,c,4526,2023,5,22,1,2,0,11920.0,11764.0,11840.0,14057.0,12990.642857142857
3,2023-05-31,13170,1024,1,0,0,0,b,c,4526,2023,5,22,2,2,0,14878.0,13029.0,10853.0,14374.42857142857,13072.857142857143
3,2023-06-01,12851,1494,1,0,0,0,b,c,4526,2023,6,22,3,2,0,14195.0,13376.0,10538.0,14130.42857142857,13155.607142857143
3,2023-06-02,13534,1401,1,1,0,0,b,c,4526,2023,6,22,4,2,0,14917.0,14031.0,12899.0,13938.42857142857,13238.214285714286
3,2023-06-03,11013,867,1,0,0,0,b,c,4526,2023,6,22,5,2,1,13547.0,15322.0,11986.0,13740.857142857143,13260.892857142857
3,2023-06-05,12095,1017,1,0,0,0,b,c,4526,2023,6,23,0,2,0,13613.0,13607.0,14984.0,13378.857142857143,13226.142857142857
3,2023-06-06,15801,1825,1,1,0,0,b,c,4526,2023,6,23,1,2,0,15329.0,13362.0,13026.0,13162.0,13122.964285714286
3,2023-06-07,13962,1044,1,0,0,0,b,c,4526,2023,6,23,2,2,0,14142.0,11920.0,13882.0,13229.42857142857,13222.07142857143
3,2023-06-08,15651,1492,1,1,0,0,b,c,4526,2023,6,23,3,2,0,13170.0,14878.0,9855.0,13203.714285714286,13224.92857142857
3,2023-06-09,12645,995,1,0,0,0,b,c,4526,2023,6,23,4,2,0,12851.0,14195.0,10727.0,13558.142857142857,13431.92857142857
3,2023-06-10,13676,1365,1,1,0,0,b,c,4526,2023,6,23,5,2,1,13534.0,14917.0,13580.0,13528.714285714286,13500.42857142857
3,2023-06-12,12446,940,1,0,0,0,b,c,4526,2023,6,24,0,2,0,11013.0,13547.0,12757.0,13549.0,13503.857142857143
3,2023-06-13,14614,1573,1,1,0,0,b,c,4526,2023,6,24,1,2,0,12095.0,13613.0,12796.0,13753.714285714286,13492.75
3,2023-06-14,15560,1509,1,1,0,0,b,c,4526,2023,6,24,2,2,0,15801.0,15329.0,11125.0,14113.57142857143,13557.67857142857
3,2023-06-15,15650,1548,1,1,0,0,b,c,4526,2023,6,24,3,2,0,13962.0,14142.0,11764.0,14079.142857142857,13716.07142857143
3,2023-06-16,11672,1423,1,0,0,0,b,c,4526,2023,6,24,4,2,0,15651.0,13170.0,13029.0,14320.285714285714,13854.857142857143
3,2023-06-17,11214,1213,1,0,0,0,b,c,4526,2023,6,24,5,2,1,12645.0,12851.0,13376.0,13751.857142857143,13806.392857142857
3,2023-06-19,14591,1790,1,1,0,0,b,c,4526,2023,6,25,0,2,0,13676.0,13534.0,14031.0,13547.42857142857,13729.17857142857
3,2023-06-20,15246,1128,1,1,0,0,b,c,4526,2023,6,25,1,2,0,12446.0,11013.0,15322.0,13678.142857142857,13749.17857142857
3,2023-06-21,13720,1213,1,0,0,0,b,c,4526,2023,6,25,2,2,0,14614.0,12095.0,13607.0,14078.142857142857,13746.464285714286
3,2023-06-22,13051,1297,1,0,0,0,b,c,4526,2023,6,25,3,2,0,15560.0,15801.0,13362.0,13950.42857142857,13750.5
3,2023-06-23,13034,960,1,0,0,0,b,c,4526,2023,6,25,4,2,0,15650.0,13962.0,11920.0,13592.0,13739.392857142857
3,2023-06-24,13605,1371,1,1,0,0,b,c,4526,2023,6,25,5,2,1,11672.0,15651.0,14878.0,13218.285714285714,13779.17857142857
3,2023-06-26,12806,1096,1,0,0,0,b,c,4526,2023,6,26,0,2,0,11214.0,12645.0,14195.0,13494.42857142857,13733.714285714286
3,2023-06-27,13866,996,1,1,0,0,b,c,4526,2023,6,26,1,2,0,14591.0,13676.0,14917.0,13721.857142857143,13684.107142857143
3,2023-06-28,15345,1446,1,1,0,0,b,c,4526,2023,6,26,2,2,0,15246.0,12446.0,13547.0,13618.285714285714,13646.57142857143
3,2023-06-29,14666,1449,1,1,0,0,b,c,4526,2023,6,26,3,2,0,13720.0,14614.0,13613.0,13632.42857142857,13710.785714285714
3,2023-06-30,11901,1469,1,0,0,0,b,c,4526,2023,6,26,4,2,0,13051.0,15560.0,15329.0,13767.57142857143,13748.392857142857
3,2023-07-01,14704,1741,1,1,0,1,b,c,4526,2023,7,26,5,3,1,13034.0,15650.0,14142.0,13603.285714285714,13625.964285714286
3,2023-07-03,12293,921,1,0,0,1,b,c,4526,2023,7,27,0,3,0,13605.0,11672.0,13170.0,13841.857142857143,13646.035714285714
3,2023-07-04,15320,1165,1,1,0,1,b,c,4526,2023,7,27,1,3,0,12806.0,11214.0,12851.0,13654.42857142857,13614.714285714286
3,2023-07-05,15877,1348,1,1,0,1,b,c,4526,2023,7,27,2,3,0,13866.0,14591.0,13534.0,14013.57142857143,13702.892857142857
3,2023-07-06,15401,1345,1,1,0,1,b,c,4526,2023,7,27,3,3,0,15345.0,15246.0,11013.0,14300.857142857143,13786.57142857143
3,2023-07-07,15450,1273,1,1,0,1,b,c,4526,2023,7,27,4,3,0,14666.0,13720.0,12095.0,14308.857142857143,13943.285714285714
3,2023-07-08,11667,1241,1,0,0,1,b,c,4526,2023,7,27,5,3,1,11901.0,13051.0,15801.0,14420.857142857143,14063.107142857143
3,2023-07-10,14981,1822,1,1,0,1,b,c,4526,2023,7,28,0,3,0,14704.0,13034.0,13962.0,14387.42857142857,13915.464285714286
3,2023-07-11,14925,1332,1,0,0,1,b,c,4526,2023,7,28,1,3,0,12293.0,13605.0,15651.0,14427.0,13951.857142857143
3,2023-07-12,13646,1518,1,0,0,1,b,c,4526,2023,7,28,2,3,0,15320.0,12806.0,12645.0,14803.0,13925.92857142857
3,2023-07-13,12833,937,1,0,0,1,b,c,4526,2023,7,28,3,3,0,15877.0,13866.0,13676.0,14563.857142857143,13961.67857142857
3,2023-07-14,12858,1539,1,0,0,1,b,c,4526,2023,7,28,4,3,0,15401.0,15345.0,12446.0,14129.0,13931.57142857143
3,2023-07-15,14730,1522,1,1,0,1,b,c,4526,2023,7,28,5,3,1,15450.0,14666.0,14614.0,13765.714285714286,13946.285714285714
3,2023-07-17,14383,1138,1,1,0,1,b,c,4526,2023,7,29,0,3,0,11667.0,11901.0,15560.0,13662.857142857143,13950.42857142857
3,2023-07-18,15619,1448,1,1,0,1,b,c,4526,2023,7,29,1,3,0,14981.0,14704.0,15650.0,14050.857142857143,13908.392857142857
3,2023-07-19,15617,1164,1,1,0,1,b,c,4526,2023,7,29,2,3,0,14925.0,12293.0,11672.0,14142.0,13907.285714285714
3,2023-07-20,13845,1602,1,0,0,1,b,c,4526,2023,7,29,3,3,0,13646.0,15320.0,11214.0,14240.857142857143,14048.17857142857
3,2023-07-21,12105,1361,1,0,0,1,b,c,4526,2023,7,29,4,3,0,12833.0,15877.0,14591.0,14269.285714285714,14142.142857142857
3,2023-07-22,14755,1123,1,1,0,1,b,c,4526,2023,7,29,5,3,1,12858.0,15401.0,15246.0,14165.285714285714,14053.357142857143
3,2023-07-24,12251,1009,1,0,0,1,b,c,4526,2023,7,30,0,3,0,14730.0,15450.0,13720.0,14436.285714285714,14035.82142857143
3,2023-07-25,13952,1649,1,0,0,1,b,c,4526,2023,7,30,1,3,0,14383.0,11667.0,13051.0,14082.142857142857,13983.357142857143
3,2023-07-26,15470,1625,1,1,0,1,b,c,4526,2023,7,30,2,3,0,15619.0,14981.0,13034.0,14020.57142857143,14015.535714285714
3,2023-07-27,15456,1353,1,0,0,1,b,c,4526,2023,7,30,3,3,0,15617.0,14925.0,13605.0,13999.285714285714,14102.535714285714
3,2023-07-28,12535,1369,1,0,0,1,b,c,4526,2023,7,30,4,3,0,13845.0,13646.0,12806.0,13976.285714285714,14168.642857142857
3,2023-07-29,13275,1348,1,1,0,1,b,c,4526,2023,7,30,5,3,1,12105.0,12833.0,13866.0,13789.142857142857,14158.964285714286
3,2023-07-31,13583,1269,1,0,0,1,b,c,4526,2023,7,31,0,3,0,14755.0,12858.0,15345.0,13956.285714285714,14137.857142857143
3,2023-08-01,16857,1372,1,1,0,1,b,c,4526,2023,8,31,1,3,0,12251.0,14730.0,14666.0,13788.857142857143,14074.92857142857
3,2023-08-02,15110,1521,1,0,0,1,b,c,4526,2023,8,31,2,3,0,13952.0,14383.0,11901.0,14446.857142857143,14153.17857142857
3,2023-08-03,13390,1666,1,0,0,1,b,c,4526,2023,8,31,3,3,0,15470.0,15619.0,14704.0,14612.285714285714,14267.785714285714
3,2023-08-04,12813,1353,1,0,0,1,b,c,4526,2023,8,31,4,3,0,15456.0,15617.0,12293.0,14315.142857142857,14220.857142857143
3,2023-08-05,12588,1013,1,0,0,1,b,c,4526,2023,8,31,5,3,1,12535.0,13845.0,15320.0,13937.57142857143,14239.42857142857
3,2023-08-07,13107,1260,1,0,0,1,b,c,4526,2023,8,32,0,3,0,13275.0,12105.0,15877.0,13945.142857142857,14141.857142857143
3,2023-08-08,14238,1057,1,0,0,1,b,c,4526,2023,8,32,1,3,0,13583.0,14755.0,15401.0,13921.142857142857,14042.92857142857
3,2023-08-09,14431,1186,1,0,0,1,b,c,4526,2023,8,32,2,3,0,16857.0,12251.0,15450.0,14014.714285714286,14001.392857142857
3,2023-08-10,12551,1185,1,0,0,1,b,c,4526,2023,8,32,3,3,0,15110.0,13952.0,11667.0,13668.142857142857,13965.0
3,2023-08-11,14508,1520,1,1,0,1,b,c,4526,2023,8,32,4,3,0,13390.0,15470.0,14981.0,13302.57142857143,13996.57142857143
3,2023-08-12,11278,810,1,0,0,1,b,c,4526,2023,8,32,5,3,1,12813.0,15456.0,14925.0,13462.285714285714,13979.67857142857
3,2023-08-14,12454,1420,1,0,0,1,b,c,4526,2023,8,33,0,3,0,12588.0,12535.0,13646.0,13243.0,13849.42857142857
3,2023-08-15,14077,1439,1,0,0,1,b,c,4526,2023,8,33,1,3,0,13107.0,13275.0,12833.0,13223.857142857143,13806.857142857143
3,2023-08-16,16382,1333,1,1,0,1,b,c,4526,2023,8,33,2,3,0,14238.0,13583.0,12858.0,13362.42857142857,13851.285714285714
3,2023-08-17,15686,1186,1,1,0,1,b,c,4526,2023,8,33,3,3,0,14431.0,16857.0,14730.0,13668.714285714286,13977.142857142857
3,2023-08-18,14321,1353,1,1,0,1,b,c,4526,2023,8,33,4,3,0,12551.0,15110.0,14383.0,13848.0,14011.285714285714
3,2023-08-19,14065,1504,1,1,0,1,b,c,4526,2023,8,33,5,3,1,14508.0,13390.0,15619.0,14100.857142857143,14009.07142857143
3,2023-08-21,12660,1439,1,0,0,1,b,c,4526,2023,8,34,0,3,0,11278.0,12813.0,15617.0,14037.57142857143,13953.57142857143
3,2023-08-22,13358,1304,1,0,0,1,b,c,4526,2023,8,34,1,3,0,12454.0,12588.0,13845.0,14235.0,13847.964285714286
3,2023-08-23,15012,1074,1,1,0,1,b,c,4526,2023,8,34,2,3,0,14077.0,13107.0,12105.0,14364.142857142857,13830.57142857143
3,2023-08-24,12887,1364,1,0,0,1,b,c,4526,2023,8,34,3,3,0,16382.0,14238.0,14755.0,14497.714285714286,13934.392857142857
3,2023-08-25,11825,1035,1,0,0,1,b,c,4526,2023,8,34,4,3,0,15686.0,14431.0,12251.0,13998.42857142857,13867.67857142857
3,2023-08-26,10896,805,1,0,0,1,b,c,4526,2023,8,34,5,3,1,14321.0,12551.0,13952.0,13446.857142857143,13852.464285714286
3,2023-08-28,15008,1413,1,1,0,1,b,c,4526,2023,8,35,0,3,0,14065.0,14508.0,15470.0,12957.57142857143,13743.32142857143
3,2023-08-29,14926,1486,1,1,0,1,b,c,4526,2023,8,35,1,3,0,12660.0,11278.0,15456.0,13092.285714285714,13726.82142857143
3,2023-08-30,16017,1781,1,1,0,1,b,c,4526,2023,8,35,2,3,0,13358.0,12454.0,12535.0,13416.0,13707.892857142857
3,2023-08-31,13810,1093,1,0,0,1,b,c,4526,2023,8,35,3,3,0,15012.0,14077.0,13275.0,13795.857142857143,13832.25
3,2023-09-01,12758,1139,1,1,0,0,b,c,4526,2023,9,35,4,3,0,12887.0,16382.0,13583.0,13624.142857142857,13851.357142857143
3,2023-09-02,11216,1310,1,0,0,0,b,c,4526,2023,9,35,5,3,1,11825.0,15686.0,16857.0,13605.714285714286,13821.892857142857
3,2023-09-04,11764,1457,1,0,0,0,b,c,4526,2023,9,36,0,3,0,10896.0,14321.0,15110.0,13518.714285714286,13620.42857142857
3,2023-09-05,14452,1040,1,1,0,0,b,c,4526,2023,9,36,1,3,0,15008.0,14065.0,13390.0,13642.714285714286,13500.92857142857
3,2023-09-06,13079,974,1,0,0,0,b,c,4526,2023,9,36,2,3,0,14926.0,12660.0,12813.0,13563.285714285714,13538.857142857143
3,2023-09-07,14134,1063,1,1,0,0,b,c,4526,2023,9,36,3,3,0,16017.0,13358.0,12588.0,13299.42857142857,13548.357142857143
3,2023-09-08,12466,1095,1,1,0,0,b,c,4526,2023,9,36,4,3,0,13810.0,15012.0,13107.0,13030.42857142857,13603.57142857143
3,2023-09-09,8821,691,1,0,0,0,b,c,4526,2023,9,36,5,3,1,12758.0,12887.0,14238.0,12838.42857142857,13580.67857142857
3,2023-09-11,13397,995,1,1,0,0,b,c,4526,2023,9,37,0,3,0,11216.0,11825.0,14431.0,12276.0,13387.214285714286
3,2023-09-12,11950,1407,1,0,0,0,b,c,4526,2023,9,37,1,3,0,11764.0,10896.0,12551.0,12587.57142857143,13350.285714285714
3,2023-09-13,12583,1068,1,0,0,0,b,c,4526,2023,9,37,2,3,0,14452.0,15008.0,14508.0,12614.142857142857,13328.82142857143
3,2023-09-14,13515,1352,1,1,0,0,b,c,4526,2023,9,37,3,3,0,13079.0,14926.0,11278.0,12347.142857142857,13260.07142857143
3,2023-09-15,12524,966,1,1,0,0,b,c,4526,2023,9,37,4,3,0,14134.0,16017.0,12454.0,12409.42857142857,13339.964285714286
3,2023-09-16,11547,977,1,1,0,0,b,c,4526,2023,9,37,5,3,1,12466.0,13810.0,14077.0,12179.42857142857,13342.464285714286
3,2023-09-18,13684,1250,1,1,0,0,b,c,4526,2023,9,38,0,3,0,8821.0,12758.0,16382.0,12048.142857142857,13252.107142857143
3,2023-09-19,11596,1225,1,0,0,0,b,c,4526,2023,9,38,1,3,0,13397.0,11216.0,15686.0,12742.857142857143,13155.75
3,2023-09-20,12361,1087,1,0,0,0,b,c,4526,2023,9,38,2,3,0,11950.0,11764.0,14321.0,12485.57142857143,13009.67857142857
3,2023-09-21,11218,1282,1,0,0,0,b,c,4526,2023,9,38,3,3,0,12583.0,14452.0,14065.0,12544.285714285714,12939.67857142857
3,2023-09-22,10464,1044,1,0,0,0,b,c,4526,2023,9,38,4,3,0,13515.0,13079.0,12660.0,12349.285714285714,12838.0
3,2023-09-23,9230,1100,1,0,0,0,b,c,4526,2023,9,38,5,3,1,12524.0,14134.0,13358.0,11913.42857142857,12759.57142857143
3,2023-09-25,12852,1063,1,1,0,0,b,c,4526,2023,9,39,0,3,0,11547.0,12466.0,15012.0,11442.857142857143,12612.142857142857
3,2023-09-26,12343,973,1,0,0,0,b,c,4526,2023,9,39,1,3,0,13684.0,8821.0,12887.0,11629.285714285714,12535.0
3,2023-09-27,12411,1173,1,0,0,0,b,c,4526,2023,9,39,2,3,0,11596.0,13397.0,11825.0,11437.714285714286,12515.57142857143
3,2023-09-28,11325,1228,1,0,0,0,b,c,4526,2023,9,39,3,3,0,12361.0,11950.0,10896.0,11554.142857142857,12536.5
3,2023-09-29,12388,918,1,1,0,0,b,c,4526,2023,9,39,4,3,0,11218.0,12583.0,15008.0,11406.142857142857,12551.82142857143
3,2023-09-30,11652,900,1,1,0,0,b,c,4526,2023,9,39,5,3,1,10464.0,13515.0,14926.0,11573.285714285714,12458.25
3,2023-10-02,10261,1194,1,0,0,0,b,c,4526,2023,10,40,0,4,0,9230.0,12524.0,16017.0,11743.0,12341.32142857143
3,2023-10-03,13743,1712,1,1,0,0,b,c,4526,2023,10,40,1,4,0,12852.0,11547.0,13810.0,11890.285714285714,12135.75
3,2023-10-04,11433,1059,1,0,0,0,b,c,4526,2023,10,40,2,4,0,12343.0,13684.0,12758.0,12017.57142857143,12133.357142857143
3,2023-10-05,11359,1341,1,0,0,0,b,c,4526,2023,10,40,3,4,0,12411.0,11596.0,11216.0,11887.57142857143,12086.035714285714
3,2023-10-06,10986,1063,1,0,0,0,b,c,4526,2023,10,40,4,4,0,11325.0,12361.0,11764.0,11737.285714285714,12091.142857142857
3,2023-10-07,8949,1045,1,0,0,0,b,c,4526,2023,10,40,5,4,1,12388.0,11218.0,14452.0,11688.857142857143,12063.357142857143
3,2023-10-09,11138,1303,1,0,0,0,b,c,4526,2023,10,41,0,4,0,11652.0,10464.0,13079.0,11197.57142857143,11866.82142857143
3,2023-10-10,11572,854,1,0,0,0,b,c,4526,2023,10,41,1,4,0,10261.0,9230.0,14134.0,11124.142857142857,11797.5
3,2023-10-11,13018,1301,1,1,0,0,b,c,4526,2023,10,41,2,4,0,13743.0,12852.0,12466.0,11311.42857142857,11706.0
3,2023-10-12,11796,844,1,0,0,0,b,c,4526,2023,10,41,3,4,0,11433.0,12343.0,8821.0,11207.857142857143,11725.714285714286
3,2023-10-13,9877,1190,1,0,0,0,b,c,4526,2023,10,41,4,4,0,11359.0,12411.0,13397.0,11259.714285714286,11831.964285714286
3,2023-10-14,10959,907,1,1,0,0,b,c,4526,2023,10,41,5,4,1,10986.0,11325.0,11950.0,11048.0,11706.25
3,2023-10-16,12076,1091,1,1,0,0,b,c,4526,2023,10,42,0,4,0,8949.0,12388.0,12583.0,11044.142857142857,11670.857142857143
3,2023-10-17,12229,1083,1,1,0,0,b,c,4526,2023,10,42,1,4,0,11138.0,11652.0,13515.0,11490.857142857143,11652.75
3,2023-10-18,10822,815,1,0,0,0,b,c,4526,2023,10,42,2,4,0,11572.0,10261.0,12524.0,11646.714285714286,11606.82142857143
3,2023-10-19,11029,1286,1,0,0,0,b,c,4526,2023,10,42,3,4,0,13018.0,13743.0,11547.0,11539.57142857143,11546.035714285714
3,2023-10-20,8901,862,1,0,0,0,b,c,4526,2023,10,42,4,4,0,11796.0,11433.0,13684.0,11255.42857142857,11527.535714285714
3,2023-10-21,10617,993,1,1,0,0,b,c,4526,2023,10,42,5,4,1,9877.0,11359.0,11596.0,10841.857142857143,11356.714285714286
3,2023-10-23,11608,1074,1,1,0,0,b,c,4526,2023,10,43,0,4,0,10959.0,10986.0,12361.0,10947.57142857143,11321.75
3,2023-10-24,10170,982,1,0,0,0,b,c,4526,2023,10,43,1,4,0,12076.0,8949.0,11218.0,11040.285714285714,11294.857142857143
3,2023-10-25,12850,1331,1,1,0,0,b,c,4526,2023,10,43,2,4,0,12229.0,11138.0,10464.0,10768.0,11257.42857142857
3,2023-10-26,10042,736,1,0,0,0,b,c,4526,2023,10,43,3,4,0,10822.0,11572.0,9230.0,10856.714285714286,11342.642857142857
3,2023-10-27,9636,807,1,0,0,0,b,c,4526,2023,10,43,4,4,0,11029.0,13018.0,12852.0,10745.285714285714,11371.642857142857
3,2023-10-28,8966,802,1,0,0,0,b,c,4526,2023,10,43,5,4,1,8901.0,11796.0,12343.0,10546.285714285714,11256.785714285714
3,2023-10-30,11007,1041,1,1,0,0,b,c,4526,2023,10,44,0,4,0,10617.0,9877.0,12411.0,10555.57142857143,11136.17857142857
3,2023-10-31,12613,916,1,1,0,0,b,c,4526,2023,10,44,1,4,0,11608.0,10959.0,11325.0,10611.285714285714,11086.035714285714
3,2023-11-01,10728,805,1,0,0,0,b,c,4526,2023,11,44,2,4,0,10170.0,12076.0,12388.0,10754.857142857143,11132.035714285714
3,2023-11-02,12223,1448,1,1,0,0,b,c,4526,2023,11,44,3,4,0,12850.0,12229.0,11652.0,10834.57142857143,11072.75
3,2023-11-03,10041,1109,1,1,0,0,b,c,4526,2023,11,44,4,4,0,10042.0,10822.0,10261.0,10745.0,11093.142857142857
3,2023-11-04,9157,697,1,0,0,0,b,c,4526,2023,11,44,5,4,1,9636.0,11029.0,13743.0,10744.857142857143,11085.285714285714
3,2023-11-06,10113,950,1,1,0,0,b,c,4526,2023,11,45,0,4,0,8966.0,8901.0,11433.0,10676.42857142857,10921.5
3,2023-11-07,10595,991,1,0,0,0,b,c,4526,2023,11,45,1,4,0,11007.0,10617.0,11359.0,10840.285714285714,10874.357142857143
3,2023-11-08,11515,1045,1,0,0,0,b,c,4526,2023,11,45,2,4,0,12613.0,11608.0,10986.0,10781.42857142857,10847.07142857143
3,2023-11-09,10029,756,1,0,0,0,b,c,4526,2023,11,45,3,4,0,10728.0,10170.0,8949.0,10624.57142857143,10865.964285714286
3,2023-11-10,9748,1033,1,0,0,0,b,c,4526,2023,11,45,4,4,0,12223.0,12850.0,11138.0,10524.714285714286,10904.535714285714
3,2023-11-11,9060,771,1,1,0,0,b,c,4526,2023,11,45,5,4,1,10041.0,10042.0,11572.0,10171.142857142857,10854.892857142857
3,2023-11-13,9396,719,1,0,0,0,b,c,4526,2023,11,46,0,4,0,9157.0,9636.0,13018.0,10031.0,10765.17857142857
3,2023-11-14,9865,950,1,0,0,0,b,c,4526,2023,11,46,1,4,0,10113.0,8966.0,11796.0,10065.142857142857,10635.82142857143
3,2023-11-15,12367,962,1,1,0,0,b,c,4526,2023,11,46,2,4,0,10595.0,11007.0,9877.0,10029.714285714286,10566.857142857143
3,2023-11-16,9118,766,1,0,0,0,b,c,4526,2023,11,46,3,4,0,11515.0,12613.0,10959.0,10282.857142857143,10655.785714285714
3,2023-11-17,9693,775,1,1,0,0,b,c,4526,2023,11,46,4,4,0,10029.0,10728.0,12076.0,9940.42857142857,10590.035714285714
3,2023-11-18,7750,886,1,0,0,0,b,c,4526,2023,11,46,5,4,1,9748.0,12223.0,12229.0,9892.42857142857,10504.92857142857
3,2023-11-20,11701,853,1,1,0,0,b,c,4526,2023,11,47,0,4,0,9060.0,10041.0,10822.0,9607.0,10344.964285714286
3,2023-11-21,12956,953,1,1,0,0,b,c,4526,2023,11,47,1,4,0,9396.0,9157.0,11029.0,9984.285714285714,10376.357142857143
3,2023-11-22,10813,1082,1,0,0,0,b,c,4526,2023,11,47,2,4,0,9865.0,10113.0,8901.0,10492.857142857143,10445.17857142857
3,2023-11-23,11111,1030,1,1,0,0,b,c,4526,2023,11,47,3,4,0,12367.0,10595.0,10617.0,10628.285714285714,10513.464285714286
3,2023-11-24,8950,1006,1,0,0,0,b,c,4526,2023,11,47,4,4,0,9118.0,11515.0,11608.0,10448.857142857143,10531.107142857143
3,2023-11-25,10194,1115,1,1,0,0,b,c,4526,2023,11,47,5,4,1,9693.0,10029.0,10170.0,10424.857142857143,10436.17857142857
3,2023-11-27,8762,1075,1,0,0,0,b,c,4526,2023,11,48,0,4,0,7750.0,9748.0,12850.0,10496.42857142857,10437.035714285714
3,2023-11-28,12814,1541,1,1,0,0,b,c,4526,2023,11,48,1,4,0,11701.0,9060.0,10042.0,10641.0,10291.035714285714
3,2023-11-29,10796,1278,1,0,0,0,b,c,4526,2023,11,48,2,4,0,12956.0,9396.0,9636.0,10800.0,10390.035714285714
3,2023-11-30,10019,858,1,0,0,0,b,c,4526,2023,11,48,3,4,0,10813.0,9865.0,8966.0,10491.42857142857,10431.464285714286
3,2023-12-01,9523,988,1,0,0,0,b,c,4526,2023,12,48,4,4,0,11111.0,12367.0,11007.0,10378.0,10469.07142857143
3,2023-12-02,6907,762,1,0,0,0,b,c,4526,2023,12,48,5,4,1,8950.0,9118.0,12613.0,10151.142857142857,10416.07142857143
3,2023-12-04,10897,874,1,1,0,0,b,c,4526,2023,12,49,0,4,0,10194.0,9693.0,10728.0,9859.285714285714,10212.285714285714
3,2023-12-05,10635,766,1,1,0,0,b,c,4526,2023,12,49,1,4,0,8762.0,7750.0,12223.0,9959.714285714286,10218.32142857143
3,2023-12-06,11424,1164,1,1,0,0,b,c,4526,2023,12,49,2,4,0,12814.0,11701.0,10041.0,10227.285714285714,10161.607142857143
3,2023-12-07,10625,1006,1,1,0,0,b,c,4526,2023,12,49,3,4,0,10796.0,12956.0,9157.0,10028.714285714286,10211.0
3,2023-12-08,8828,1018,1,0,0,0,b,c,4526,2023,12,49,4,4,0,10019.0,10813.0,10113.0,10004.285714285714,10263.42857142857
3,2023-12-09,9844,704,1,1,0,0,b,c,4526,2023,12,49,5,4,1,9523.0,11111.0,10595.0,9834.142857142857,10217.535714285714
3,2023-12-11,8351,770,1,0,0,0,b,c,4526,2023,12,50,0,4,0,6907.0,8950.0,11515.0,9880.0,10190.714285714286
3,2023-12-12,11887,1177,1,1,0,0,b,c,4526,2023,12,50,1,4,0,10897.0,10194.0,10029.0,10086.285714285714,10077.714285714286
3,2023-12-13,10325,892,1,0,0,0,b,c,4526,2023,12,50,2,4,0,10635.0,8762.0,9748.0,10227.714285714286,10144.07142857143
3,2023-12-14,11370,1182,1,1,0,0,b,c,4526,2023,12,50,3,4,0,11424.0,12814.0,9060.0,10183.42857142857,10164.67857142857
3,2023-12-15,9822,817,1,1,0,0,b,c,4526,2023,12,50,4,4,0,10625.0,10796.0,9396.0,10175.714285714286,10247.17857142857
3,2023-12-16,6557,679,1,0,0,0,b,c,4526,2023,12,50,5,4,1,8828.0,10019.0,9865.0,10061.0,10262.392857142857
3,2023-12-18,9081,1045,1,0,0,0,b,c,4526,2023,12,51,0,4,0,9844.0,9523.0,12367.0,9736.57142857143,10144.25
3,2023-12-19,9930,1152,1,0,0,0,b,c,4526,2023,12,51,1,4,0,8351.0,6907.0,9118.0,9627.57142857143,10026.892857142857
3,2023-12-20,12493,1076,1,1,0,0,b,c,4526,2023,12,51,2,4,0,11887.0,10897.0,9693.0,9853.142857142857,10055.892857142857
3,2023-12-21,10373,956,1,1,0,0,b,c,4526,2023,12,51,3,4,0,10325.0,10635.0,7750.0,9939.714285714286,10155.892857142857
3,2023-12-22,10226,1251,1,1,0,0,b,c,4526,2023,12,51,4,4,0,11370.0,11424.0,11701.0,9946.57142857143,10249.57142857143
3,2023-12-23,7181,678,1,0,0,0,b,c,4526,2023,12,51,5,4,1,9822.0,10625.0,12956.0,9783.142857142857,10196.892857142857
3,2023-12-26,9204,1042,1,0,0,0,b,c,4526,2023,12,52,1,4,0,6557.0,8828.0,10813.0,9405.857142857143,9990.642857142857
3,2023-12-27,10630,1315,1,1,0,0,b,c,4526,2023,12,52,2,4,0,9081.0,9844.0,11111.0,9784.0,9933.17857142857
3,2023-12-28,9578,925,1,0,0,0,b,c,4526,2023,12,52,3,4,0,9930.0,8351.0,8950.0,10005.285714285714,9916.0
3,2023-12-29,8952,793,1,0,0,0,b,c,4526,2023,12,52,4,4,0,12493.0,11887.0,10194.0,9955.0,9938.42857142857
3,2023-12-30,6533,649,1,0,0,0,b,c,4526,2023,12,52,5,4,1,10373.0,10325.0,8762.0,9449.142857142857,9894.07142857143
4,2020-02-04,6462,717,1,1,0,0,c,a,8422,2020,2,6,1,1,0,4694.0,3804.0,4548.0,5032.428571428572,4939.857142857143
4,2020-02-05,6938,504,1,1,0,0,c,a,8422,2020,2,6,2,1,0,5704.0,4086.0,4050.0,5285.0,5008.214285714285
4,2020-02-06,5102,373,1,0,0,0,c,a,8422,2020,2,6,3,1,0,5434.0,4479.0,4690.0,5461.285714285715,5111.357142857143
4,2020-02-07,5780,621,1,1,0,0,c,a,8422,2020,2,6,4,1,0,5064.0,5095.0,4021.0,5413.857142857143,5126.071428571428
4,2020-02-08,5193,409,1,1,0,0,c,a,8422,2020,2,6,5,1,1,5340.0,4659.0,5988.0,5516.142857142857,5188.892857142857
4,2020-02-10,4268,415,1,0,0,0,c,a,8422,2020,2,7,0,1,0,4500.0,5182.0,5501.0,5495.142857142857,5160.5
4,2020-02-11,6815,511,1,1,0,0,c,a,8422,2020,2,7,1,1,0,4491.0,3622.0,6106.0,5462.0,5116.464285714285
4,2020-02-12,4954,356,1,0,0,0,c,a,8422,2020,2,7,2,1,0,6462.0,4694.0,5325.0,5794.0,5141.785714285715
4,2020-02-13,5107,372,1,1,0,0,c,a,8422,2020,2,7,3,1,0,6938.0,5704.0,3788.0,5578.571428571428,5128.535714285715
4,2020-02-14,4426,448,1,0,0,0,c,a,8422,2020,2,7,4,1,0,5102.0,5434.0,5868.0,5317.0,5175.642857142857
4,2020-02-15,4042,290,1,0,0,0,c,a,8422,2020,2,7,5,1,1,5780.0,5064.0,5239.0,5220.428571428572,5124.142857142857
4,2020-02-17,5201,521,1,1,0,0,c,a,8422,2020,2,8,0,1,0,5193.0,5340.0,6436.0,4972.142857142857,5081.392857142857
4,2020-02-18,5386,409,1,0,0,0,c,a,8422,2020,2,8,1,1,0,4268.0,4500.0,5410.0,4973.285714285715,5037.285714285715
4,2020-02-19,5523,512,1,0,0,0,c,a,8422,2020,2,8,2,1,0,6815.0,4491.0,5192.0,5133.0,5036.428571428572
4,2020-02-20,4841,360,1,0,0,0,c,a,8422,2020,2,8,3,1,0,4954.0,6462.0,3804.0,4948.428571428572,5048.25
4,2020-02-21,4812,348,1,1,0,0,c,a,8422,2020,2,8,4,1,0,5107.0,6938.0,4086.0,4932.285714285715,5085.285714285715
4,2020-02-22,5185,452,1,1,0,0,c,a,8422,2020,2,8,5,1,1,4426.0,5102.0,4479.0,4890.142857142857,5111.214285714285
4,2020-02-24,5822,488,1,1,0,0,c,a,8422,2020,2,9,0,1,0,4042.0,5780.0,5095.0,4998.571428571428,5136.428571428572
4,2020-02-25,5754,550,1,0,0,0,c,a,8422,2020,2,9,1,1,0,5201.0,5193.0,4659.0,5252.857142857143,5162.392857142857
4,2020-02-26,6767,735,1,1,0,0,c,a,8422,2020,2,9,2,1,0,5386.0,4268.0,5182.0,5331.857142857143,5201.5
4,2020-02-27,6576,480,1,1,0,0,c,a,8422,2020,2,9,3,1,0,5523.0,6815.0,3622.0,5529.142857142857,5258.107142857143
4,2020-02-28,5549,660,1,1,0,0,c,a,8422,2020,2,9,4,1,0,4841.0,4954.0,4694.0,5679.571428571428,5363.607142857143
4,2020-02-29,5299,469,1,1,0,0,c,a,8422,2020,2,9,5,1,1,4812.0,5107.0,5704.0,5780.714285714285,5394.142857142857
4,2020-03-02,6099,555,1,1,0,0,c,a,8422,2020,3,10,0,1,0,5185.0,4426.0,5434.0,5850.285714285715,5379.678571428572
4,2020-03-03,6057,557,1,0,0,0,c,a,8422,2020,3,10,1,1,0,5822.0,4042.0,5064.0,5980.857142857143,5403.428571428572
4,2020-03-04,6684,631,1,1,0,0,c,a,8422,2020,3,10,2,1,0,5754.0,5201.0,5340.0,6014.428571428572,5438.892857142857
4,2020-03-05,5185,472,1,0,0,0,c,a,8422,2020,3,10,3,1,0,6767.0,5386.0,4500.0,6147.285714285715,5486.892857142857
4,2020-03-06,4734,367,1,0,0,0,c,a,8422,2020,3,10,4,1,0,6576.0,5523.0,4491.0,5921.285714285715,5511.357142857143
4,2020-03-07,4066,298,1,0,0,0,c,a,8422,2020,3,10,5,1,1,5549.0,4841.0,6462.0,5658.142857142857,5520.035714285715
4,2020-03-09,6234,472,1,1,0,0,c,a,8422,2020,3,11,0,1,0,5299.0,4812.0,6938.0,5446.285714285715,5434.464285714285
4,2020-03-10,6569,687,1,1,0,0,c,a,8422,2020,3,11,1,1,0,6099.0,5185.0,5102.0,5579.857142857143,5409.321428571428
4,2020-03-11,6911,645,1,1,0,0,c,a,8422,2020,3,11,2,1,0,6057.0,5822.0,5780.0,5647.0,5461.714285714285
4,2020-03-12,5525,456,1,0,0,0,c,a,8422,2020,3,11,3,1,0,6684.0,5754.0,5193.0,5769.0,5502.107142857143
4,2020-03-13,4961,360,1,0,0,0,c,a,8422,2020,3,11,4,1,0,5185.0,6767.0,4268.0,5603.428571428572,5513.964285714285
4,2020-03-14,4397,427,1,0,0,0,c,a,8422,2020,3,11,5,1,1,4734.0,6576.0,6815.0,5571.428571428572,5538.714285714285
4,2020-03-16,6408,515,1,1,0,0,c,a,8422,2020,3,12,0,1,0,4066.0,5549.0,4954.0,5523.285714285715,5452.357142857143
4,2020-03-17,5911,527,1,0,0,0,c,a,8422,2020,3,12,1,1,0,6234.0,5299.0,5107.0,5857.857142857143,5504.285714285715
4,2020-03-18,6408,652,1,1,0,0,c,a,8422,2020,3,12,2,1,0,6569.0,6099.0,4426.0,5811.714285714285,5533.0
4,2020-03-19,5460,476,1,0,0,0,c,a,8422,2020,3,12,3,1,0,6911.0,6057.0,4042.0,5788.714285714285,5603.785714285715
4,2020-03-20,5901,676,1,1,0,0,c,a,8422,2020,3,12,4,1,0,5525.0,6684.0,5201.0,5581.428571428572,5654.428571428572
4,2020-03-21,4177,403,1,0,0,0,c,a,8422,2020,3,12,5,1,1,4961.0,5185.0,5386.0,5635.142857142857,5679.428571428572
4,2020-03-23,5571,614,1,0,0,0,c,a,8422,2020,3,13,0,1,0,4397.0,4734.0,5523.0,5523.142857142857,5636.25
4,2020-03-24,6106,502,1,0,0,0,c,a,8422,2020,3,13,1,1,0,6408.0,4066.0,4841.0,5690.857142857143,5637.964285714285
4,2020-03-25,6351,520,1,0,0,0,c,a,8422,2020,3,13,2,1,0,5911.0,6234.0,4812.0,5647.714285714285,5683.142857142857
4,2020-03-26,6356,556,1,1,0,0,c,a,8422,2020,3,13,3,1,0,6408.0,6569.0,5185.0,5710.571428571428,5738.107142857143
4,2020-03-27,5489,484,1,0,0,0,c,a,8422,2020,3,13,4,1,0,5460.0,6911.0,5822.0,5703.142857142857,5779.928571428572
4,2020-03-28,4992,546,1,0,0,0,c,a,8422,2020,3,13,5,1,1,5901.0,5525.0,5754.0,5707.285714285715,5768.035714285715
4,2020-03-30,5857,555,1,0,0,0,c,a,8422,2020,3,14,0,1,0,4177.0,4961.0,6767.0,5577.428571428572,5740.821428571428
4,2020-03-31,5740,559,1,0,0,0,c,a,8422,2020,3,14,1,1,0,5571.0,4397.0,6576.0,5817.428571428572,5708.321428571428
4,2020-04-01,6755,687,1,1,0,0,c,a,8422,2020,4,14,2,2,0,6106.0,6408.0,5549.0,5841.571428571428,5678.464285714285
4,2020-04-02,5908,662,1,0,0,0,c,a,8422,2020,4,14,3,2,0,6351.0,5911.0,5299.0,5934.285714285715,5721.535714285715
4,2020-04-03,5974,668,1,1,0,0,c,a,8422,2020,4,14,4,2,0,6356.0,6408.0,6099.0,5871.0,5743.285714285715
4,2020-04-04,5615,440,1,1,0,0,c,a,8422,2020,4,14,5,2,1,5489.0,5460.0,6057.0,5816.428571428572,5738.821428571428
4,2020-04-06,4900,429,1,0,0,0,c,a,8422,2020,4,15,0,2,0,4992.0,5901.0,6684.0,5834.428571428572,5723.035714285715
4,2020-04-07,6558,770,1,1,0,0,c,a,8422,2020,4,15,1,2,0,5857.0,4177.0,5185.0,5821.285714285715,5659.321428571428
4,2020-04-08,7653,578,1,1,0,0,c,a,8422,2020,4,15,2,2,0,5740.0,5571.0,4734.0,5921.428571428572,5708.357142857143
4,2020-04-09,7433,701,1,1,0,0,c,a,8422,2020,4,15,3,2,0,6755.0,6106.0,4066.0,6194.714285714285,5812.607142857143
4,2020-04-11,6336,627,1,1,0,0,c,a,8422,2020,4,15,5,2,1,5908.0,6351.0,6234.0,6291.571428571428,5932.857142857143
4,2020-04-13,5725,617,1,0,0,0,c,a,8422,2020,4,16,0,2,0,5974.0,6356.0,6569.0,6352.714285714285,5936.5
4,2020-04-14,6888,523,1,0,0,0,c,a,8422,2020,4,16,1,2,0,5615.0,5489.0,6911.0,6317.142857142857,5906.357142857143
4,2020-04-15,6761,638,1,1,0,0,c,a,8422,2020,4,16,2,2,0,4900.0,4992.0,5525.0,6499.0,5905.535714285715
4,2020-04-16,6511,606,1,0,0,0,c,a,8422,2020,4,16,3,2,0,6558.0,5857.0,4961.0,6764.857142857143,5949.678571428572
4,2020-04-17,6095,752,1,1,0,0,c,a,8422,2020,4,16,4,2,0,7653.0,5740.0,4397.0,6758.142857142857,6005.035714285715
4,2020-04-18,4774,585,1,0,0,0,c,a,8422,2020,4,16,5,2,1,7433.0,6755.0,6408.0,6535.571428571428,6065.678571428572
4,2020-04-20,7362,640,1,1,0,0,c,a,8422,2020,4,17,0,2,0,6336.0,5908.0,5911.0,6155.714285714285,6007.321428571428
4,2020-04-21,6498,585,1,0,0,0,c,a,8422,2020,4,17,1,2,0,5725.0,5974.0,6408.0,6302.285714285715,6059.142857142857
4,2020-04-22,7712,571,1,1,0,0,c,a,8422,2020,4,17,2,2,0,6888.0,5615.0,5460.0,6412.714285714285,6062.357142857143
4,2020-04-23,6034,513,1,0,0,0,c,a,8422,2020,4,17,3,2,0,6761.0,4900.0,5901.0,6530.428571428572,6142.785714285715
4,2020-04-24,7338,743,1,1,0,0,c,a,8422,2020,4,17,4,2,0,6511.0,6558.0,4177.0,6426.571428571428,6147.535714285715
4,2020-04-25,5424,451,1,0,0,0,c,a,8422,2020,4,17,5,2,1,6095.0,7653.0,5571.0,6544.714285714285,6260.428571428572
4,2020-04-27,6527,769,1,1,0,0,c,a,8422,2020,4,18,0,2,0,4774.0,7433.0,6106.0,6448.857142857143,6255.178571428572
4,2020-04-28,6544,638,1,0,0,0,c,a,8422,2020,4,18,1,2,0,7362.0,6336.0,6351.0,6699.285714285715,6270.214285714285
4,2020-04-29,6442,462,1,0,0,0,c,a,8422,2020,4,18,2,2,0,6498.0,5725.0,6356.0,6582.428571428572,6277.107142857143
4,2020-04-30,6953,824,1,1,0,0,c,a,8422,2020,4,18,3,2,0,7712.0,6888.0,5489.0,6574.428571428572,6280.178571428572
4,2020-05-01,7130,709,1,1,0,0,c,a,8422,2020,5,18,4,2,0,6034.0,6761.0,4992.0,6466.0,6332.464285714285
4,2020-05-02,5606,419,1,0,0,0,c,a,8422,2020,5,18,5,2,1,7338.0,6511.0,5857.0,6622.571428571428,6408.821428571428
4,2020-05-04,5949,433,1,0,0,0,c,a,8422,2020,5,19,0,2,0,5424.0,6095.0,5740.0,6375.142857142857,6399.857142857143
4,2020-05-05,6348,557,1,0,0,0,c,a,8422,2020,5,19,1,2,0,6527.0,4774.0,6755.0,6450.142857142857,6407.321428571428
4,2020-05-06,6459,575,1,0,0,0,c,a,8422,2020,5,19,2,2,0,6544.0,7362.0,5908.0,6424.571428571428,6392.785714285715
4,2020-05-07,7388,890,1,1,0,0,c,a,8422,2020,5,19,3,2,0,6442.0,6498.0,5974.0,6412.428571428572,6412.464285714285
4,2020-05-08,7332,623,1,1,0,0,c,a,8422,2020,5,19,4,2,0,6953.0,7712.0,5615.0,6547.571428571428,6462.964285714285
4,2020-05-09,6141,585,1,0,0,0,c,a,8422,2020,5,19,5,2,1,7130.0,6034.0,4900.0,6601.714285714285,6524.285714285715
4,2020-05-11,7203,887,1,1,0,0,c,a,8422,2020,5,20,0,2,0,5606.0,7338.0,6558.0,6460.428571428572,6568.607142857143
4,2020-05-12,7200,685,1,1,0,0,c,a,8422,2020,5,20,1,2,0,5949.0,5424.0,7653.0,6688.571428571428,6591.642857142857
4,2020-05-13,7304,635,1,0,0,0,c,a,8422,2020,5,20,2,2,0,6348.0,6527.0,7433.0,6867.285714285715,6575.464285714285
4,2020-05-14,7162,733,1,1,0,0,c,a,8422,2020,5,20,3,2,0,6459.0,6544.0,6336.0,7003.857142857143,6570.857142857143
4,2020-05-15,6627,550,1,1,0,0,c,a,8422,2020,5,20,4,2,0,7388.0,6442.0,5725.0,7104.285714285715,6600.357142857143
4,2020-05-16,6137,511,1,1,0,0,c,a,8422,2020,5,20,5,2,1,7332.0,6953.0,6888.0,6995.571428571428,6632.571428571428
4,2020-05-18,7581,862,1,1,0,0,c,a,8422,2020,5,21,0,2,0,6141.0,7130.0,6761.0,6824.857142857143,6605.75
4,2020-05-19,7837,694,1,1,0,0,c,a,8422,2020,5,21,1,2,0,7203.0,5606.0,6511.0,7030.571428571428,6635.035714285715
4,2020-05-20,7090,790,1,0,0,0,c,a,8422,2020,5,21,2,2,0,7200.0,5949.0,6095.0,7121.142857142857,6682.392857142857
4,2020-05-21,6073,706,1,0,0,0,c,a,8422,2020,5,21,3,2,0,7304.0,6348.0,4774.0,7105.428571428572,6717.928571428572
4,2020-05-22,7092,543,1,1,0,0,c,a,8422,2020,5,21,4,2,0,7162.0,6459.0,7362.0,6929.571428571428,6764.321428571428
4,2020-05-23,6568,778,1,1,0,0,c,a,8422,2020,5,21,5,2,1,6627.0,7388.0,6498.0,6919.571428571428,6754.678571428572
4,2020-05-25,7606,633,1,1,0,0,c,a,8422,2020,5,22,0,2,0,6137.0,7332.0,7712.0,6911.142857142857,6757.178571428572
4,2020-05-26,7669,701,1,0,0,0,c,a,8422,2020,5,22,1,2,0,7581.0,6141.0,6034.0,7121.0,6753.392857142857
4,2020-05-27,7236,659,1,0,0,0,c,a,8422,2020,5,22,2,2,0,7837.0,7203.0,7338.0,7133.571428571428,6811.785714285715
4,2020-05-28,6562,605,1,0,0,0,c,a,8422,2020,5,22,3,2,0,7090.0,7200.0,5424.0,7047.714285714285,6808.142857142857
4,2020-05-29,7428,687,1,1,0,0,c,a,8422,2020,5,22,4,2,0,6073.0,7304.0,6527.0,6972.285714285715,6848.785714285715
4,2020-05-30,7268,704,1,1,0,0,c,a,8422,2020,5,22,5,2,1,7092.0,7162.0,6544.0,7165.857142857143,6880.964285714285
4,2020-06-01,6768,583,1,0,0,0,c,a,8422,2020,6,23,0,2,0,6568.0,6627.0,6442.0,7191.0,6906.821428571428
4,2020-06-02,7319,577,1,1,0,0,c,a,8422,2020,6,23,1,2,0,7606.0,6137.0,6953.0,7219.571428571428,6918.464285714285
4,2020-06-03,7526,540,1,0,0,0,c,a,8422,2020,6,23,2,2,0,7669.0,7581.0,7130.0,7178.571428571428,6931.535714285715
4,2020-06-04,7221,557,1,0,0,0,c,a,8422,2020,6,23,3,2,0,7236.0,7837.0,5606.0,7158.142857142857,6945.678571428572
4,2020-06-05,7435,627,1,1,0,0,c,a,8422,2020,6,23,4,2,0,6562.0,7090.0,5949.0,7156.0,7003.357142857143
4,2020-06-06,7171,581,1,1,0,0,c,a,8422,2020,6,23,5,2,1,7428.0,6073.0,6348.0,7280.714285714285,7056.428571428572
4,2020-06-08,7445,878,1,0,0,0,c,a,8422,2020,6,24,0,2,0,7268.0,7092.0,6459.0,7244.0,7085.821428571428
4,2020-06-09,6977,702,1,0,0,0,c,a,8422,2020,6,24,1,2,0,6768.0,6568.0,7388.0,7269.285714285715,7121.035714285715
4,2020-06-10,8118,903,1,1,0,0,c,a,8422,2020,6,24,2,2,0,7319.0,7606.0,7332.0,7299.142857142857,7106.357142857143
4,2020-06-11,6842,524,1,0,0,0,c,a,8422,2020,6,24,3,2,0,7526.0,7669.0,6141.0,7413.285714285715,7134.428571428572
4,2020-06-12,6541,471,1,0,0,0,c,a,8422,2020,6,24,4,2,0,7221.0,7236.0,7203.0,7315.571428571428,7159.464285714285
4,2020-06-13,6574,734,1,0,0,0,c,a,8422,2020,6,24,5,2,1,7435.0,6562.0,7200.0,7218.428571428572,7135.821428571428
4,2020-06-15,6927,813,1,0,0,0,c,a,8422,2020,6,25,0,2,0,7171.0,7428.0,7304.0,7095.428571428572,7113.464285714285
4,2020-06-16,6828,519,1,0,0,0,c,a,8422,2020,6,25,1,2,0,7445.0,7268.0,7162.0,7060.571428571428,7100.0
4,2020-06-17,8387,619,1,1,0,0,c,a,8422,2020,6,25,2,2,0,6977.0,6768.0,6627.0,6972.428571428572,7088.071428571428
4,2020-06-18,7034,741,1,0,0,0,c,a,8422,2020,6,25,3,2,0,8118.0,7319.0,6137.0,7173.857142857143,7150.928571428572
4,2020-06-19,6612,623,1,0,0,0,c,a,8422,2020,6,25,4,2,0,6842.0,7526.0,7581.0,7019.0,7182.964285714285
4,2020-06-20,6166,453,1,0,0,0,c,a,8422,2020,6,25,5,2,1,6541.0,7221.0,7837.0,6986.142857142857,7148.357142857143
4,2020-06-22,6664,611,1,0,0,0,c,a,8422,2020,6,26,0,2,0,6574.0,7435.0,7090.0,6932.571428571428,7088.678571428572
4,2020-06-23,7256,624,1,0,0,0,c,a,8422,2020,6,26,1,2,0,6927.0,7171.0,6073.0,6945.428571428572,7073.464285714285
4,2020-06-24,8677,725,1,1,0,0,c,a,8422,2020,6,26,2,2,0,6828.0,7445.0,7092.0,6992.428571428572,7115.714285714285
4,2020-06-25,7884,885,1,1,0,0,c,a,8422,2020,6,26,3,2,0,8387.0,6977.0,6568.0,7256.571428571428,7172.321428571428
4,2020-06-26,7255,827,1,1,0,0,c,a,8422,2020,6,26,4,2,0,7034.0,8118.0,7606.0,7184.714285714285,7219.321428571428
4,2020-06-27,5866,440,1,0,0,0,c,a,8422,2020,6,26,5,2,1,6612.0,6842.0,7669.0,7216.285714285715,7206.785714285715
4,2020-06-29,7056,602,1,0,0,0,c,a,8422,2020,6,27,0,2,0,6166.0,6541.0,7236.0,7109.714285714285,7142.392857142857
4,2020-06-30,8104,872,1,1,0,0,c,a,8422,2020,6,27,1,2,0,6664.0,6574.0,6562.0,7236.857142857143,7135.964285714285
4,2020-07-01,9405,1079,1,1,0,1,c,a,8422,2020,7,27,2,3,0,7256.0,6927.0,7428.0,7442.571428571428,7191.035714285715
4,2020-07-02,7629,863,1,0,0,1,c,a,8422,2020,7,27,3,3,0,8677.0,6828.0,7268.0,7749.571428571428,7261.642857142857
4,2020-07-03,7195,831,1,0,0,1,c,a,8422,2020,7,27,4,3,0,7884.0,8387.0,6768.0,7599.857142857143,7274.535714285715
4,2020-07-04,7199,870,1,1,0,1,c,a,8422,2020,7,27,5,3,1,7255.0,7034.0,7319.0,7501.428571428572,7289.785714285715
4,2020-07-06,7375,679,1,0,0,1,c,a,8422,2020,7,28,0,3,0,5866.0,6612.0,7526.0,7493.428571428572,7285.5
4,2020-07-07,7939,680,1,0,0,1,c,a,8422,2020,7,28,1,3,0,7056.0,6166.0,7221.0,7709.0,7280.107142857143
4,2020-07-08,8153,767,1,0,0,1,c,a,8422,2020,7,28,2,3,0,8104.0,6664.0,7435.0,7835.142857142857,7305.75
4,2020-07-09,6970,516,1,0,0,1,c,a,8422,2020,7,28,3,3,0,9405.0,7256.0,7171.0,7842.142857142857,7331.392857142857
4,2020-07-10,7866,925,1,1,0,1,c,a,8422,2020,7,28,4,3,0,7629.0,8677.0,7445.0,7494.285714285715,7324.214285714285
4,2020-07-11,7262,621,1,1,0,1,c,a,8422,2020,7,28,5,3,1,7195.0,7884.0,6977.0,7528.142857142857,7339.25
4,2020-07-13,7713,884,1,0,0,1,c,a,8422,2020,7,29,0,3,0,7199.0,7255.0,8118.0,7537.714285714285,7349.428571428572
4,2020-07-14,7668,769,1,0,0,1,c,a,8422,2020,7,29,1,3,0,7375.0,5866.0,6842.0,7611.142857142857,7334.964285714285
4,2020-07-15,8153,673,1,0,0,1,c,a,8422,2020,7,29,2,3,0,7939.0,7056.0,6541.0,7653.0,7364.464285714285
4,2020-07-16,7719,568,1,1,0,1,c,a,8422,2020,7,29,3,3,0,8153.0,8104.0,6574.0,7683.571428571428,7422.035714285715
4,2020-07-17,7846,623,1,1,0,1,c,a,8422,2020,7,29,4,3,0,6970.0,9405.0,6927.0,7621.571428571428,7462.928571428572
4,2020-07-18,6310,559,1,0,0,1,c,a,8422,2020,7,29,5,3,1,7866.0,7629.0,6828.0,7746.714285714285,7495.75
4,2020-07-20,7006,863,1,0,0,1,c,a,8422,2020,7,30,0,3,0,7262.0,7195.0,8387.0,7524.428571428572,7477.25
4,2020-07-21,7401,575,1,0,0,1,c,a,8422,2020,7,30,1,3,0,7713.0,7199.0,7034.0,7487.857142857143,7427.928571428572
4,2020-07-22,8946,701,1,1,0,1,c,a,8422,2020,7,30,2,3,0,7668.0,7375.0,6612.0,7443.285714285715,7441.035714285715
4,2020-07-23,8649,719,1,1,0,1,c,a,8422,2020,7,30,3,3,0,8153.0,7939.0,6166.0,7625.857142857143,7524.392857142857
4,2020-07-24,7030,567,1,1,0,1,c,a,8422,2020,7,30,4,3,0,7719.0,8153.0,6664.0,7696.714285714285,7613.071428571428
4,2020-07-25,6494,576,1,0,0,1,c,a,8422,2020,7,30,5,3,1,7846.0,6970.0,7256.0,7598.285714285715,7626.142857142857
4,2020-07-27,6762,753,1,0,0,1,c,a,8422,2020,7,31,0,3,0,6310.0,7866.0,8677.0,7405.142857142857,7598.928571428572
4,2020-07-28,8197,711,1,1,0,1,c,a,8422,2020,7,31,1,3,0,7006.0,7262.0,7884.0,7469.714285714285,7530.535714285715
4,2020-07-29,8511,928,1,1,0,1,c,a,8422,2020,7,31,2,3,0,7401.0,7713.0,7255.0,7639.857142857143,7541.714285714285
4,2020-07-30,7660,617,1,0,0,1,c,a,8422,2020,7,31,3,3,0,8946.0,7668.0,5866.0,7798.428571428572,7586.571428571428
4,2020-07-31,7578,868,1,1,0,1,c,a,8422,2020,7,31,4,3,0,8649.0,8153.0,7056.0,7614.714285714285,7650.642857142857
4,2020-08-01,7234,904,1,1,0,1,c,a,8422,2020,8,31,5,3,1,7030.0,7719.0,8104.0,7461.714285714285,7669.285714285715
4,2020-08-03,7507,616,1,0,0,1,c,a,8422,2020,8,32,0,3,0,6494.0,7846.0,9405.0,7490.857142857143,7638.214285714285
4,2020-08-04,7195,592,1,0,0,1,c,a,8422,2020,8,32,1,3,0,6762.0,6310.0,7629.0,7635.571428571428,7570.428571428572
4,2020-08-05,7541,822,1,0,0,1,c,a,8422,2020,8,32,2,3,0,8197.0,7006.0,7195.0,7697.428571428572,7554.928571428572
4,2020-08-06,9081,940,1,1,0,1,c,a,8422,2020,8,32,3,3,0,8511.0,7401.0,7199.0,7603.714285714285,7567.285714285715
4,2020-08-07,6206,586,1,0,0,1,c,a,8422,2020,8,32,4,3,0,7660.0,8946.0,7375.0,7685.142857142857,7634.5
4,2020-08-08,6063,486,1,0,0,1,c,a,8422,2020,8,32,5,3,1,7578.0,8649.0,7939.0,7477.428571428572,7592.75
4,2020-08-10,8010,598,1,1,0,1,c,a,8422,2020,8,33,0,3,0,7234.0,7030.0,8153.0,7261.0,7525.75
4,2020-08-11,7039,649,1,0,0,1,c,a,8422,2020,8,33,1,3,0,7507.0,6494.0,6970.0,7371.857142857143,7520.642857142857
4,2020-08-12,8255,795,1,1,0,1,c,a,8422,2020,8,33,2,3,0,7195.0,6762.0,7866.0,7305.0,7523.107142857143
4,2020-08-13,7238,517,1,0,0,1,c,a,8422,2020,8,33,3,3,0,7541.0,8197.0,7262.0,7456.428571428572,7537.0
4,2020-08-14,6560,712,1,0,0,1,c,a,8422,2020,8,33,4,3,0,9081.0,8511.0,7713.0,7413.142857142857,7536.142857142857
4,2020-08-15,6237,533,1,0,0,1,c,a,8422,2020,8,33,5,3,1,6206.0,7660.0,7668.0,7053.0,7494.964285714285
4,2020-08-17,7072,505,1,0,0,1,c,a,8422,2020,8,34,0,3,0,6063.0,7578.0,8153.0,7057.428571428572,7443.857142857143
4,2020-08-18,7177,807,1,0,0,1,c,a,8422,2020,8,34,1,3,0,8010.0,7234.0,7719.0,7201.571428571428,7405.25
4,2020-08-19,8155,596,1,1,0,1,c,a,8422,2020,8,34,2,3,0,7039.0,7507.0,7846.0,7082.571428571428,7385.892857142857
4,2020-08-20,7137,607,1,0,0,1,c,a,8422,2020,8,34,3,3,0,8255.0,7195.0,6310.0,7242.0,7396.928571428572
4,2020-08-21,5995,494,1,0,0,1,c,a,8422,2020,8,34,4,3,0,7238.0,7541.0,7006.0,7082.285714285715,7426.464285714285
4,2020-08-22,7192,668,1,1,0,1,c,a,8422,2020,8,34,5,3,1,6560.0,9081.0,7401.0,6904.714285714285,7390.357142857143
4,2020-08-24,6855,495,1,0,0,1,c,a,8422,2020,8,35,0,3,0,6237.0,6206.0,8946.0,6995.0,7382.892857142857
4,2020-08-25,8131,722,1,1,0,1,c,a,8422,2020,8,35,1,3,0,7072.0,6063.0,8649.0,7083.285714285715,7308.214285714285
4,2020-08-26,8310,740,1,1,0,1,c,a,8422,2020,8,35,2,3,0,7177.0,8010.0,7030.0,7234.571428571428,7289.714285714285
4,2020-08-27,6559,511,1,0,0,1,c,a,8422,2020,8,35,3,3,0,8155.0,7039.0,6494.0,7396.428571428572,7335.428571428572
4,2020-08-28,7249,722,1,1,0,1,c,a,8422,2020,8,35,4,3,0,7137.0,8255.0,6762.0,7168.428571428572,7337.75
4,2020-08-29,6705,687,1,1,0,1,c,a,8422,2020,8,35,5,3,1,5995.0,7238.0,8197.0,7184.428571428572,7355.142857142857
4,2020-08-31,6923,509,1,0,0,1,c,a,8422,2020,8,36,0,3,0,7192.0,6560.0,8511.0,7285.857142857143,7301.857142857143
4,2020-09-01,7805,615,1,1,0,0,c,a,8422,2020,9,36,1,3,0,6855.0,6237.0,7660.0,7247.428571428572,7245.142857142857
4,2020-09-02,6679,539,1,0,0,0,c,a,8422,2020,9,36,2,3,0,8131.0,7072.0,7578.0,7383.142857142857,7250.321428571428
4,2020-09-03,6759,521,1,0,0,0,c,a,8422,2020,9,36,3,3,0,8310.0,7177.0,7234.0,7175.714285714285,7218.214285714285
4,2020-09-04,5839,646,1,0,0,0,c,a,8422,2020,9,36,4,3,0,6559.0,8155.0,7507.0,6954.142857142857,7201.25
4,2020-09-05,6198,555,1,1,0,0,c,a,8422,2020,9,36,5,3,1,7249.0,7137.0,7195.0,6851.285714285715,7141.678571428572
4,2020-09-07,7123,725,1,1,0,0,c,a,8422,2020,9,37,0,3,0,6705.0,5995.0,7541.0,6701.142857142857,7106.071428571428
4,2020-09-08,6804,618,1,0,0,0,c,a,8422,2020,9,37,1,3,0,6923.0,7192.0,9081.0,6760.857142857143,7091.142857142857
4,2020-09-09,7607,896,1,1,0,0,c,a,8422,2020,9,37,2,3,0,7805.0,6855.0,6206.0,6743.857142857143,7009.821428571428
4,2020-09-10,7185,812,1,1,0,0,c,a,8422,2020,9,37,3,3,0,6679.0,8131.0,6063.0,6715.571428571428,7059.857142857143
4,2020-09-11,5010,407,1,0,0,0,c,a,8422,2020,9,37,4,3,0,6759.0,8310.0,8010.0,6787.857142857143,7099.928571428572
4,2020-09-12,5780,547,1,0,0,0,c,a,8422,2020,9,37,5,3,1,5839.0,6559.0,7039.0,6538.0,6992.785714285715
4,2020-09-14,5830,582,1,0,0,0,c,a,8422,2020,9,38,0,3,0,6198.0,7249.0,8255.0,6529.571428571428,6947.821428571428
4,2020-09-15,6750,735,1,0,0,0,c,a,8422,2020,9,38,1,3,0,7123.0,6705.0,7238.0,6477.0,6861.214285714285
4,2020-09-16,7714,605,1,1,0,0,c,a,8422,2020,9,38,2,3,0,6804.0,6923.0,6560.0,6423.714285714285,6843.785714285715
4,2020-09-17,7056,587,1,1,0,0,c,a,8422,2020,9,38,3,3,0,7607.0,7805.0,6237.0,6553.714285714285,6885.0
4,2020-09-18,4993,479,1,0,0,0,c,a,8422,2020,9,38,4,3,0,7185.0,6679.0,7072.0,6475.0,6914.25
4,2020-09-19,6383,674,1,1,0,0,c,a,8422,2020,9,38,5,3,1,5010.0,6759.0,7177.0,6161.857142857143,6840.0
4,2020-09-21,6987,511,1,1,0,0,c,a,8422,2020,9,39,0,3,0,5780.0,5839.0,8155.0,6358.0,6811.642857142857
4,2020-09-22,6542,550,1,1,0,0,c,a,8422,2020,9,39,1,3,0,5830.0,6198.0,7137.0,6530.428571428572,6769.928571428572
4,2020-09-23,7350,629,1,1,0,0,c,a,8422,2020,9,39,2,3,0,6750.0,7123.0,5995.0,6632.142857142857,6748.678571428572
4,2020-09-24,6115,757,1,0,0,0,c,a,8422,2020,9,39,3,3,0,7714.0,6804.0,7192.0,6717.857142857143,6797.071428571428
4,2020-09-25,5660,425,1,0,0,0,c,a,8422,2020,9,39,4,3,0,7056.0,7607.0,6855.0,6489.428571428572,6758.607142857143
4,2020-09-26,5430,479,1,1,0,0,c,a,8422,2020,9,39,5,3,1,4993.0,7185.0,8131.0,6290.0,6715.928571428572
4,2020-09-28,5371,457,1,0,0,0,c,a,8422,2020,9,40,0,3,0,6383.0,5010.0,8310.0,6352.428571428572,6619.464285714285
4,2020-09-29,5696,509,1,0,0,0,c,a,8422,2020,9,40,1,3,0,6987.0,5780.0,6559.0,6207.857142857143,6514.5
4,2020-09-30,7585,627,1,1,0,0,c,a,8422,2020,9,40,2,3,0,6542.0,5830.0,7249.0,6023.428571428572,6483.678571428572
4,2020-10-01,6111,705,1,0,0,0,c,a,8422,2020,10,40,3,4,0,7350.0,6750.0,6705.0,6172.428571428572,6495.678571428572
4,2020-10-02,6519,713,1,1,0,0,c,a,8422,2020,10,40,4,4,0,6115.0,7714.0,6923.0,5995.428571428572,6474.464285714285
4,2020-10-03,6498,793,1,1,0,0,c,a,8422,2020,10,40,5,4,1,5660.0,7056.0,7805.0,6053.142857142857,6460.035714285715
4,2020-10-05,5346,612,1,0,0,0,c,a,8422,2020,10,41,0,4,0,5430.0,4993.0,6679.0,6172.857142857143,6413.357142857143
4,2020-10-06,5416,438,1,0,0,0,c,a,8422,2020,10,41,1,4,0,5371.0,6383.0,6759.0,6160.857142857143,6365.75
4,2020-10-07,6345,457,1,1,0,0,c,a,8422,2020,10,41,2,4,0,5696.0,6987.0,5839.0,6167.285714285715,6317.785714285715
4,2020-10-08,6328,696,1,0,0,0,c,a,8422,2020,10,41,3,4,0,7585.0,6542.0,6198.0,6260.0,6335.857142857143
4,2020-10-09,6251,548,1,1,0,0,c,a,8422,2020,10,41,4,4,0,6111.0,7350.0,7123.0,6080.428571428572,6340.5
4,2020-10-10,5440,409,1,1,0,0,c,a,8422,2020,10,41,5,4,1,6519.0,6115.0,6804.0,6100.428571428572,6309.357142857143
4,2020-10-12,6509,528,1,1,0,0,c,a,8422,2020,10,42,0,4,0,6498.0,5660.0,7607.0,5946.285714285715,6260.642857142857
4,2020-10-13,5597,474,1,0,0,0,c,a,8422,2020,10,42,1,4,0,5346.0,5430.0,7185.0,5947.857142857143,6221.428571428572
4,2020-10-14,6164,682,1,0,0,0,c,a,8422,2020,10,42,2,4,0,5416.0,5371.0,5010.0,5983.714285714285,6164.714285714285
4,2020-10-15,5561,521,1,0,0,0,c,a,8422,2020,10,42,3,4,0,6345.0,5696.0,5780.0,6090.571428571428,6205.928571428572
4,2020-10-16,5966,445,1,1,0,0,c,a,8422,2020,10,42,4,4,0,6328.0,7585.0,5830.0,5978.571428571428,6198.107142857143
4,2020-10-17,4450,451,1,0,0,0,c,a,8422,2020,10,42,5,4,1,6251.0,6111.0,6750.0,5926.857142857143,6202.964285714285
4,2020-10-19,6690,771,1,1,0,0,c,a,8422,2020,10,43,0,4,0,5440.0,6519.0,7714.0,5669.571428571428,6120.821428571428
4,2020-10-20,6830,501,1,1,0,0,c,a,8422,2020,10,43,1,4,0,6509.0,6498.0,7056.0,5848.142857142857,6084.25
4,2020-10-21,6781,579,1,0,0,0,c,a,8422,2020,10,43,2,4,0,5597.0,5346.0,4993.0,5894.0,6076.178571428572
4,2020-10-22,6289,488,1,1,0,0,c,a,8422,2020,10,43,3,4,0,6164.0,5416.0,6383.0,6063.142857142857,6140.035714285715
4,2020-10-23,5073,392,1,0,0,0,c,a,8422,2020,10,43,4,4,0,5561.0,6345.0,6987.0,6081.0,6136.678571428572
4,2020-10-24,5426,388,1,1,0,0,c,a,8422,2020,10,43,5,4,1,5966.0,6328.0,6542.0,6011.285714285715,6068.321428571428
4,2020-10-26,6322,602,1,1,0,0,c,a,8422,2020,10,44,0,4,0,4450.0,6251.0,7350.0,5934.142857142857,6028.464285714285
4,2020-10-27,5517,555,1,0,0,0,c,a,8422,2020,10,44,1,4,0,6690.0,5440.0,6115.0,6201.571428571428,5991.75
4,2020-10-28,6897,535,1,1,0,0,c,a,8422,2020,10,44,2,4,0,6830.0,6509.0,5660.0,6034.0,5970.392857142857
4,2020-10-29,5870,516,1,1,0,0,c,a,8422,2020,10,44,3,4,0,6781.0,5597.0,5430.0,6043.571428571428,6014.571428571428
4,2020-10-30,5663,594,1,1,0,0,c,a,8422,2020,10,44,4,4,0,6289.0,6164.0,5371.0,5913.428571428572,6030.285714285715
4,2020-10-31,4909,565,1,1,0,0,c,a,8422,2020,10,44,5,4,1,5073.0,5561.0,5696.0,5824.0,6040.714285714285
4,2020-11-02,5979,610,1,1,0,0,c,a,8422,2020,11,45,0,4,0,5426.0,5966.0,7585.0,5800.571428571428,6012.607142857143
4,2020-11-03,4977,520,1,0,0,0,c,a,8422,2020,11,45,1,4,0,6322.0,4450.0,6111.0,5879.571428571428,5955.25
4,2020-11-04,7114,662,1,1,0,0,c,a,8422,2020,11,45,2,4,0,5517.0,6690.0,6519.0,5687.428571428572,5914.75
4,2020-11-05,5009,444,1,0,0,0,c,a,8422,2020,11,45,3,4,0,6897.0,6830.0,6498.0,5915.571428571428,5936.0
4,2020-11-06,5283,392,1,1,0,0,c,a,8422,2020,11,45,4,4,0,5870.0,6781.0,5346.0,5645.857142857143,5882.821428571428
4,2020-11-07,4129,317,1,0,0,0,c,a,8422,2020,11,45,5,4,1,5663.0,6289.0,5416.0,5562.0,5880.571428571428
4,2020-11-09,4621,341,1,0,0,0,c,a,8422,2020,11,46,0,4,0,4909.0,5073.0,6345.0,5342.857142857143,5834.607142857143
4,2020-11-10,6579,659,1,1,0,0,c,a,8422,2020,11,46,1,4,0,5979.0,5426.0,6328.0,5301.714285714285,5773.035714285715
4,2020-11-11,6033,585,1,0,0,0,c,a,8422,2020,11,46,2,4,0,4977.0,6322.0,6251.0,5387.428571428572,5782.0
4,2020-11-12,4878,425,1,0,0,0,c,a,8422,2020,11,46,3,4,0,7114.0,5517.0,5440.0,5538.285714285715,5774.214285714285
4,2020-11-13,4494,367,1,0,0,0,c,a,8422,2020,11,46,4,4,0,5009.0,6897.0,6509.0,5218.857142857143,5754.142857142857
4,2020-11-14,5122,544,1,1,0,0,c,a,8422,2020,11,46,5,4,1,5283.0,5870.0,5597.0,5145.285714285715,5682.178571428572
4,2020-11-16,5764,522,1,1,0,0,c,a,8422,2020,11,47,0,4,0,4129.0,5663.0,6164.0,5122.285714285715,5665.214285714285
4,2020-11-17,5095,455,1,0,0,0,c,a,8422,2020,11,47,1,4,0,4621.0,4909.0,5561.0,5355.857142857143,5650.928571428572
4,2020-11-18,6766,710,1,1,0,0,c,a,8422,2020,11,47,2,4,0,6579.0,5979.0,5966.0,5423.571428571428,5634.285714285715
4,2020-11-19,4724,516,1,0,0,0,c,a,8422,2020,11,47,3,4,0,6033.0,4977.0,4450.0,5450.285714285715,5662.857142857143
4,2020-11-20,5380,415,1,1,0,0,c,a,8422,2020,11,47,4,4,0,4878.0,7114.0,6690.0,5263.285714285715,5672.642857142857
4,2020-11-21,4350,506,1,0,0,0,c,a,8422,2020,11,47,5,4,1,4494.0,5009.0,6830.0,5335.0,5625.857142857143
4,2020-11-23,5236,550,1,1,0,0,c,a,8422,2020,11,48,0,4,0,5122.0,5283.0,6781.0,5314.428571428572,5537.285714285715
4,2020-11-24,6483,492,1,1,0,0,c,a,8422,2020,11,48,1,4,0,5764.0,4129.0,6289.0,5330.714285714285,5482.107142857143
4,2020-11-25,6501,699,1,1,0,0,c,a,8422,2020,11,48,2,4,0,5095.0,4621.0,5073.0,5433.428571428572,5489.035714285715
4,2020-11-26,5833,701,1,1,0,0,c,a,8422,2020,11,48,3,4,0,6766.0,6579.0,5426.0,5634.285714285715,5540.035714285715
4,2020-11-27,4839,384,1,0,0,0,c,a,8422,2020,11,48,4,4,0,4724.0,6033.0,6322.0,5501.0,5554.571428571428
4,2020-11-28,3961,347,1,0,0,0,c,a,8422,2020,11,48,5,4,1,5380.0,4878.0,5517.0,5517.428571428572,5501.607142857143
4,2020-11-30,5638,661,1,1,0,0,c,a,8422,2020,11,49,0,4,0,4350.0,4494.0,6897.0,5314.714285714285,5446.035714285715
4,2020-12-01,5068,409,1,0,0,0,c,a,8422,2020,12,49,1,4,0,5236.0,5122.0,5870.0,5498.714285714285,5401.071428571428
4,2020-12-02,6500,536,1,1,0,0,c,a,8422,2020,12,49,2,4,0,6483.0,5764.0,5663.0,5474.714285714285,5372.428571428572
4,2020-12-03,5577,627,1,1,0,0,c,a,8422,2020,12,49,3,4,0,6501.0,5095.0,4909.0,5477.142857142857,5402.321428571428
4,2020-12-04,5359,526,1,1,0,0,c,a,8422,2020,12,49,4,4,0,5833.0,6766.0,5979.0,5345.142857142857,5426.178571428572
4,2020-12-05,4286,324,1,0,0,0,c,a,8422,2020,12,49,5,4,1,4839.0,4724.0,4977.0,5277.428571428572,5404.035714285715
4,2020-12-07,5008,613,1,0,0,0,c,a,8422,2020,12,50,0,4,0,3961.0,5380.0,7114.0,5198.428571428572,5379.357142857143
4,2020-12-08,4502,367,1,0,0,0,c,a,8422,2020,12,50,1,4,0,5638.0,4350.0,5009.0,5348.0,5304.142857142857
4,2020-12-09,6631,704,1,1,0,0,c,a,8422,2020,12,50,2,4,0,5068.0,5236.0,5283.0,5185.714285714285,5286.035714285715
4,2020-12-10,4719,435,1,0,0,0,c,a,8422,2020,12,50,3,4,0,6500.0,6483.0,4129.0,5409.0,5334.178571428572
4,2020-12-11,4337,386,1,0,0,0,c,a,8422,2020,12,50,4,4,0,5577.0,6501.0,4621.0,5154.571428571428,5355.25
4,2020-12-12,4004,447,1,0,0,0,c,a,8422,2020,12,50,5,4,1,5359.0,5833.0,6579.0,4977.428571428572,5345.107142857143
4,2020-12-14,4766,369,1,0,0,0,c,a,8422,2020,12,51,0,4,0,4286.0,4839.0,6033.0,4783.857142857143,5253.142857142857
4,2020-12-15,5174,487,1,0,0,0,c,a,8422,2020,12,51,1,4,0,5008.0,3961.0,4878.0,4852.428571428572,5207.892857142857
4,2020-12-16,5200,465,1,0,0,0,c,a,8422,2020,12,51,2,4,0,4502.0,5638.0,4494.0,4876.142857142857,5218.464285714285
4,2020-12-17,4544,383,1,0,0,0,c,a,8422,2020,12,51,3,4,0,6631.0,5068.0,5122.0,4975.857142857143,5243.678571428572
4,2020-12-18,5619,608,1,1,0,0,c,a,8422,2020,12,51,4,4,0,4719.0,6500.0,5764.0,4677.714285714285,5223.035714285715
4,2020-12-19,3649,284,1,0,0,0,c,a,8422,2020,12,51,5,4,1,4337.0,5577.0,5095.0,4806.285714285715,5217.857142857143
4,2020-12-21,5030,420,1,0,0,0,c,a,8422,2020,12,52,0,4,0,4004.0,5359.0,6766.0,4708.0,5166.214285714285
4,2020-12-22,6750,546,1,1,0,0,c,a,8422,2020,12,52,1,4,0,4766.0,4286.0,4724.0,4854.571428571428,5104.214285714285
4,2020-12-23,5932,504,1,1,0,0,c,a,8422,2020,12,52,2,4,0,5174.0,5008.0,5380.0,5138.0,5176.571428571428
4,2020-12-24,5334,387,1,1,0,0,c,a,8422,2020,12,52,3,4,0,5200.0,4502.0,4350.0,5246.285714285715,5196.285714285715
4,2020-12-26,4207,318,1,0,0,0,c,a,8422,2020,12,52,5,4,1,4544.0,6631.0,5236.0,5265.428571428572,5231.428571428572
4,2020-12-28,4917,490,1,1,0,0,c,a,8422,2020,12,53,0,4,0,5619.0,4719.0,6483.0,5217.285714285715,5194.678571428572
4,2020-12-29,4450,319,1,0,0,0,c,a,8422,2020,12,53,1,4,0,3649.0,4337.0,6501.0,5117.0,5138.75
4,2020-12-30,4738,481,1,0,0,0,c,a,8422,2020,12,53,2,4,0,5030.0,4004.0,5833.0,5231.428571428572,5065.5
4,2020-12-31,5234,616,1,0,0,0,c,a,8422,2020,12,53,3,4,0,6750.0,4766.0,4839.0,5189.714285714285,5026.392857142857
4,2021-01-02,3772,273,1,0,0,0,c,a,8422,2021,1,53,5,1,1,5932.0,5174.0,3961.0,4973.142857142857,5040.5
4,2021-01-04,4295,373,1,0,0,0,c,a,8422,2021,1,1,0,1,0,5334.0,5200.0,5638.0,4664.571428571428,5033.75
4,2021-01-05,5507,559,1,0,0,0,c,a,8422,2021,1,1,1,1,0,4207.0,4544.0,5068.0,4516.142857142857,4985.785714285715
4,2021-01-06,5284,567,1,0,0,0,c,a,8422,2021,1,1,2,1,0,4917.0,5619.0,6500.0,4701.857142857143,5001.464285714285
4,2021-01-07,5331,397,1,1,0,0,c,a,8422,2021,1,1,3,1,0,4450.0,3649.0,5577.0,4754.285714285715,4958.035714285715
4,2021-01-08,4445,377,1,0,0,0,c,a,8422,2021,1,1,4,1,0,4738.0,5030.0,5359.0,4880.142857142857,4949.25
4,2021-01-09,3771,345,1,0,0,0,c,a,8422,2021,1,1,5,1,1,5234.0,6750.0,4286.0,4838.285714285715,4916.607142857143
4,2021-01-11,4831,512,1,0,0,0,c,a,8422,2021,1,2,0,1,0,3772.0,5932.0,5008.0,4629.285714285715,4898.214285714285
4,2021-01-12,5442,411,1,0,0,0,c,a,8422,2021,1,2,1,1,0,4295.0,5334.0,4502.0,4780.571428571428,4891.892857142857
4,2021-01-13,4731,414,1,0,0,0,c,a,8422,2021,1,2,2,1,0,5507.0,4207.0,6631.0,4944.428571428572,4925.464285714285
4,2021-01-14,4623,468,1,0,0,0,c,a,8422,2021,1,2,3,1,0,5284.0,4917.0,4719.0,4833.571428571428,4857.607142857143
4,2021-01-15,4946,400,1,1,0,0,c,a,8422,2021,1,2,4,1,0,5331.0,4450.0,4337.0,4739.142857142857,4854.178571428572
4,2021-01-16,4048,381,1,0,0,0,c,a,8422,2021,1,2,5,1,1,4445.0,4738.0,4004.0,4684.142857142857,4875.928571428572
4,2021-01-18,5357,431,1,1,0,0,c,a,8422,2021,1,3,0,1,0,3771.0,5234.0,4766.0,4627.428571428572,4877.5
4,2021-01-19,5645,505,1,1,0,0,c,a,8422,2021,1,3,1,1,0,4831.0,3772.0,5174.0,4854.0,4898.607142857143
4,2021-01-20,4920,490,1,0,0,0,c,a,8422,2021,1,3,2,1,0,5442.0,4295.0,5200.0,4970.285714285715,4915.428571428572
4,2021-01-21,4361,369,1,0,0,0,c,a,8422,2021,1,3,3,1,0,4731.0,5507.0,4544.0,4895.714285714285,4905.428571428572
4,2021-01-22,4364,441,1,0,0,0,c,a,8422,2021,1,3,4,1,0,4623.0,5284.0,5619.0,4842.857142857143,4898.892857142857
4,2021-01-23,4399,415,1,1,0,0,c,a,8422,2021,1,3,5,1,1,4946.0,5331.0,3649.0,4805.857142857143,4854.071428571428
4,2021-01-25,5222,573,1,1,0,0,c,a,8422,2021,1,4,0,1,0,4048.0,4445.0,5030.0,4727.714285714285,4880.857142857143
4,2021-01-26,5064,533,1,0,0,0,c,a,8422,2021,1,4,1,1,0,5357.0,3771.0,6750.0,4895.428571428572,4887.714285714285
4,2021-01-27,6382,458,1,1,0,0,c,a,8422,2021,1,4,2,1,0,5645.0,4831.0,5932.0,4853.571428571428,4827.5
4,2021-01-28,4525,381,1,0,0,0,c,a,8422,2021,1,4,3,1,0,4920.0,5442.0,5334.0,4958.857142857143,4843.571428571428
4,2021-01-29,5322,406,1,1,0,0,c,a,8422,2021,1,4,4,1,0,4361.0,4731.0,4207.0,4902.428571428572,4814.678571428572
4,2021-01-30,4696,404,1,1,0,0,c,a,8422,2021,1,4,5,1,1,4364.0,4623.0,4917.0,5039.714285714285,4854.5
4,2021-02-01,4301,402,1,0,0,0,c,a,8422,2021,2,5,0,1,0,4399.0,4946.0,4450.0,5087.142857142857,4846.607142857143
4,2021-02-02,5754,449,1,1,0,0,c,a,8422,2021,2,5,1,1,0,5222.0,4048.0,4738.0,5073.142857142857,4841.285714285715
4,2021-02-03,6407,513,1,1,0,0,c,a,8422,2021,2,5,2,1,0,5064.0,5357.0,5234.0,5149.142857142857,4877.571428571428
4,2021-02-04,4917,359,1,0,0,0,c,a,8422,2021,2,5,3,1,0,6382.0,5645.0,3772.0,5341.0,4919.464285714285
4,2021-02-05,5288,443,1,1,0,0,c,a,8422,2021,2,5,4,1,0,4525.0,4920.0,4295.0,5131.714285714285,4960.357142857143
4,2021-02-06,5184,504,1,1,0,0,c,a,8422,2021,2,5,5,1,1,5322.0,4361.0,5507.0,5240.714285714285,4995.821428571428
4,2021-02-08,6023,506,1,1,0,0,c,a,8422,2021,2,6,0,1,0,4696.0,4364.0,5284.0,5221.0,4984.285714285715
4,2021-02-09,5734,431,1,1,0,0,c,a,8422,2021,2,6,1,1,0,4301.0,4399.0,5331.0,5410.571428571428,5010.678571428572
4,2021-02-10,5770,636,1,0,0,0,c,a,8422,2021,2,6,2,1,0,5754.0,5222.0,4445.0,5615.285714285715,5025.071428571428
4,2021-02-11,4781,588,1,0,0,0,c,a,8422,2021,2,6,3,1,0,6407.0,5064.0,3771.0,5617.571428571428,5072.392857142857
4,2021-02-12,4941,568,1,0,0,0,c,a,8422,2021,2,6,4,1,0,4917.0,6382.0,4831.0,5385.285714285715,5108.464285714285
4,2021-02-13,4489,522,1,0,0,0,c,a,8422,2021,2,6,5,1,1,5288.0,4525.0,5442.0,5388.714285714285,5112.392857142857
4,2021-02-15,4833,389,1,0,0,0,c,a,8422,2021,2,7,0,1,0,5184.0,5322.0,4731.0,5274.571428571428,5078.357142857143
4,2021-02-16,6079,627,1,1,0,0,c,a,8422,2021,2,7,1,1,0,6023.0,4696.0,4623.0,5224.428571428572,5082.0
4,2021-02-17,6498,651,1,1,0,0,c,a,8422,2021,2,7,2,1,0,5734.0,4301.0,4946.0,5232.428571428572,5134.0
4,2021-02-18,6416,677,1,1,0,0,c,a,8422,2021,2,7,3,1,0,5770.0,5754.0,4048.0,5341.571428571428,5189.428571428572
4,2021-02-19,5607,464,1,1,0,0,c,a,8422,2021,2,7,4,1,0,4781.0,6407.0,5357.0,5433.857142857143,5274.0
4,2021-02-20,5732,696,1,1,0,0,c,a,8422,2021,2,7,5,1,1,4941.0,4917.0,5645.0,5551.857142857143,5282.928571428572
4,2021-02-22,4639,450,1,0,0,0,c,a,8422,2021,2,8,0,1,0,4489.0,5288.0,4920.0,5664.857142857143,5286.035714285715
4,2021-02-23,5257,408,1,0,0,0,c,a,8422,2021,2,8,1,1,0,4833.0,5184.0,4361.0,5686.285714285715,5276.0
4,2021-02-24,6745,690,1,1,0,0,c,a,8422,2021,2,8,2,1,0,6079.0,6023.0,4364.0,5746.857142857143,5308.0
4,2021-02-25,5755,565,1,0,0,0,c,a,8422,2021,2,8,3,1,0,6498.0,5734.0,4399.0,5842.0,5393.035714285715
4,2021-02-26,6009,457,1,1,0,0,c,a,8422,2021,2,8,4,1,0,6416.0,5770.0,5222.0,5735.857142857143,5441.464285714285
4,2021-02-27,4395,500,1,0,0,0,c,a,8422,2021,2,8,5,1,1,5607.0,4781.0,5064.0,5677.714285714285,5469.571428571428
4,2021-03-01,6341,549,1,1,0,0,c,a,8422,2021,3,9,0,1,0,5732.0,4941.0,6382.0,5504.571428571428,5445.678571428572
4,2021-03-02,5426,499,1,0,0,0,c,a,8422,2021,3,9,1,1,0,4639.0,4489.0,4525.0,5591.571428571428,5444.214285714285
4,2021-03-03,5886,473,1,0,0,0,c,a,8422,2021,3,9,2,1,0,5257.0,4833.0,5322.0,5704.0,5476.392857142857
4,2021-03-04,5698,484,1,0,0,0,c,a,8422,2021,3,9,3,1,0,6745.0,6079.0,4696.0,5793.857142857143,5496.535714285715
4,2021-03-05,6374,562,1,1,0,0,c,a,8422,2021,3,9,4,1,0,5755.0,6498.0,4301.0,5644.285714285715,5532.321428571428
4,2021-03-06,5605,596,1,1,0,0,c,a,8422,2021,3,9,5,1,1,6009.0,6416.0,5754.0,5732.714285714285,5606.357142857143
4,2021-03-08,6380,467,1,1,0,0,c,a,8422,2021,3,10,0,1,0,4395.0,5607.0,6407.0,5675.0,5601.035714285715
4,2021-03-09,5608,501,1,0,0,0,c,a,8422,2021,3,10,1,1,0,6341.0,5732.0,4917.0,5958.571428571428,5600.071428571428
4,2021-03-10,6907,679,1,1,0,0,c,a,8422,2021,3,10,2,1,0,5426.0,4639.0,5288.0,5853.857142857143,5624.75
4,2021-03-11,6292,474,1,1,0,0,c,a,8422,2021,3,10,3,1,0,5886.0,5257.0,5184.0,6065.428571428572,5682.571428571428
4,2021-03-12,6430,630,1,1,0,0,c,a,8422,2021,3,10,4,1,0,5698.0,6745.0,6023.0,6123.428571428572,5722.142857142857
4,2021-03-13,4949,437,1,0,0,0,c,a,8422,2021,3,10,5,1,1,6374.0,5755.0,5734.0,6228.0,5736.678571428572
4,2021-03-15,6483,513,1,1,0,0,c,a,8422,2021,3,11,0,1,0,5605.0,6009.0,5770.0,6024.428571428572,5708.642857142857
4,2021-03-16,6466,522,1,0,0,0,c,a,8422,2021,3,11,1,1,0,6380.0,4395.0,4781.0,6149.857142857143,5734.107142857143
4,2021-03-17,6291,519,1,0,0,0,c,a,8422,2021,3,11,2,1,0,5608.0,6341.0,4941.0,6162.142857142857,5794.285714285715
4,2021-03-18,5198,456,1,0,0,0,c,a,8422,2021,3,11,3,1,0,6907.0,5426.0,4489.0,6259.714285714285,5842.5
4,2021-03-19,6257,617,1,1,0,0,c,a,8422,2021,3,11,4,1,0,6292.0,5886.0,4833.0,6015.571428571428,5867.821428571428
4,2021-03-20,5878,497,1,1,0,0,c,a,8422,2021,3,11,5,1,1,6430.0,5698.0,6079.0,6010.571428571428,5918.678571428572
4,2021-03-22,6164,731,1,1,0,0,c,a,8422,2021,3,12,0,1,0,4949.0,6374.0,6498.0,5931.714285714285,5911.5
4,2021-03-23,7243,654,1,1,0,0,c,a,8422,2021,3,12,1,1,0,6483.0,5605.0,6416.0,6105.285714285715,5899.571428571428
4,2021-03-24,6521,671,1,1,0,0,c,a,8422,2021,3,12,2,1,0,6466.0,6380.0,5607.0,6213.857142857143,5929.107142857143
4,2021-03-25,6751,698,1,1,0,0,c,a,8422,2021,3,12,3,1,0,6291.0,5608.0,5732.0,6221.714285714285,5961.75
4,2021-03-26,6718,758,1,1,0,0,c,a,8422,2021,3,12,4,1,0,5198.0,6907.0,4639.0,6287.428571428572,5998.142857142857
4,2021-03-27,4743,391,1,0,0,0,c,a,8422,2021,3,12,5,1,1,6257.0,6292.0,5257.0,6504.571428571428,6072.392857142857
4,2021-03-29,6625,686,1,1,0,0,c,a,8422,2021,3,13,0,1,0,5878.0,6430.0,6745.0,6288.285714285715,6054.035714285715
4,2021-03-30,6158,668,1,0,0,0,c,a,8422,2021,3,13,1,1,0,6164.0,4949.0,5755.0,6395.0,6049.75
4,2021-03-31,5681,450,1,0,0,0,c,a,8422,2021,3,13,2,1,0,7243.0,6483.0,6009.0,6394.142857142857,6064.142857142857
4,2021-04-01,5943,480,1,0,0,0,c,a,8422,2021,4,13,3,2,0,6521.0,6466.0,4395.0,6171.0,6052.428571428572
4,2021-04-03,5286,409,1,0,0,0,c,a,8422,2021,4,13,5,2,1,6751.0,6291.0,6341.0,6088.428571428572,6107.714285714285
4,2021-04-05,6202,484,1,0,0,0,c,a,8422,2021,4,14,0,2,0,6718.0,5198.0,5426.0,5879.142857142857,6070.035714285715
4,2021-04-06,8093,964,1,1,0,0,c,a,8422,2021,4,14,1,2,0,4743.0,6257.0,5886.0,5805.428571428572,6097.75
4,2021-04-07,7402,657,1,1,0,0,c,a,8422,2021,4,14,2,2,0,6625.0,5878.0,5698.0,6284.0,6176.571428571428
4,2021-04-08,6348,777,1,0,0,0,c,a,8422,2021,4,14,3,2,0,6158.0,6164.0,6374.0,6395.0,6237.428571428572
4,2021-04-09,5009,403,1,0,0,0,c,a,8422,2021,4,14,4,2,0,5681.0,7243.0,5605.0,6422.142857142857,6236.5
4,2021-04-10,4824,451,1,0,0,0,c,a,8422,2021,4,14,5,2,1,5943.0,6521.0,6380.0,6326.142857142857,6215.214285714285
4,2021-04-12,5692,580,1,0,0,0,c,a,8422,2021,4,15,0,2,0,5286.0,6751.0,5608.0,6166.285714285715,6159.642857142857
4,2021-04-13,5923,537,1,0,0,0,c,a,8422,2021,4,15,1,2,0,6202.0,6718.0,6907.0,6224.285714285715,6162.642857142857
4,2021-04-14,6078,458,1,0,0,0,c,a,8422,2021,4,15,2,2,0,8093.0,4743.0,6292.0,6184.428571428572,6127.5
4,2021-04-15,7421,904,1,1,0,0,c,a,8422,2021,4,15,3,2,0,7402.0,6625.0,6430.0,5896.571428571428,6119.857142857143
4,2021-04-16,6483,491,1,1,0,0,c,a,8422,2021,4,15,4,2,0,6348.0,6158.0,4949.0,5899.285714285715,6155.25
4,2021-04-17,6260,646,1,1,0,0,c,a,8422,2021,4,15,5,2,1,5009.0,5681.0,6483.0,5918.571428571428,6210.035714285715
4,2021-04-19,5920,538,1,0,0,0,c,a,8422,2021,4,16,0,2,0,4824.0,5943.0,6466.0,6097.285714285715,6202.071428571428
4,2021-04-20,8213,676,1,1,0,0,c,a,8422,2021,4,16,1,2,0,5692.0,5286.0,6291.0,6253.857142857143,6182.571428571428
4,2021-04-21,7483,912,1,1,0,0,c,a,8422,2021,4,16,2,2,0,5923.0,6202.0,5198.0,6614.0,6251.214285714285
4,2021-04-22,6567,484,1,0,0,0,c,a,8422,2021,4,16,3,2,0,6078.0,8093.0,6257.0,6836.857142857143,6332.821428571428
4,2021-04-23,6987,737,1,1,0,0,c,a,8422,2021,4,16,4,2,0,7421.0,7402.0,5878.0,6906.714285714285,6343.892857142857
4,2021-04-24,5494,485,1,0,0,0,c,a,8422,2021,4,16,5,2,1,6483.0,6348.0,6164.0,6844.714285714285,6383.5
4,2021-04-26,7060,519,1,1,0,0,c,a,8422,2021,4,17,0,2,0,6260.0,5009.0,7243.0,6703.428571428572,6359.571428571428
4,2021-04-27,7347,559,1,1,0,0,c,a,8422,2021,4,17,1,2,0,5920.0,4824.0,6521.0,6817.714285714285,6353.035714285715
4,2021-04-28,6632,739,1,0,0,0,c,a,8422,2021,4,17,2,2,0,8213.0,5692.0,6751.0,7021.571428571428,6382.535714285715
4,2021-04-29,6136,450,1,0,0,0,c,a,8422,2021,4,17,3,2,0,7483.0,5923.0,6718.0,6795.714285714285,6378.285714285715
4,2021-04-30,6938,501,1,1,0,0,c,a,8422,2021,4,17,4,2,0,6567.0,6078.0,4743.0,6603.285714285715,6357.5
4,2021-05-01,5643,462,1,0,0,0,c,a,8422,2021,5,17,5,2,1,6987.0,7421.0,6625.0,6656.285714285715,6435.892857142857
4,2021-05-03,6413,484,1,0,0,0,c,a,8422,2021,5,18,0,2,0,5494.0,6483.0,6158.0,6464.285714285715,6400.821428571428
4,2021-05-04,6461,467,1,0,0,0,c,a,8422,2021,5,18,1,2,0,7060.0,6260.0,5681.0,6595.571428571428,6409.928571428572
4,2021-05-05,7878,863,1,1,0,0,c,a,8422,2021,5,18,2,2,0,7347.0,5920.0,5943.0,6510.0,6437.785714285715
4,2021-05-06,7087,740,1,1,0,0,c,a,8422,2021,5,18,3,2,0,6632.0,8213.0,5286.0,6585.857142857143,6506.892857142857
4,2021-05-07,5567,579,1,0,0,0,c,a,8422,2021,5,18,4,2,0,6136.0,7483.0,6202.0,6650.857142857143,6571.214285714285
4,2021-05-08,5776,433,1,0,0,0,c,a,8422,2021,5,18,5,2,1,6938.0,6567.0,8093.0,6569.571428571428,6548.535714285715
4,2021-05-10,7574,861,1,1,0,0,c,a,8422,2021,5,19,0,2,0,5643.0,6987.0,7402.0,6403.571428571428,6465.785714285715
4,2021-05-11,7823,902,1,1,0,0,c,a,8422,2021,5,19,1,2,0,6413.0,5494.0,6348.0,6679.428571428572,6471.928571428572
4,2021-05-12,8306,671,1,1,0,0,c,a,8422,2021,5,19,2,2,0,6461.0,7060.0,5009.0,6880.857142857143,6524.607142857143
4,2021-05-13,8272,1008,1,1,0,0,c,a,8422,2021,5,19,3,2,0,7878.0,7347.0,4824.0,7144.428571428572,6642.357142857143
4,2021-05-14,6612,574,1,0,0,0,c,a,8422,2021,5,19,4,2,0,7087.0,6632.0,5692.0,7200.714285714285,6765.5
4,2021-05-15,6748,523,1,1,0,0,c,a,8422,2021,5,19,5,2,1,5567.0,6136.0,5923.0,7132.857142857143,6798.357142857143
4,2021-05-17,6821,727,1,1,0,0,c,a,8422,2021,5,20,0,2,0,5776.0,6938.0,6078.0,7301.571428571428,6827.821428571428
4,2021-05-18,6970,566,1,0,0,0,c,a,8422,2021,5,20,1,2,0,7574.0,5643.0,7421.0,7450.857142857143,6854.357142857143
4,2021-05-19,8365,861,1,1,0,0,c,a,8422,2021,5,20,2,2,0,7823.0,6413.0,6483.0,7364.571428571428,6838.25
4,2021-05-20,8155,948,1,1,0,0,c,a,8422,2021,5,20,3,2,0,8306.0,6461.0,6260.0,7442.0,6905.464285714285
4,2021-05-21,7824,752,1,1,0,0,c,a,8422,2021,5,20,4,2,0,8272.0,7878.0,5920.0,7420.428571428572,6973.142857142857
4,2021-05-22,6836,540,1,1,0,0,c,a,8422,2021,5,20,5,2,1,6612.0,7087.0,8213.0,7356.428571428572,7041.142857142857
4,2021-05-24,7893,777,1,1,0,0,c,a,8422,2021,5,21,0,2,0,6748.0,5567.0,7483.0,7388.428571428572,6991.964285714285
4,2021-05-25,7212,619,1,0,0,0,c,a,8422,2021,5,21,1,2,0,6821.0,5776.0,6567.0,7552.0,7006.607142857143
4,2021-05-26,7023,841,1,0,0,0,c,a,8422,2021,5,21,2,2,0,6970.0,7574.0,6987.0,7607.857142857143,7029.642857142857
4,2021-05-27,7577,563,1,1,0,0,c,a,8422,2021,5,21,3,2,0,8365.0,7823.0,5494.0,7615.428571428572,7030.928571428572
4,2021-05-28,6390,512,1,0,0,0,c,a,8422,2021,5,21,4,2,0,8155.0,8306.0,7060.0,7502.857142857143,7105.321428571428
4,2021-05-29,6476,657,1,1,0,0,c,a,8422,2021,5,21,5,2,1,7824.0,8272.0,7347.0,7250.714285714285,7081.392857142857
4,2021-05-31,7810,797,1,1,0,0,c,a,8422,2021,5,22,0,2,0,6836.0,6612.0,6632.0,7058.142857142857,7050.285714285715
4,2021-06-01,8612,617,1,1,0,0,c,a,8422,2021,6,22,1,2,0,7893.0,6748.0,6136.0,7197.285714285715,7092.357142857143
4,2021-06-02,7366,774,1,0,0,0,c,a,8422,2021,6,22,2,2,0,7212.0,6821.0,6938.0,7300.0,7180.785714285715
4,2021-06-03,7303,573,1,0,0,0,c,a,8422,2021,6,22,3,2,0,7023.0,6970.0,5643.0,7322.0,7196.071428571428
4,2021-06-04,7480,641,1,1,0,0,c,a,8422,2021,6,22,4,2,0,7577.0,8365.0,6413.0,7362.0,7255.357142857143
4,2021-06-05,5976,526,1,0,0,0,c,a,8422,2021,6,22,5,2,1,6390.0,8155.0,6461.0,7348.142857142857,7293.464285714285
4,2021-06-07,7055,518,1,0,0,0,c,a,8422,2021,6,23,0,2,0,6476.0,7824.0,7878.0,7289.0,7276.142857142857
4,2021-06-08,9008,736,1,1,0,0,c,a,8422,2021,6,23,1,2,0,7810.0,6836.0,7087.0,7371.714285714285,7246.75
4,2021-06-09,7809,836,1,0,0,0,c,a,8422,2021,6,23,2,2,0,8612.0,7893.0,5567.0,7542.857142857143,7315.357142857143
4,2021-06-10,7991,729,1,1,0,0,c,a,8422,2021,6,23,3,2,0,7366.0,7212.0,5776.0,7428.142857142857,7395.428571428572
4,2021-06-11,6142,674,1,0,0,0,c,a,8422,2021,6,23,4,2,0,7303.0,7023.0,7574.0,7517.428571428572,7474.535714285715
4,2021-06-12,6101,506,1,0,0,0,c,a,8422,2021,6,23,5,2,1,7480.0,7577.0,7823.0,7351.571428571428,7423.392857142857
4,2021-06-14,7059,796,1,1,0,0,c,a,8422,2021,6,24,0,2,0,5976.0,6390.0,8306.0,7154.571428571428,7361.892857142857
4,2021-06-15,8517,755,1,1,0,0,c,a,8422,2021,6,24,1,2,0,7055.0,6476.0,8272.0,7309.285714285715,7317.357142857143
4,2021-06-16,7891,639,1,1,0,0,c,a,8422,2021,6,24,2,2,0,9008.0,7810.0,6612.0,7518.142857142857,7326.107142857143
4,2021-06-17,7357,789,1,0,0,0,c,a,8422,2021,6,24,3,2,0,7809.0,8612.0,6748.0,7358.571428571428,7371.785714285715
4,2021-06-18,6352,784,1,0,0,0,c,a,8422,2021,6,24,4,2,0,7991.0,7366.0,6821.0,7294.0,7393.535714285715
4,2021-06-19,7084,743,1,0,0,0,c,a,8422,2021,6,24,5,2,1,6142.0,7303.0,6970.0,7059.857142857143,7376.785714285715
4,2021-06-21,7253,581,1,0,0,0,c,a,8422,2021,6,25,0,2,0,6101.0,7480.0,8365.0,7194.428571428572,7380.857142857143
4,2021-06-22,8004,682,1,1,0,0,c,a,8422,2021,6,25,1,2,0,7059.0,5976.0,8155.0,7359.0,7341.142857142857
4,2021-06-23,7555,567,1,0,0,0,c,a,8422,2021,6,25,2,2,0,8517.0,7055.0,7824.0,7494.0,7335.75
4,2021-06-24,7009,625,1,0,0,0,c,a,8422,2021,6,25,3,2,0,7891.0,9008.0,6836.0,7356.571428571428,7326.142857142857
4,2021-06-25,6563,675,1,0,0,0,c,a,8422,2021,6,25,4,2,0,7357.0,7809.0,7893.0,7230.571428571428,7332.321428571428
4,2021-06-26,6542,611,1,0,0,0,c,a,8422,2021,6,25,5,2,1,6352.0,7991.0,7212.0,7117.142857142857,7284.821428571428
4,2021-06-28,6804,487,1,0,0,0,c,a,8422,2021,6,26,0,2,0,7084.0,6142.0,7023.0,7144.285714285715,7260.892857142857
4,2021-06-29,8172,635,1,1,0,0,c,a,8422,2021,6,26,1,2,0,7253.0,6101.0,7577.0,7104.285714285715,7253.071428571428
4,2021-06-30,6349,614,1,0,0,0,c,a,8422,2021,6,26,2,2,0,8004.0,7059.0,6390.0,7235.571428571428,7274.321428571428
4,2021-07-01,9179,731,1,1,0,1,c,a,8422,2021,7,26,3,3,0,7555.0,8517.0,6476.0,6999.142857142857,7272.857142857143
4,2021-07-02,6438,482,1,0,0,1,c,a,8422,2021,7,26,4,3,0,7009.0,7891.0,7810.0,7231.142857142857,7369.392857142857
4,2021-07-03,7859,981,1,1,0,1,c,a,8422,2021,7,26,5,3,1,6563.0,7357.0,8612.0,7149.571428571428,7320.392857142857
4,2021-07-05,8260,837,1,1,0,1,c,a,8422,2021,7,27,0,3,0,6542.0,6352.0,7366.0,7334.714285714285,7293.5
4,2021-07-06,7542,812,1,0,0,1,c,a,8422,2021,7,27,1,3,0,6804.0,7084.0,7303.0,7580.142857142857,7325.428571428572
4,2021-07-07,8551,638,1,1,0,1,c,a,8422,2021,7,27,2,3,0,8172.0,7253.0,7480.0,7685.571428571428,7333.964285714285
4,2021-07-08,7162,647,1,0,0,1,c,a,8422,2021,7,27,3,3,0,6349.0,8004.0,5976.0,7739.714285714285,7372.214285714285
4,2021-07-09,6851,735,1,0,0,1,c,a,8422,2021,7,27,4,3,0,9179.0,7555.0,7055.0,7855.857142857143,7414.571428571428
4,2021-07-10,7344,541,1,1,0,1,c,a,8422,2021,7,27,5,3,1,6438.0,7009.0,9008.0,7523.285714285715,7407.285714285715
4,2021-07-12,8335,877,1,1,0,1,c,a,8422,2021,7,28,0,3,0,7859.0,6563.0,7809.0,7652.714285714285,7347.857142857143
4,2021-07-13,7694,873,1,0,0,1,c,a,8422,2021,7,28,1,3,0,8260.0,6542.0,7991.0,7720.714285714285,7366.642857142857
4,2021-07-14,7538,847,1,0,0,1,c,a,8422,2021,7,28,2,3,0,7542.0,6804.0,6142.0,7639.857142857143,7356.035714285715
4,2021-07-15,8611,712,1,1,0,1,c,a,8422,2021,7,28,3,3,0,8551.0,8172.0,6101.0,7639.285714285715,7405.892857142857
4,2021-07-16,8430,712,1,1,0,1,c,a,8422,2021,7,28,4,3,0,7162.0,6349.0,7059.0,7647.857142857143,7495.535714285715
4,2021-07-17,6953,791,1,0,0,1,c,a,8422,2021,7,28,5,3,1,6851.0,9179.0,8517.0,7829.0,7544.5
4,2021-07-19,7168,625,1,0,0,1,c,a,8422,2021,7,29,0,3,0,7344.0,6438.0,7891.0,7843.571428571428,7488.642857142857
4,2021-07-20,8482,955,1,1,0,1,c,a,8422,2021,7,29,1,3,0,8335.0,7859.0,7357.0,7818.428571428572,7462.821428571428
4,2021-07-21,9223,1090,1,1,0,1,c,a,8422,2021,7,29,2,3,0,7694.0,8260.0,6352.0,7839.428571428572,7503.0
4,2021-07-22,7938,627,1,0,0,1,c,a,8422,2021,7,29,3,3,0,7538.0,7542.0,7084.0,8057.857142857143,7605.535714285715
4,2021-07-23,7899,892,1,1,0,1,c,a,8422,2021,7,29,4,3,0,8611.0,8551.0,7253.0,8115.0,7636.035714285715
4,2021-07-24,6776,619,1,0,0,1,c,a,8422,2021,7,29,5,3,1,8430.0,7162.0,8004.0,8013.285714285715,7659.107142857143
4,2021-07-26,7033,574,1,0,0,1,c,a,8422,2021,7,30,0,3,0,6953.0,6851.0,7555.0,7777.0,7615.25
4,2021-07-27,8010,839,1,0,0,1,c,a,8422,2021,7,30,1,3,0,7168.0,7344.0,7009.0,7788.428571428572,7596.607142857143
4,2021-07-28,7834,817,1,0,0,1,c,a,8422,2021,7,30,2,3,0,8482.0,8335.0,6563.0,7908.714285714285,7632.357142857143
4,2021-07-29,7548,816,1,0,0,1,c,a,8422,2021,7,30,3,3,0,9223.0,7694.0,6542.0,7816.142857142857,7677.75
4,2021-07-30,7639,821,1,1,0,1,c,a,8422,2021,7,30,4,3,0,7938.0,7538.0,6804.0,7576.857142857143,7713.678571428572
4,2021-07-31,6819,645,1,0,0,1,c,a,8422,2021,7,30,5,3,1,7899.0,8611.0,8172.0,7534.142857142857,7743.5
4,2021-08-02,7862,618,1,1,0,1,c,a,8422,2021,8,31,0,3,0,6776.0,8430.0,6349.0,7379.857142857143,7695.178571428572
4,2021-08-03,8210,857,1,1,0,1,c,a,8422,2021,8,31,1,3,0,7033.0,6953.0,9179.0,7535.0,7749.214285714285
4,2021-08-04,8900,641,1,1,0,1,c,a,8422,2021,8,31,2,3,0,8010.0,7168.0,6438.0,7703.142857142857,7714.607142857143
4,2021-08-05,8405,813,1,1,0,1,c,a,8422,2021,8,31,3,3,0,7834.0,8482.0,7859.0,7830.285714285715,7802.535714285715
4,2021-08-06,7632,777,1,1,0,1,c,a,8422,2021,8,31,4,3,0,7548.0,9223.0,8260.0,7911.857142857143,7822.035714285715
4,2021-08-07,5831,433,1,0,0,1,c,a,8422,2021,8,31,5,3,1,7639.0,7938.0,7542.0,7923.857142857143,7799.607142857143
4,2021-08-09,7114,674,1,0,0,1,c,a,8422,2021,8,32,0,3,0,6819.0,7899.0,8551.0,7665.571428571428,7738.5
4,2021-08-10,8865,1015,1,1,0,1,c,a,8422,2021,8,32,1,3,0,7862.0,6776.0,7162.0,7707.714285714285,7687.178571428572
4,2021-08-11,7480,545,1,0,0,1,c,a,8422,2021,8,32,2,3,0,8210.0,7033.0,6851.0,7851.0,7748.0
4,2021-08-12,8819,645,1,1,0,1,c,a,8422,2021,8,32,3,3,0,8900.0,8010.0,7344.0,7746.714285714285,7770.464285714285
4,2021-08-13,6280,751,1,0,0,1,c,a,8422,2021,8,32,4,3,0,8405.0,7834.0,8335.0,7735.142857142857,7823.142857142857
4,2021-08-14,6233,466,1,0,0,1,c,a,8422,2021,8,32,5,3,1,7632.0,7548.0,7694.0,7431.571428571428,7749.75
4,2021-08-16,6842,530,1,0,0,1,c,a,8422,2021,8,33,0,3,0,5831.0,7639.0,7538.0,7231.714285714285,7697.571428571428
4,2021-08-17,8096,764,1,0,0,1,c,a,8422,2021,8,33,1,3,0,7114.0,6819.0,8611.0,7376.142857142857,7672.714285714285
4,2021-08-18,7796,904,1,0,0,1,c,a,8422,2021,8,33,2,3,0,8865.0,7862.0,8430.0,7516.428571428572,7654.321428571428
4,2021-08-19,8110,655,1,1,0,1,c,a,8422,2021,8,33,3,3,0,7480.0,8210.0,6953.0,7363.714285714285,7631.678571428572
4,2021-08-20,7587,867,1,1,0,1,c,a,8422,2021,8,33,4,3,0,8819.0,8900.0,7168.0,7453.714285714285,7673.0
4,2021-08-21,6035,576,1,0,0,1,c,a,8422,2021,8,33,5,3,1,6280.0,8405.0,8482.0,7277.714285714285,7687.964285714285
4,2021-08-23,8054,898,1,1,0,1,c,a,8422,2021,8,34,0,3,0,6233.0,7632.0,9223.0,7242.714285714285,7600.571428571428
4,2021-08-24,7390,667,1,0,0,1,c,a,8422,2021,8,34,1,3,0,6842.0,5831.0,7938.0,7502.857142857143,7558.821428571428
4,2021-08-25,7869,628,1,1,0,1,c,a,8422,2021,8,34,2,3,0,8096.0,7114.0,7899.0,7581.142857142857,7539.25
4,2021-08-26,7928,793,1,1,0,1,c,a,8422,2021,8,34,3,3,0,7796.0,8865.0,6776.0,7548.714285714285,7538.178571428572
4,2021-08-27,6741,833,1,0,0,1,c,a,8422,2021,8,34,4,3,0,8110.0,7480.0,7033.0,7567.571428571428,7579.321428571428
4,2021-08-28,7095,621,1,1,0,1,c,a,8422,2021,8,34,5,3,1,7587.0,8819.0,8010.0,7372.0,7568.892857142857
4,2021-08-30,6658,558,1,0,0,1,c,a,8422,2021,8,35,0,3,0,6035.0,6280.0,7834.0,7301.714285714285,7536.214285714285
4,2021-08-31,7026,522,1,0,0,1,c,a,8422,2021,8,35,1,3,0,8054.0,6233.0,7548.0,7390.714285714285,7494.214285714285
4,2021-09-01,6716,693,1,0,0,0,c,a,8422,2021,9,35,2,3,0,7390.0,6842.0,7639.0,7243.857142857143,7475.571428571428
4,2021-09-02,6554,546,1,0,0,0,c,a,8422,2021,9,35,3,3,0,7869.0,8096.0,6819.0,7147.571428571428,7442.607142857143
4,2021-09-03,6570,535,1,1,0,0,c,a,8422,2021,9,35,4,3,0,7928.0,7796.0,7862.0,6959.714285714285,7433.142857142857
4,2021-09-04,5393,665,1,0,0,0,c,a,8422,2021,9,35,5,3,1,6741.0,8110.0,8210.0,6765.714285714285,7387.0
4,2021-09-06,6173,648,1,0,0,0,c,a,8422,2021,9,36,0,3,0,7095.0,7587.0,8900.0,6573.142857142857,7286.392857142857
4,2021-09-07,7871,626,1,1,0,0,c,a,8422,2021,9,36,1,3,0,6658.0,6035.0,8405.0,6441.428571428572,7189.0
4,2021-09-08,6906,675,1,0,0,0,c,a,8422,2021,9,36,2,3,0,7026.0,8054.0,7632.0,6614.714285714285,7169.928571428572
4,2021-09-09,6063,706,1,0,0,0,c,a,8422,2021,9,36,3,3,0,6716.0,7390.0,5831.0,6597.571428571428,7144.0
4,2021-09-10,5710,463,1,0,0,0,c,a,8422,2021,9,36,4,3,0,6554.0,7869.0,7114.0,6504.285714285715,7152.285714285715
4,2021-09-11,6864,618,1,1,0,0,c,a,8422,2021,9,36,5,3,1,6570.0,7928.0,8865.0,6383.714285714285,7102.142857142857
4,2021-09-13,6161,743,1,1,0,0,c,a,8422,2021,9,37,0,3,0,5393.0,6741.0,7480.0,6425.714285714285,7030.678571428572
4,2021-09-14,7129,859,1,1,0,0,c,a,8422,2021,9,37,1,3,0,6173.0,7095.0,8819.0,6535.428571428572,6983.571428571428
4,2021-09-15,6800,609,1,0,0,0,c,a,8422,2021,9,37,2,3,0,7871.0,6658.0,6280.0,6672.0,6923.214285714285
4,2021-09-16,6930,509,1,1,0,0,c,a,8422,2021,9,37,3,3,0,6906.0,7026.0,6233.0,6519.0,6941.785714285715
4,2021-09-17,5199,602,1,0,0,0,c,a,8422,2021,9,37,4,3,0,6063.0,6716.0,6842.0,6522.428571428572,6966.678571428572
4,2021-09-18,5562,529,1,0,0,0,c,a,8422,2021,9,37,5,3,1,5710.0,6554.0,8096.0,6399.0,6908.0
4,2021-09-20,7395,595,1,1,0,0,c,a,8422,2021,9,38,0,3,0,6864.0,6570.0,7796.0,6377.857142857143,6817.5
4,2021-09-21,6056,497,1,0,0,0,c,a,8422,2021,9,38,1,3,0,6161.0,5393.0,8110.0,6453.714285714285,6803.178571428572
4,2021-09-22,6753,510,1,0,0,0,c,a,8422,2021,9,38,2,3,0,7129.0,6173.0,7587.0,6438.714285714285,6729.821428571428
4,2021-09-23,5683,420,1,0,0,0,c,a,8422,2021,9,38,3,3,0,6800.0,7871.0,6035.0,6385.0,6700.035714285715
4,2021-09-24,6850,724,1,1,0,0,c,a,8422,2021,9,38,4,3,0,6930.0,6906.0,8054.0,6225.428571428572,6687.464285714285
4,2021-09-25,6650,533,1,1,0,0,c,a,8422,2021,9,38,5,3,1,5199.0,6063.0,7390.0,6214.0,6644.464285714285
4,2021-09-27,5383,391,1,0,0,0,c,a,8422,2021,9,39,0,3,0,5562.0,5710.0,7869.0,6421.285714285715,6618.035714285715
4,2021-09-28,6439,527,1,0,0,0,c,a,8422,2021,9,39,1,3,0,7395.0,6864.0,7928.0,6395.714285714285,6529.25
4,2021-09-29,6308,724,1,0,0,0,c,a,8422,2021,9,39,2,3,0,6056.0,6161.0,6741.0,6259.142857142857,6476.071428571428
4,2021-09-30,6766,664,1,1,0,0,c,a,8422,2021,9,39,3,3,0,6753.0,7129.0,7095.0,6295.142857142857,6460.607142857143
4,2021-10-01,5849,575,1,0,0,0,c,a,8422,2021,10,39,4,4,0,5683.0,6800.0,6658.0,6297.0,6448.857142857143
4,2021-10-02,6087,570,1,1,0,0,c,a,8422,2021,10,39,5,4,1,6850.0,6930.0,7026.0,6320.714285714285,6419.964285714285
4,2021-10-04,5803,486,1,0,0,0,c,a,8422,2021,10,40,0,4,0,6650.0,5199.0,6716.0,6211.714285714285,6386.428571428572
4,2021-10-05,7082,568,1,1,0,0,c,a,8422,2021,10,40,1,4,0,5383.0,5562.0,6554.0,6090.714285714285,6353.821428571428
4,2021-10-06,7527,632,1,1,0,0,c,a,8422,2021,10,40,2,4,0,6439.0,7395.0,6570.0,6333.428571428572,6372.678571428572
4,2021-10-07,5756,457,1,0,0,0,c,a,8422,2021,10,40,3,4,0,6308.0,6056.0,5393.0,6488.857142857143,6406.857142857143
4,2021-10-08,5351,515,1,0,0,0,c,a,8422,2021,10,40,4,4,0,6766.0,6753.0,6173.0,6410.0,6419.821428571428
4,2021-10-09,4996,411,1,0,0,0,c,a,8422,2021,10,40,5,4,1,5849.0,5683.0,7871.0,6207.857142857143,6390.464285714285
4,2021-10-11,6954,532,1,1,0,0,c,a,8422,2021,10,41,0,4,0,6087.0,6850.0,6906.0,6086.0,6287.785714285715
4,2021-10-12,6339,774,1,0,0,0,c,a,8422,2021,10,41,1,4,0,5803.0,6650.0,6063.0,6209.857142857143,6289.5
4,2021-10-13,6774,705,1,0,0,0,c,a,8422,2021,10,41,2,4,0,7082.0,5383.0,5710.0,6286.428571428572,6299.357142857143
4,2021-10-14,5715,504,1,0,0,0,c,a,8422,2021,10,41,3,4,0,7527.0,6439.0,6864.0,6242.428571428572,6337.357142857143
4,2021-10-15,5165,531,1,0,0,0,c,a,8422,2021,10,41,4,4,0,5756.0,6308.0,6161.0,5983.571428571428,6296.321428571428
4,2021-10-16,5220,450,1,1,0,0,c,a,8422,2021,10,41,5,4,1,5351.0,6766.0,7129.0,5899.142857142857,6260.75
4,2021-10-18,5427,642,1,0,0,0,c,a,8422,2021,10,42,0,4,0,4996.0,5849.0,6800.0,5880.428571428572,6192.571428571428
4,2021-10-19,5962,490,1,0,0,0,c,a,8422,2021,10,42,1,4,0,6954.0,6087.0,6930.0,5942.0,6143.535714285715
4,2021-10-20,6105,707,1,0,0,0,c,a,8422,2021,10,42,2,4,0,6339.0,5803.0,5199.0,5800.285714285715,6108.964285714285
4,2021-10-21,6847,642,1,1,0,0,c,a,8422,2021,10,42,3,4,0,6774.0,7082.0,5562.0,5766.857142857143,6141.321428571428
4,2021-10-22,6091,531,1,1,0,0,c,a,8422,2021,10,42,4,4,0,5715.0,7527.0,7395.0,5777.285714285715,6187.214285714285
4,2021-10-23,5019,457,1,0,0,0,c,a,8422,2021,10,42,5,4,1,5165.0,5756.0,6056.0,5831.0,6140.642857142857
4,2021-10-25,6070,675,1,0,0,0,c,a,8422,2021,10,43,0,4,0,5220.0,5351.0,6753.0,5810.142857142857,6103.607142857143
4,2021-10-26,5718,523,1,0,0,0,c,a,8422,2021,10,43,1,4,0,5427.0,4996.0,5683.0,5931.571428571428,6079.214285714285
4,2021-10-27,6736,736,1,0,0,0,c,a,8422,2021,10,43,2,4,0,5962.0,6954.0,6850.0,5973.142857142857,6080.464285714285
4,2021-10-28,6131,465,1,0,0,0,c,a,8422,2021,10,43,3,4,0,6105.0,6339.0,6650.0,6083.714285714285,6076.392857142857
4,2021-10-29,4428,547,1,0,0,0,c,a,8422,2021,10,43,4,4,0,6847.0,6774.0,5383.0,6087.428571428572,6057.857142857143
4,2021-10-30,5101,392,1,0,0,0,c,a,8422,2021,10,43,5,4,1,6091.0,5715.0,6439.0,5741.857142857143,6023.75
4,2021-11-01,5476,636,1,1,0,0,c,a,8422,2021,11,44,0,4,0,5019.0,5165.0,6308.0,5600.428571428572,5975.964285714285
4,2021-11-02,6779,563,1,1,0,0,c,a,8422,2021,11,44,1,4,0,6070.0,5220.0,6766.0,5665.714285714285,5946.25
4,2021-11-03,6519,679,1,1,0,0,c,a,8422,2021,11,44,2,4,0,5718.0,5427.0,5849.0,5767.0,5946.714285714285
4,2021-11-04,4958,610,1,0,0,0,c,a,8422,2021,11,44,3,4,0,6736.0,5962.0,6087.0,5881.428571428572,5970.642857142857
4,2021-11-05,5902,546,1,1,0,0,c,a,8422,2021,11,44,4,4,0,6131.0,6105.0,5803.0,5627.428571428572,5930.321428571428
4,2021-11-06,5514,621,1,1,0,0,c,a,8422,2021,11,44,5,4,1,4428.0,6847.0,7082.0,5594.714285714285,5933.857142857143
4,2021-11-08,6006,561,1,1,0,0,c,a,8422,2021,11,45,0,4,0,5101.0,6091.0,7527.0,5749.857142857143,5877.857142857143
4,2021-11-09,5474,602,1,0,0,0,c,a,8422,2021,11,45,1,4,0,5476.0,5019.0,5756.0,5879.142857142857,5823.535714285715
4,2021-11-10,5896,622,1,0,0,0,c,a,8422,2021,11,45,2,4,0,6779.0,6070.0,5351.0,5878.857142857143,5813.464285714285
4,2021-11-11,5540,475,1,0,0,0,c,a,8422,2021,11,45,3,4,0,6519.0,5718.0,4996.0,5752.714285714285,5832.928571428572
4,2021-11-12,4588,357,1,0,0,0,c,a,8422,2021,11,45,4,4,0,4958.0,6736.0,6954.0,5612.857142857143,5852.357142857143
4,2021-11-13,4017,340,1,0,0,0,c,a,8422,2021,11,45,5,4,1,5902.0,6131.0,6339.0,5560.0,5767.857142857143
4,2021-11-15,4460,378,1,0,0,0,c,a,8422,2021,11,46,0,4,0,5514.0,4428.0,6774.0,5290.714285714285,5684.928571428572
4,2021-11-16,5761,503,1,0,0,0,c,a,8422,2021,11,46,1,4,0,6006.0,5101.0,5715.0,5140.142857142857,5602.285714285715
4,2021-11-17,5283,582,1,0,0,0,c,a,8422,2021,11,46,2,4,0,5474.0,5476.0,5165.0,5105.142857142857,5603.928571428572
4,2021-11-18,5298,535,1,0,0,0,c,a,8422,2021,11,46,3,4,0,5896.0,6779.0,5220.0,5077.857142857143,5608.142857142857
4,2021-11-19,5082,466,1,0,0,0,c,a,8422,2021,11,46,4,4,0,5540.0,6519.0,5427.0,4992.428571428572,5610.928571428572
4,2021-11-20,3596,351,1,0,0,0,c,a,8422,2021,11,46,5,4,1,4588.0,4958.0,5962.0,4927.0,5598.607142857143
4,2021-11-22,5424,606,1,1,0,0,c,a,8422,2021,11,47,0,4,0,4017.0,5902.0,6105.0,4785.285714285715,5514.107142857143
4,2021-11-23,5701,625,1,0,0,0,c,a,8422,2021,11,47,1,4,0,4460.0,5514.0,6847.0,4986.285714285715,5489.785714285715
4,2021-11-24,5057,463,1,0,0,0,c,a,8422,2021,11,47,2,4,0,5761.0,6006.0,6091.0,5163.571428571428,5448.857142857143
4,2021-11-25,5122,565,1,0,0,0,c,a,8422,2021,11,47,3,4,0,5283.0,5474.0,5019.0,5063.0,5411.928571428572
4,2021-11-26,4295,490,1,0,0,0,c,a,8422,2021,11,47,4,4,0,5298.0,5896.0,6070.0,5040.0,5415.607142857143
4,2021-11-27,3812,274,1,0,0,0,c,a,8422,2021,11,47,5,4,1,5082.0,5540.0,5718.0,4896.714285714285,5352.214285714285
4,2021-11-29,4827,448,1,0,0,0,c,a,8422,2021,11,48,0,4,0,3596.0,4588.0,6736.0,4715.285714285715,5284.142857142857
4,2021-11-30,5867,527,1,0,0,0,c,a,8422,2021,11,48,1,4,0,5424.0,4017.0,6131.0,4891.142857142857,5215.964285714285
4,2021-12-01,5429,572,1,0,0,0,c,a,8422,2021,12,48,2,4,0,5701.0,4460.0,4428.0,4954.428571428572,5206.535714285715
4,2021-12-02,5972,670,1,1,0,0,c,a,8422,2021,12,48,3,4,0,5057.0,5761.0,5101.0,4915.571428571428,5242.285714285715
4,2021-12-03,4194,470,1,0,0,0,c,a,8422,2021,12,48,4,4,0,5122.0,5283.0,5476.0,5046.285714285715,5273.392857142857
4,2021-12-04,5261,562,1,1,0,0,c,a,8422,2021,12,48,5,4,1,4295.0,5298.0,6779.0,4913.714285714285,5227.607142857143
4,2021-12-06,5303,476,1,0,0,0,c,a,8422,2021,12,49,0,4,0,3812.0,5082.0,6519.0,5051.714285714285,5173.392857142857
4,2021-12-07,6524,809,1,1,0,0,c,a,8422,2021,12,49,1,4,0,4827.0,3596.0,4958.0,5264.714285714285,5129.964285714285
4,2021-12-08,5364,621,1,0,0,0,c,a,8422,2021,12,49,2,4,0,5867.0,5424.0,5902.0,5507.142857142857,5185.892857142857
4,2021-12-09,6317,486,1,1,0,0,c,a,8422,2021,12,49,3,4,0,5429.0,5701.0,5514.0,5435.285714285715,5166.678571428572
4,2021-12-10,5273,439,1,1,0,0,c,a,8422,2021,12,49,4,4,0,5972.0,5057.0,6006.0,5562.142857142857,5195.357142857143
4,2021-12-11,4725,390,1,1,0,0,c,a,8422,2021,12,49,5,4,1,4194.0,5122.0,5474.0,5462.285714285715,5169.178571428572
4,2021-12-13,6227,622,1,1,0,0,c,a,8422,2021,12,50,0,4,0,5261.0,4295.0,5896.0,5538.142857142857,5142.428571428572
4,2021-12-14,6063,545,1,1,0,0,c,a,8422,2021,12,50,1,4,0,5303.0,3812.0,5540.0,5676.142857142857,5154.25
4,2021-12-15,6219,754,1,1,0,0,c,a,8422,2021,12,50,2,4,0,6524.0,4827.0,4588.0,5784.714285714285,5172.928571428572
4,2021-12-16,6070,595,1,1,0,0,c,a,8422,2021,12,50,3,4,0,5364.0,5867.0,4017.0,5741.142857142857,5231.178571428572
4,2021-12-17,4416,352,1,0,0,0,c,a,8422,2021,12,50,4,4,0,6317.0,5429.0,4460.0,5842.0,5304.5
4,2021-12-18,5026,466,1,1,0,0,c,a,8422,2021,12,50,5,4,1,5273.0,5972.0,5761.0,5570.428571428572,5302.928571428572
4,2021-12-20,5309,621,1,1,0,0,c,a,8422,2021,12,51,0,4,0,4725.0,4194.0,5283.0,5535.142857142857,5276.678571428572
4,2021-12-21,5740,510,1,1,0,0,c,a,8422,2021,12,51,1,4,0,6227.0,5261.0,5298.0,5618.571428571428,5277.607142857143
4,2021-12-22,5513,620,1,0,0,0,c,a,8422,2021,12,51,2,4,0,6063.0,5303.0,5082.0,5549.0,5293.392857142857
4,2021-12-23,5521,575,1,1,0,0,c,a,8422,2021,12,51,3,4,0,6219.0,6524.0,3596.0,5470.428571428572,5308.785714285715
4,2021-12-24,4118,337,1,0,0,0,c,a,8422,2021,12,51,4,4,0,6070.0,5364.0,5424.0,5370.714285714285,5377.535714285715
4,2021-12-27,4284,376,1,0,0,0,c,a,8422,2021,12,52,0,4,0,4416.0,6317.0,5701.0,5091.857142857143,5330.892857142857
4,2021-12-28,6202,471,1,1,0,0,c,a,8422,2021,12,52,1,4,0,5026.0,5273.0,5057.0,5073.0,5280.285714285715
4,2021-12-29,6689,481,1,1,0,0,c,a,8422,2021,12,52,2,4,0,5309.0,4725.0,5122.0,5241.0,5321.178571428572
4,2021-12-30,5843,441,1,1,0,0,c,a,8422,2021,12,52,3,4,0,5740.0,6227.0,4295.0,5438.142857142857,5377.142857142857
4,2021-12-31,5738,469,1,1,0,0,c,a,8422,2021,12,52,4,4,0,5513.0,6063.0,3812.0,5452.857142857143,5432.428571428572
4,2022-01-03,5033,439,1,0,0,0,c,a,8422,2022,1,1,0,1,0,5521.0,6219.0,4827.0,5485.0,5501.214285714285
4,2022-01-04,5819,462,1,1,0,0,c,a,8422,2022,1,1,1,1,0,4118.0,6070.0,5867.0,5415.285714285715,5508.571428571428
4,2022-01-05,5865,659,1,1,0,0,c,a,8422,2022,1,1,2,1,0,4284.0,4416.0,5429.0,5658.285714285715,5506.857142857143
4,2022-01-06,5922,639,1,1,0,0,c,a,8422,2022,1,1,3,1,0,6202.0,5026.0,5972.0,5884.142857142857,5522.428571428572
4,2022-01-07,5717,430,1,1,0,0,c,a,8422,2022,1,1,4,1,0,6689.0,5309.0,4194.0,5844.142857142857,5520.642857142857
4,2022-01-08,3977,329,1,0,0,0,c,a,8422,2022,1,1,5,1,1,5843.0,5740.0,5261.0,5705.285714285715,5575.035714285715
4,2022-01-10,4381,395,1,0,0,0,c,a,8422,2022,1,2,0,1,0,5738.0,5513.0,5303.0,5438.714285714285,5529.178571428572
4,2022-01-11,5144,459,1,0,0,0,c,a,8422,2022,1,2,1,1,0,5033.0,5521.0,6524.0,5244.857142857143,5496.25
4,2022-01-12,6647,678,1,1,0,0,c,a,8422,2022,1,2,2,1,0,5819.0,4118.0,5364.0,5260.714285714285,5446.964285714285
4,2022-01-13,4763,366,1,0,0,0,c,a,8422,2022,1,2,3,1,0,5865.0,4284.0,6317.0,5379.0,5492.785714285715
4,2022-01-14,4693,541,1,0,0,0,c,a,8422,2022,1,2,4,1,0,5922.0,6202.0,5273.0,5221.571428571428,5437.285714285715
4,2022-01-15,5637,602,1,1,0,0,c,a,8422,2022,1,2,5,1,1,5717.0,6689.0,4725.0,5046.0,5416.571428571428
4,2022-01-17,4819,370,1,0,0,0,c,a,8422,2022,1,3,0,1,0,3977.0,5843.0,6227.0,5034.571428571428,5449.142857142857
4,2022-01-18,5083,492,1,0,0,0,c,a,8422,2022,1,3,1,1,0,4381.0,5738.0,6063.0,5154.857142857143,5398.857142857143
4,2022-01-19,6355,491,1,1,0,0,c,a,8422,2022,1,3,2,1,0,5144.0,5033.0,6219.0,5255.142857142857,5363.857142857143
4,2022-01-20,6037,537,1,1,0,0,c,a,8422,2022,1,3,3,1,0,6647.0,5819.0,6070.0,5428.142857142857,5368.714285714285
4,2022-01-21,6095,642,1,1,0,0,c,a,8422,2022,1,3,4,1,0,4763.0,5865.0,4416.0,5341.0,5367.535714285715
4,2022-01-22,4164,335,1,0,0,0,c,a,8422,2022,1,3,5,1,1,4693.0,5922.0,5026.0,5531.285714285715,5427.5
4,2022-01-24,4395,433,1,0,0,0,c,a,8422,2022,1,4,0,1,0,5637.0,5717.0,5309.0,5455.714285714285,5396.714285714285
4,2022-01-25,6569,797,1,1,0,0,c,a,8422,2022,1,4,1,1,0,4819.0,3977.0,5740.0,5278.285714285715,5364.071428571428
4,2022-01-26,5598,546,1,0,0,0,c,a,8422,2022,1,4,2,1,0,5083.0,4381.0,5513.0,5528.285714285715,5393.678571428572
4,2022-01-27,5702,450,1,0,0,0,c,a,8422,2022,1,4,3,1,0,6355.0,5144.0,5521.0,5601.857142857143,5396.714285714285
4,2022-01-28,4611,436,1,0,0,0,c,a,8422,2022,1,4,4,1,0,6037.0,6647.0,4118.0,5508.571428571428,5403.178571428572
4,2022-01-29,3559,323,1,0,0,0,c,a,8422,2022,1,4,5,1,1,6095.0,4763.0,4284.0,5304.857142857143,5420.785714285715
4,2022-01-31,5201,405,1,1,0,0,c,a,8422,2022,1,5,0,1,0,4164.0,4693.0,6202.0,4942.571428571428,5394.892857142857
4,2022-02-01,6463,500,1,1,0,0,c,a,8422,2022,2,5,1,1,0,4395.0,5637.0,6689.0,5090.714285714285,5359.142857142857
4,2022-02-02,6733,603,1,1,0,0,c,a,8422,2022,2,5,2,1,0,6569.0,4819.0,5843.0,5386.142857142857,5351.071428571428
4,2022-02-03,6192,753,1,1,0,0,c,a,8422,2022,2,5,3,1,0,5598.0,5083.0,5738.0,5409.571428571428,5382.857142857143
4,2022-02-04,4680,363,1,0,0,0,c,a,8422,2022,2,5,4,1,0,5702.0,6355.0,5033.0,5494.428571428572,5399.071428571428
4,2022-02-05,5573,422,1,1,0,0,c,a,8422,2022,2,5,5,1,1,4611.0,6037.0,5819.0,5348.428571428572,5386.464285714285
4,2022-02-07,4765,364,1,0,0,0,c,a,8422,2022,2,6,0,1,0,3559.0,6095.0,5865.0,5485.857142857143,5377.678571428572
4,2022-02-08,5755,480,1,0,0,0,c,a,8422,2022,2,6,1,1,0,5201.0,4164.0,5922.0,5658.142857142857,5338.392857142857
4,2022-02-09,7346,690,1,1,0,0,c,a,8422,2022,2,6,2,1,0,6463.0,4395.0,5717.0,5737.285714285715,5332.428571428572
4,2022-02-10,6409,596,1,1,0,0,c,a,8422,2022,2,6,3,1,0,6733.0,6569.0,3977.0,5863.428571428572,5390.607142857143
4,2022-02-11,4861,443,1,0,0,0,c,a,8422,2022,2,6,4,1,0,6192.0,5598.0,4381.0,5817.142857142857,5477.464285714285
4,2022-02-12,5513,457,1,1,0,0,c,a,8422,2022,2,6,5,1,1,4680.0,5702.0,5144.0,5627.0,5494.607142857143
4,2022-02-14,6284,509,1,1,0,0,c,a,8422,2022,2,7,0,1,0,5573.0,4611.0,6647.0,5746.0,5507.785714285715
4,2022-02-15,5679,449,1,0,0,0,c,a,8422,2022,2,7,1,1,0,4765.0,3559.0,4763.0,5847.571428571428,5494.821428571428
4,2022-02-16,6940,811,1,1,0,0,c,a,8422,2022,2,7,2,1,0,5755.0,5201.0,4693.0,5978.142857142857,5527.535714285715
4,2022-02-17,5106,444,1,0,0,0,c,a,8422,2022,2,7,3,1,0,7346.0,6463.0,5637.0,6147.428571428572,5607.785714285715
4,2022-02-18,5020,617,1,0,0,0,c,a,8422,2022,2,7,4,1,0,6409.0,6733.0,4819.0,5827.428571428572,5588.821428571428
4,2022-02-19,4536,407,1,0,0,0,c,a,8422,2022,2,7,5,1,1,4861.0,6192.0,5083.0,5629.0,5596.0
4,2022-02-21,6473,716,1,1,0,0,c,a,8422,2022,2,8,0,1,0,5513.0,4680.0,6355.0,5582.571428571428,5576.464285714285
4,2022-02-22,5883,564,1,0,0,0,c,a,8422,2022,2,8,1,1,0,6284.0,5573.0,6037.0,5719.714285714285,5580.678571428572
4,2022-02-23,7009,514,1,1,0,0,c,a,8422,2022,2,8,2,1,0,5679.0,4765.0,6095.0,5662.428571428572,5575.178571428572
4,2022-02-24,5561,555,1,0,0,0,c,a,8422,2022,2,8,3,1,0,6940.0,5755.0,4164.0,5852.428571428572,5607.821428571428
4,2022-02-25,4721,371,1,0,0,0,c,a,8422,2022,2,8,4,1,0,5106.0,7346.0,4395.0,5655.428571428572,5657.714285714285
4,2022-02-26,4063,339,1,0,0,0,c,a,8422,2022,2,8,5,1,1,5020.0,6409.0,6569.0,5600.428571428572,5669.357142857143
4,2022-02-28,6187,669,1,1,0,0,c,a,8422,2022,2,9,0,1,0,4536.0,4861.0,5598.0,5463.714285714285,5579.857142857143
4,2022-03-01,5977,442,1,0,0,0,c,a,8422,2022,3,9,1,1,0,6473.0,5513.0,5702.0,5699.571428571428,5600.892857142857
4,2022-03-02,5937,478,1,0,0,0,c,a,8422,2022,3,9,2,1,0,5883.0,6284.0,4611.0,5628.714285714285,5610.714285714285
4,2022-03-03,6638,823,1,1,0,0,c,a,8422,2022,3,9,3,1,0,7009.0,5679.0,3559.0,5636.428571428572,5658.071428571428
4,2022-03-04,6415,742,1,1,0,0,c,a,8422,2022,3,9,4,1,0,5561.0,6940.0,5201.0,5583.428571428572,5768.035714285715
4,2022-03-05,4701,497,1,0,0,0,c,a,8422,2022,3,9,5,1,1,4721.0,5106.0,6463.0,5705.428571428572,5811.392857142857
4,2022-03-07,6332,644,1,1,0,0,c,a,8422,2022,3,10,0,1,0,4063.0,5020.0,6733.0,5702.571428571428,5748.464285714285
4,2022-03-08,6413,669,1,1,0,0,c,a,8422,2022,3,10,1,1,0,6187.0,4536.0,6192.0,6026.714285714285,5734.142857142857
4,2022-03-09,6145,703,1,0,0,0,c,a,8422,2022,3,10,2,1,0,5977.0,6473.0,4680.0,6059.0,5742.035714285715
4,2022-03-10,5371,434,1,0,0,0,c,a,8422,2022,3,10,3,1,0,5937.0,5883.0,5573.0,6083.0,5794.357142857143
4,2022-03-11,5664,485,1,0,0,0,c,a,8422,2022,3,10,4,1,0,6638.0,7009.0,4765.0,6002.142857142857,5787.142857142857
4,2022-03-12,4783,562,1,0,0,0,c,a,8422,2022,3,10,5,1,1,6415.0,5561.0,5755.0,5863.0,5819.25
4,2022-03-14,6216,527,1,1,0,0,c,a,8422,2022,3,11,0,1,0,4701.0,4721.0,7346.0,5629.857142857143,5784.535714285715
4,2022-03-15,6847,624,1,1,0,0,c,a,8422,2022,3,11,1,1,0,6332.0,4063.0,6409.0,5846.285714285715,5744.178571428572
4,2022-03-16,6896,757,1,1,0,0,c,a,8422,2022,3,11,2,1,0,6413.0,6187.0,4861.0,5919.857142857143,5759.821428571428
4,2022-03-17,5711,627,1,0,0,0,c,a,8422,2022,3,11,3,1,0,6145.0,5977.0,5513.0,5988.857142857143,5832.5
4,2022-03-18,4517,450,1,0,0,0,c,a,8422,2022,3,11,4,1,0,5371.0,5937.0,6284.0,5926.857142857143,5839.571428571428
4,2022-03-19,5301,641,1,0,0,0,c,a,8422,2022,3,11,5,1,1,5664.0,6638.0,5679.0,5804.857142857143,5776.464285714285
4,2022-03-21,5089,480,1,0,0,0,c,a,8422,2022,3,12,0,1,0,4783.0,6415.0,6940.0,5753.0,5762.964285714285
4,2022-03-22,6532,490,1,0,0,0,c,a,8422,2022,3,12,1,1,0,6216.0,4701.0,5106.0,5796.714285714285,5696.857142857143
4,2022-03-23,6116,469,1,0,0,0,c,a,8422,2022,3,12,2,1,0,6847.0,6332.0,5020.0,5841.857142857143,5747.785714285715
4,2022-03-24,5843,530,1,0,0,0,c,a,8422,2022,3,12,3,1,0,6896.0,6413.0,4536.0,5737.428571428572,5786.928571428572
4,2022-03-25,6289,696,1,1,0,0,c,a,8422,2022,3,12,4,1,0,5711.0,6145.0,6473.0,5587.0,5833.607142857143
4,2022-03-26,5214,449,1,1,0,0,c,a,8422,2022,3,12,5,1,1,4517.0,5371.0,5883.0,5669.571428571428,5827.035714285715
4,2022-03-28,7001,847,1,1,0,0,c,a,8422,2022,3,13,0,1,0,5301.0,5664.0,7009.0,5769.142857142857,5803.142857142857
4,2022-03-29,7064,538,1,1,0,0,c,a,8422,2022,3,13,1,1,0,5089.0,4783.0,5561.0,6012.0,5802.857142857143
4,2022-03-30,7340,569,1,1,0,0,c,a,8422,2022,3,13,2,1,0,6532.0,6216.0,4721.0,6294.142857142857,5856.535714285715
4,2022-03-31,7284,886,1,1,0,0,c,a,8422,2022,3,13,3,1,0,6116.0,6847.0,4063.0,6409.571428571428,5950.071428571428
4,2022-04-01,6566,546,1,1,0,0,c,a,8422,2022,4,13,4,2,0,5843.0,6896.0,6187.0,6576.428571428572,6065.107142857143
4,2022-04-02,5492,452,1,0,0,0,c,a,8422,2022,4,13,5,2,1,6289.0,5711.0,5977.0,6679.714285714285,6078.642857142857
4,2022-04-04,6818,531,1,0,0,0,c,a,8422,2022,4,14,0,2,0,5214.0,4517.0,5937.0,6565.857142857143,6061.321428571428
4,2022-04-05,6712,590,1,0,0,0,c,a,8422,2022,4,14,1,2,0,7001.0,5301.0,6638.0,6795.0,6092.785714285715
4,2022-04-06,6466,780,1,0,0,0,c,a,8422,2022,4,14,2,2,0,7064.0,5089.0,6415.0,6753.714285714285,6095.428571428572
4,2022-04-07,7005,742,1,1,0,0,c,a,8422,2022,4,14,3,2,0,7340.0,6532.0,4701.0,6668.285714285715,6097.25
4,2022-04-08,5739,566,1,0,0,0,c,a,8422,2022,4,14,4,2,0,7284.0,6116.0,6332.0,6620.428571428572,6179.535714285715
4,2022-04-09,5505,555,1,0,0,0,c,a,8422,2022,4,14,5,2,1,6566.0,5843.0,6413.0,6399.714285714285,6158.357142857143
4,2022-04-11,6521,476,1,1,0,0,c,a,8422,2022,4,15,0,2,0,5492.0,6289.0,6145.0,6248.142857142857,6125.928571428572
4,2022-04-12,7795,780,1,1,0,0,c,a,8422,2022,4,15,1,2,0,6818.0,5214.0,5371.0,6395.142857142857,6139.357142857143
4,2022-04-13,6944,833,1,0,0,0,c,a,8422,2022,4,15,2,2,0,6712.0,7001.0,5664.0,6534.714285714285,6225.928571428572
4,2022-04-14,6527,474,1,0,0,0,c,a,8422,2022,4,15,3,2,0,6466.0,7064.0,4783.0,6567.857142857143,6271.642857142857
4,2022-04-16,5521,396,1,0,0,0,c,a,8422,2022,4,15,5,2,1,7005.0,7340.0,6216.0,6576.571428571428,6333.928571428572
4,2022-04-18,5999,716,1,0,0,0,c,a,8422,2022,4,16,0,2,0,5739.0,7284.0,6847.0,6364.571428571428,6309.107142857143
4,2022-04-19,6777,515,1,0,0,0,c,a,8422,2022,4,16,1,2,0,5505.0,6566.0,6896.0,6401.714285714285,6278.821428571428
4,2022-04-20,6492,633,1,0,0,0,c,a,8422,2022,4,16,2,2,0,6521.0,5492.0,5711.0,6583.428571428572,6274.571428571428
4,2022-04-21,6827,646,1,0,0,0,c,a,8422,2022,4,16,3,2,0,7795.0,6818.0,4517.0,6579.285714285715,6302.464285714285
4,2022-04-22,5562,455,1,0,0,0,c,a,8422,2022,4,16,4,2,0,6944.0,6712.0,5301.0,6441.0,6384.964285714285
4,2022-04-23,7362,691,1,1,0,0,c,a,8422,2022,4,16,5,2,1,6527.0,6466.0,5089.0,6243.571428571428,6394.285714285715
4,2022-04-25,6655,562,1,0,0,0,c,a,8422,2022,4,17,0,2,0,5521.0,7005.0,6532.0,6362.857142857143,6475.464285714285
4,2022-04-26,7992,852,1,1,0,0,c,a,8422,2022,4,17,1,2,0,5999.0,5739.0,6116.0,6524.857142857143,6479.857142857143
4,2022-04-27,8124,681,1,1,0,0,c,a,8422,2022,4,17,2,2,0,6777.0,5505.0,5843.0,6809.571428571428,6546.857142857143
4,2022-04-28,6505,600,1,0,0,0,c,a,8422,2022,4,17,3,2,0,6492.0,6521.0,6289.0,7002.0,6628.321428571428
4,2022-04-29,7129,590,1,1,0,0,c,a,8422,2022,4,17,4,2,0,6827.0,7795.0,5214.0,7003.857142857143,6636.035714285715
4,2022-04-30,5989,662,1,1,0,0,c,a,8422,2022,4,17,5,2,1,5562.0,6944.0,7001.0,7047.0,6704.428571428572
4,2022-05-02,6815,602,1,1,0,0,c,a,8422,2022,5,18,0,2,0,7362.0,6527.0,7064.0,7108.0,6668.285714285715
4,2022-05-03,7575,727,1,0,0,0,c,a,8422,2022,5,18,1,2,0,6655.0,5521.0,7340.0,7029.857142857143,6659.392857142857
4,2022-05-04,7195,619,1,0,0,0,c,a,8422,2022,5,18,2,2,0,7992.0,5999.0,7284.0,7161.285714285715,6667.785714285715
4,2022-05-05,6903,756,1,0,0,0,c,a,8422,2022,5,18,3,2,0,8124.0,6777.0,6566.0,7047.428571428572,6664.607142857143
4,2022-05-06,5758,545,1,0,0,0,c,a,8422,2022,5,18,4,2,0,6505.0,6492.0,5492.0,6873.0,6676.642857142857
4,2022-05-07,6086,483,1,0,0,0,c,a,8422,2022,5,18,5,2,1,7129.0,6827.0,6818.0,6766.285714285715,6686.142857142857
4,2022-05-09,7135,673,1,1,0,0,c,a,8422,2022,5,19,0,2,0,5989.0,5562.0,6712.0,6617.285714285715,6660.0
4,2022-05-10,7441,825,1,0,0,0,c,a,8422,2022,5,19,1,2,0,6815.0,7362.0,6466.0,6781.0,6675.107142857143
4,2022-05-11,7091,769,1,0,0,0,c,a,8422,2022,5,19,2,2,0,7575.0,6655.0,7005.0,6870.428571428572,6709.928571428572
4,2022-05-12,6736,568,1,0,0,0,c,a,8422,2022,5,19,3,2,0,7195.0,7992.0,5739.0,6801.285714285715,6713.0
4,2022-05-13,7608,863,1,1,0,0,c,a,8422,2022,5,19,4,2,0,6903.0,8124.0,5505.0,6735.714285714285,6748.607142857143
4,2022-05-14,6824,590,1,1,0,0,c,a,8422,2022,5,19,5,2,1,5758.0,6505.0,6521.0,6836.428571428572,6823.714285714285
4,2022-05-16,7701,644,1,1,0,0,c,a,8422,2022,5,20,0,2,0,6086.0,7129.0,7795.0,6988.714285714285,6834.535714285715
4,2022-05-17,7373,847,1,0,0,0,c,a,8422,2022,5,20,1,2,0,7135.0,5989.0,6944.0,7219.428571428572,6831.178571428572
4,2022-05-18,7515,927,1,0,0,0,c,a,8422,2022,5,20,2,2,0,7441.0,6815.0,6527.0,7253.428571428572,6846.5
4,2022-05-19,6768,641,1,0,0,0,c,a,8422,2022,5,20,3,2,0,7091.0,7575.0,5521.0,7264.0,6881.785714285715
4,2022-05-20,6587,817,1,0,0,0,c,a,8422,2022,5,20,4,2,0,6736.0,7195.0,5999.0,7217.857142857143,6926.321428571428
4,2022-05-21,6860,526,1,0,0,0,c,a,8422,2022,5,20,5,2,1,7608.0,6903.0,6777.0,7196.571428571428,6947.321428571428
4,2022-05-23,6571,570,1,0,0,0,c,a,8422,2022,5,21,0,2,0,6824.0,5758.0,6492.0,7089.714285714285,6950.285714285715
4,2022-05-24,8419,951,1,1,0,0,c,a,8422,2022,5,21,1,2,0,7701.0,6086.0,6827.0,7053.571428571428,6953.107142857143
4,2022-05-25,7210,554,1,0,0,0,c,a,8422,2022,5,21,2,2,0,7373.0,7135.0,5562.0,7156.142857142857,7009.964285714285
4,2022-05-26,6943,582,1,0,0,0,c,a,8422,2022,5,21,3,2,0,7515.0,7441.0,7362.0,7132.857142857143,7068.821428571428
4,2022-05-27,6620,578,1,0,0,0,c,a,8422,2022,5,21,4,2,0,6768.0,7091.0,6655.0,7051.142857142857,7053.857142857143
4,2022-05-28,5732,517,1,0,0,0,c,a,8422,2022,5,21,5,2,1,6587.0,6736.0,7992.0,7030.0,7052.607142857143
4,2022-05-30,6616,698,1,0,0,0,c,a,8422,2022,5,22,0,2,0,6860.0,7608.0,8124.0,6907.857142857143,6971.892857142857
4,2022-05-31,8548,1054,1,1,0,0,c,a,8422,2022,5,22,1,2,0,6571.0,6824.0,6505.0,6873.0,6918.035714285715
4,2022-06-01,7717,563,1,0,0,0,c,a,8422,2022,6,22,2,2,0,8419.0,7701.0,7129.0,7155.428571428572,6991.0
4,2022-06-02,7973,727,1,1,0,0,c,a,8422,2022,6,22,3,2,0,7210.0,7373.0,5989.0,7055.142857142857,7012.0
4,2022-06-03,6945,506,1,1,0,0,c,a,8422,2022,6,22,4,2,0,6943.0,7515.0,6815.0,7164.142857142857,7082.857142857143
4,2022-06-04,5914,586,1,0,0,0,c,a,8422,2022,6,22,5,2,1,6620.0,6768.0,7575.0,7164.428571428572,7087.5
4,2022-06-06,7822,717,1,1,0,0,c,a,8422,2022,6,23,0,2,0,5732.0,6587.0,7195.0,7063.571428571428,7028.178571428572
4,2022-06-07,7203,733,1,0,0,0,c,a,8422,2022,6,23,1,2,0,6616.0,6860.0,6903.0,7362.142857142857,7050.571428571428
4,2022-06-08,8456,810,1,1,0,0,c,a,8422,2022,6,23,2,2,0,8548.0,6571.0,5758.0,7446.0,7061.285714285715
4,2022-06-09,6542,709,1,0,0,0,c,a,8422,2022,6,23,3,2,0,7717.0,8419.0,6086.0,7432.857142857143,7157.642857142857
4,2022-06-10,7449,562,1,1,0,0,c,a,8422,2022,6,23,4,2,0,7973.0,7210.0,7135.0,7265.0,7173.928571428572
4,2022-06-11,6339,539,1,0,0,0,c,a,8422,2022,6,23,5,2,1,6945.0,6943.0,7441.0,7190.142857142857,7185.142857142857
4,2022-06-13,7359,845,1,0,0,0,c,a,8422,2022,6,24,0,2,0,5914.0,6620.0,7091.0,7103.571428571428,7145.785714285715
4,2022-06-14,7492,907,1,0,0,0,c,a,8422,2022,6,24,1,2,0,7822.0,5732.0,6736.0,7310.0,7155.357142857143
4,2022-06-15,8716,641,1,1,0,0,c,a,8422,2022,6,24,2,2,0,7203.0,6616.0,7608.0,7262.857142857143,7182.357142857143
4,2022-06-16,6569,792,1,0,0,0,c,a,8422,2022,6,24,3,2,0,8456.0,8548.0,6824.0,7479.0,7221.928571428572
4,2022-06-17,7487,573,1,1,0,0,c,a,8422,2022,6,24,4,2,0,6542.0,7717.0,7701.0,7209.428571428572,7212.821428571428
4,2022-06-18,6881,585,1,1,0,0,c,a,8422,2022,6,24,5,2,1,7449.0,7973.0,7373.0,7344.428571428572,7205.178571428572
4,2022-06-20,6688,494,1,0,0,0,c,a,8422,2022,6,25,0,2,0,6339.0,6945.0,7515.0,7263.285714285715,7187.607142857143
4,2022-06-21,7305,638,1,0,0,0,c,a,8422,2022,6,25,1,2,0,7359.0,5914.0,6768.0,7313.142857142857,7158.071428571428
4,2022-06-22,8079,672,1,1,0,0,c,a,8422,2022,6,25,2,2,0,7492.0,7822.0,6587.0,7305.428571428572,7177.25
4,2022-06-23,6780,711,1,0,0,0,c,a,8422,2022,6,25,3,2,0,8716.0,7203.0,6860.0,7389.285714285715,7230.535714285715
4,2022-06-24,7041,628,1,0,0,0,c,a,8422,2022,6,25,4,2,0,6569.0,8456.0,6571.0,7112.714285714285,7227.678571428572
4,2022-06-25,7469,536,1,1,0,0,c,a,8422,2022,6,25,5,2,1,7487.0,6542.0,8419.0,7180.142857142857,7244.464285714285
4,2022-06-27,6775,487,1,0,0,0,c,a,8422,2022,6,26,0,2,0,6881.0,7449.0,7210.0,7177.571428571428,7210.535714285715
4,2022-06-28,7883,770,1,0,0,0,c,a,8422,2022,6,26,1,2,0,6688.0,6339.0,6943.0,7162.428571428572,7195.0
4,2022-06-29,8891,997,1,1,0,0,c,a,8422,2022,6,26,2,2,0,7305.0,7359.0,6620.0,7333.142857142857,7228.571428571428
4,2022-06-30,6862,612,1,0,0,0,c,a,8422,2022,6,26,3,2,0,8079.0,7492.0,5732.0,7559.714285714285,7309.678571428572
4,2022-07-01,7705,780,1,1,0,1,c,a,8422,2022,7,26,4,3,0,6780.0,8716.0,6616.0,7385.857142857143,7350.035714285715
4,2022-07-02,7804,700,1,1,0,1,c,a,8422,2022,7,26,5,3,1,7041.0,6569.0,8548.0,7518.0,7388.928571428572
4,2022-07-04,7321,730,1,0,0,1,c,a,8422,2022,7,27,0,3,0,7469.0,7487.0,7717.0,7627.0,7362.357142857143
4,2022-07-05,8589,633,1,1,0,1,c,a,8422,2022,7,27,1,3,0,6775.0,6881.0,7973.0,7605.857142857143,7348.214285714285
4,2022-07-06,8125,776,1,0,0,1,c,a,8422,2022,7,27,2,3,0,7883.0,6688.0,6945.0,7865.0,7370.214285714285
4,2022-07-07,8037,607,1,0,0,1,c,a,8422,2022,7,27,3,3,0,8891.0,7305.0,5914.0,7899.571428571428,7412.357142857143
4,2022-07-08,7033,542,1,0,0,1,c,a,8422,2022,7,27,4,3,0,6862.0,8079.0,7822.0,7777.571428571428,7488.178571428572
4,2022-07-09,7672,698,1,1,0,1,c,a,8422,2022,7,27,5,3,1,7705.0,6780.0,7203.0,7802.0,7460.0
4,2022-07-11,7298,639,1,0,0,1,c,a,8422,2022,7,28,0,3,0,7804.0,7041.0,8456.0,7797.285714285715,7476.75
4,2022-07-12,7905,570,1,0,0,1,c,a,8422,2022,7,28,1,3,0,7321.0,7469.0,6542.0,7725.0,7435.392857142857
4,2022-07-13,8593,787,1,0,0,1,c,a,8422,2022,7,28,2,3,0,8589.0,6775.0,7449.0,7808.428571428572,7484.071428571428
4,2022-07-14,7786,693,1,0,0,1,c,a,8422,2022,7,28,3,3,0,8125.0,7883.0,6339.0,7809.0,7524.928571428572
4,2022-07-15,8627,622,1,1,0,1,c,a,8422,2022,7,28,4,3,0,8037.0,8891.0,7359.0,7760.571428571428,7576.607142857143
4,2022-07-16,7409,619,1,1,0,1,c,a,8422,2022,7,28,5,3,1,7033.0,6862.0,7492.0,7844.857142857143,7621.892857142857
4,2022-07-18,8363,811,1,1,0,1,c,a,8422,2022,7,29,0,3,0,7672.0,7705.0,8716.0,7898.571428571428,7618.928571428572
4,2022-07-19,7961,771,1,0,0,1,c,a,8422,2022,7,29,1,3,0,7298.0,7804.0,6569.0,7997.285714285715,7606.321428571428
4,2022-07-20,8992,801,1,1,0,1,c,a,8422,2022,7,29,2,3,0,7905.0,7321.0,7487.0,8092.0,7656.035714285715
4,2022-07-21,7938,739,1,0,0,1,c,a,8422,2022,7,29,3,3,0,8593.0,8589.0,6881.0,8247.285714285714,7709.785714285715
4,2022-07-22,7608,676,1,1,0,1,c,a,8422,2022,7,29,4,3,0,7786.0,8125.0,6688.0,8153.714285714285,7747.535714285715
4,2022-07-23,6527,471,1,0,0,1,c,a,8422,2022,7,29,5,3,1,8627.0,8037.0,7305.0,8128.285714285715,7780.392857142857
4,2022-07-25,7248,793,1,0,0,1,c,a,8422,2022,7,30,0,3,0,7409.0,7033.0,8079.0,7828.285714285715,7752.607142857143
4,2022-07-26,8869,699,1,1,0,1,c,a,8422,2022,7,30,1,3,0,8363.0,7672.0,6780.0,7805.285714285715,7722.928571428572
4,2022-07-27,8605,855,1,1,0,1,c,a,8422,2022,7,30,2,3,0,7961.0,7298.0,7041.0,7877.571428571428,7797.535714285715
4,2022-07-28,8659,1008,1,1,0,1,c,a,8422,2022,7,30,3,3,0,8992.0,7905.0,7469.0,7969.571428571428,7853.392857142857
4,2022-07-29,7238,741,1,0,0,1,c,a,8422,2022,7,30,4,3,0,7938.0,8593.0,6775.0,7922.0,7895.892857142857
4,2022-07-30,7528,808,1,1,0,1,c,a,8422,2022,7,30,5,3,1,7608.0,7786.0,7883.0,7822.0,7912.428571428572
4,2022-08-01,7380,578,1,0,0,1,c,a,8422,2022,8,31,0,3,0,6527.0,8627.0,8891.0,7810.571428571428,7899.75
4,2022-08-02,8893,959,1,1,0,1,c,a,8422,2022,8,31,1,3,0,7248.0,7409.0,6862.0,7932.428571428572,7845.785714285715
4,2022-08-03,8195,837,1,0,0,1,c,a,8422,2022,8,31,2,3,0,8869.0,8363.0,7705.0,8167.428571428572,7918.321428571428
4,2022-08-04,8480,792,1,1,0,1,c,a,8422,2022,8,31,3,3,0,8605.0,7961.0,7804.0,8071.142857142857,7935.821428571428
4,2022-08-05,7703,628,1,1,0,1,c,a,8422,2022,8,31,4,3,0,8659.0,8992.0,7321.0,8053.285714285715,7959.964285714285
4,2022-08-06,6016,442,1,0,0,1,c,a,8422,2022,8,31,5,3,1,7238.0,7938.0,8589.0,7916.714285714285,7973.607142857143
4,2022-08-08,8485,707,1,1,0,1,c,a,8422,2022,8,32,0,3,0,7528.0,7608.0,8125.0,7742.142857142857,7881.714285714285
4,2022-08-09,8724,920,1,1,0,1,c,a,8422,2022,8,32,1,3,0,7380.0,6527.0,8037.0,7878.857142857143,7894.571428571428
4,2022-08-10,8018,810,1,0,0,1,c,a,8422,2022,8,32,2,3,0,8893.0,7248.0,7033.0,8070.857142857143,7919.107142857143
4,2022-08-11,7524,650,1,0,0,1,c,a,8422,2022,8,32,3,3,0,8195.0,8869.0,7672.0,7945.857142857143,7954.285714285715
4,2022-08-12,7159,706,1,0,0,1,c,a,8422,2022,8,32,4,3,0,8480.0,8605.0,7298.0,7850.0,7949.0
4,2022-08-13,7804,708,1,1,0,1,c,a,8422,2022,8,32,5,3,1,7703.0,8659.0,7905.0,7661.285714285715,7944.035714285715
4,2022-08-15,7947,603,1,1,0,1,c,a,8422,2022,8,33,0,3,0,6016.0,7238.0,8593.0,7675.714285714285,7940.428571428572
4,2022-08-16,7131,689,1,0,0,1,c,a,8422,2022,8,33,1,3,0,8485.0,7528.0,7786.0,7951.571428571428,7917.357142857143
4,2022-08-17,7545,802,1,0,0,1,c,a,8422,2022,8,33,2,3,0,8724.0,7380.0,8627.0,7758.142857142857,7893.964285714285
4,2022-08-18,8068,648,1,1,0,1,c,a,8422,2022,8,33,3,3,0,8018.0,8893.0,7409.0,7589.714285714285,7855.321428571428
4,2022-08-19,6186,712,1,0,0,1,c,a,8422,2022,8,33,4,3,0,7524.0,8195.0,8363.0,7596.857142857143,7878.857142857143
4,2022-08-20,7418,806,1,1,0,1,c,a,8422,2022,8,33,5,3,1,7159.0,8480.0,7961.0,7405.714285714285,7801.107142857143
4,2022-08-22,7905,637,1,1,0,1,c,a,8422,2022,8,34,0,3,0,7804.0,7703.0,8992.0,7442.714285714285,7781.714285714285
4,2022-08-23,8473,841,1,1,0,1,c,a,8422,2022,8,34,1,3,0,7947.0,6016.0,7938.0,7457.142857142857,7742.892857142857
4,2022-08-24,7313,553,1,0,0,1,c,a,8422,2022,8,34,2,3,0,7131.0,8485.0,7608.0,7532.285714285715,7762.0
4,2022-08-25,7222,783,1,0,0,1,c,a,8422,2022,8,34,3,3,0,7545.0,8724.0,6527.0,7558.285714285715,7751.464285714285
4,2022-08-26,6379,585,1,0,0,1,c,a,8422,2022,8,34,4,3,0,8068.0,8018.0,7248.0,7512.142857142857,7776.285714285715
4,2022-08-27,7295,799,1,1,0,1,c,a,8422,2022,8,34,5,3,1,6186.0,7524.0,8869.0,7270.857142857143,7745.25
4,2022-08-29,7362,544,1,0,0,1,c,a,8422,2022,8,35,0,3,0,7418.0,7159.0,8605.0,7429.285714285715,7689.035714285715
4,2022-08-30,6794,807,1,0,0,1,c,a,8422,2022,8,35,1,3,0,7905.0,7804.0,8659.0,7421.285714285715,7644.642857142857
4,2022-08-31,7671,938,1,0,0,1,c,a,8422,2022,8,35,2,3,0,8473.0,7947.0,7238.0,7262.571428571428,7578.035714285715
4,2022-09-01,6308,559,1,0,0,0,c,a,8422,2022,9,35,3,3,0,7313.0,7131.0,7528.0,7148.0,7593.5
4,2022-09-02,5747,420,1,0,0,0,c,a,8422,2022,9,35,4,3,0,7222.0,7545.0,7380.0,7004.428571428572,7549.928571428572
4,2022-09-03,5745,424,1,0,0,0,c,a,8422,2022,9,35,5,3,1,6379.0,8068.0,8893.0,6793.714285714285,7491.607142857143
4,2022-09-05,6083,506,1,0,0,0,c,a,8422,2022,9,36,0,3,0,7295.0,6186.0,8195.0,6703.142857142857,7379.178571428572
4,2022-09-06,7080,640,1,0,0,0,c,a,8422,2022,9,36,1,3,0,7362.0,7418.0,8480.0,6530.0,7303.75
4,2022-09-07,8453,1007,1,1,0,0,c,a,8422,2022,9,36,2,3,0,6794.0,7905.0,7703.0,6489.714285714285,7253.75
4,2022-09-08,7163,626,1,0,0,0,c,a,8422,2022,9,36,3,3,0,7671.0,8473.0,6016.0,6726.714285714285,7280.535714285715
4,2022-09-09,5688,598,1,0,0,0,c,a,8422,2022,9,36,4,3,0,6308.0,7313.0,8485.0,6654.142857142857,7321.5
4,2022-09-10,5332,463,1,0,0,0,c,a,8422,2022,9,36,5,3,1,5747.0,7222.0,8724.0,6565.571428571428,7221.607142857143
4,2022-09-12,7420,622,1,1,0,0,c,a,8422,2022,9,37,0,3,0,5745.0,6379.0,8018.0,6506.285714285715,7100.464285714285
4,2022-09-13,7636,587,1,1,0,0,c,a,8422,2022,9,37,1,3,0,6083.0,7295.0,7524.0,6745.571428571428,7079.107142857143
4,2022-09-14,7386,791,1,1,0,0,c,a,8422,2022,9,37,2,3,0,7080.0,7362.0,7159.0,6967.428571428572,7083.107142857143
4,2022-09-15,7195,523,1,1,0,0,c,a,8422,2022,9,37,3,3,0,8453.0,6794.0,7804.0,7011.142857142857,7091.214285714285
4,2022-09-16,7603,723,1,1,0,0,c,a,8422,2022,9,37,4,3,0,7163.0,7671.0,7947.0,6831.428571428572,7069.464285714285
4,2022-09-17,5525,671,1,0,0,0,c,a,8422,2022,9,37,5,3,1,5688.0,6308.0,7131.0,6894.285714285715,7057.178571428572
4,2022-09-19,5800,438,1,0,0,0,c,a,8422,2022,9,38,0,3,0,5332.0,5747.0,7545.0,6871.0,6999.821428571428
4,2022-09-20,7167,814,1,0,0,0,c,a,8422,2022,9,38,1,3,0,7420.0,5745.0,8068.0,6937.857142857143,6937.5
4,2022-09-21,7299,650,1,1,0,0,c,a,8422,2022,9,38,2,3,0,7636.0,6083.0,6186.0,6901.714285714285,6905.321428571428
4,2022-09-22,6557,480,1,0,0,0,c,a,8422,2022,9,38,3,3,0,7386.0,7080.0,7418.0,6853.571428571428,6945.071428571428
4,2022-09-23,6706,508,1,1,0,0,c,a,8422,2022,9,38,4,3,0,7195.0,8453.0,7905.0,6735.142857142857,6914.321428571428
4,2022-09-24,5914,453,1,1,0,0,c,a,8422,2022,9,38,5,3,1,7603.0,7163.0,8473.0,6665.285714285715,6871.5
4,2022-09-26,6037,487,1,0,0,0,c,a,8422,2022,9,39,0,3,0,5525.0,5688.0,7313.0,6424.0,6780.107142857143
4,2022-09-27,6590,494,1,0,0,0,c,a,8422,2022,9,39,1,3,0,5800.0,5332.0,7222.0,6497.142857142857,6734.535714285715
4,2022-09-28,7419,836,1,1,0,0,c,a,8422,2022,9,39,2,3,0,7167.0,7420.0,6379.0,6610.0,6711.964285714285
4,2022-09-29,6497,605,1,0,0,0,c,a,8422,2022,9,39,3,3,0,7299.0,7636.0,7295.0,6646.0,6749.107142857143
4,2022-09-30,6569,503,1,0,0,0,c,a,8422,2022,9,39,4,3,0,6557.0,7386.0,7362.0,6531.428571428572,6720.607142857143
4,2022-10-01,5428,548,1,0,0,0,c,a,8422,2022,10,39,5,4,1,6706.0,7195.0,6794.0,6533.142857142857,6692.285714285715
4,2022-10-03,7482,688,1,1,0,0,c,a,8422,2022,10,40,0,4,0,5914.0,7603.0,7671.0,6350.571428571428,6643.5
4,2022-10-04,6799,739,1,0,0,0,c,a,8422,2022,10,40,1,4,0,6037.0,5525.0,6308.0,6574.571428571428,6636.75
4,2022-10-05,6055,459,1,0,0,0,c,a,8422,2022,10,40,2,4,0,6590.0,5800.0,5747.0,6683.428571428572,6654.285714285715
4,2022-10-06,5930,438,1,0,0,0,c,a,8422,2022,10,40,3,4,0,7419.0,7167.0,5745.0,6607.0,6665.285714285715
4,2022-10-07,5549,581,1,0,0,0,c,a,8422,2022,10,40,4,4,0,6497.0,7299.0,6083.0,6394.285714285715,6671.892857142857
4,2022-10-08,6611,480,1,1,0,0,c,a,8422,2022,10,40,5,4,1,6569.0,6557.0,7080.0,6258.857142857143,6652.821428571428
4,2022-10-10,6626,808,1,1,0,0,c,a,8422,2022,10,41,0,4,0,5428.0,6706.0,8453.0,6264.857142857143,6636.071428571428
4,2022-10-11,7150,550,1,1,0,0,c,a,8422,2022,10,41,1,4,0,7482.0,5914.0,7163.0,6436.0,6570.821428571428
4,2022-10-12,7380,721,1,1,0,0,c,a,8422,2022,10,41,2,4,0,6799.0,6037.0,5688.0,6388.571428571428,6570.357142857143
4,2022-10-13,6101,450,1,0,0,0,c,a,8422,2022,10,41,3,4,0,6055.0,6590.0,5332.0,6471.571428571428,6630.785714285715
4,2022-10-14,4676,485,1,0,0,0,c,a,8422,2022,10,41,4,4,0,5930.0,7419.0,7420.0,6478.142857142857,6658.25
4,2022-10-15,6080,647,1,1,0,0,c,a,8422,2022,10,41,5,4,1,5549.0,6497.0,7636.0,6299.0,6560.25
4,2022-10-17,7108,574,1,1,0,0,c,a,8422,2022,10,42,0,4,0,6611.0,6569.0,7386.0,6374.857142857143,6504.678571428572
4,2022-10-18,6751,503,1,1,0,0,c,a,8422,2022,10,42,1,4,0,6626.0,5428.0,7195.0,6445.857142857143,6494.75
4,2022-10-19,6519,809,1,0,0,0,c,a,8422,2022,10,42,2,4,0,7150.0,7482.0,7603.0,6463.714285714285,6478.892857142857
4,2022-10-20,5416,446,1,0,0,0,c,a,8422,2022,10,42,3,4,0,7380.0,6799.0,5525.0,6373.571428571428,6440.178571428572
4,2022-10-21,5874,466,1,0,0,0,c,a,8422,2022,10,42,4,4,0,6101.0,6055.0,5800.0,6093.0,6436.285714285715
4,2022-10-22,4676,396,1,0,0,0,c,a,8422,2022,10,42,5,4,1,4676.0,5930.0,7167.0,6060.571428571428,6438.928571428572
4,2022-10-24,5787,649,1,0,0,0,c,a,8422,2022,10,43,0,4,0,6080.0,5549.0,7299.0,6060.571428571428,6349.964285714285
4,2022-10-25,5878,678,1,0,0,0,c,a,8422,2022,10,43,1,4,0,7108.0,6611.0,6557.0,6018.714285714285,6295.964285714285
4,2022-10-26,5604,437,1,0,0,0,c,a,8422,2022,10,43,2,4,0,6751.0,6626.0,6706.0,5843.0,6271.714285714285
4,2022-10-27,6773,556,1,1,0,0,c,a,8422,2022,10,43,3,4,0,6519.0,7150.0,5914.0,5679.142857142857,6232.357142857143
4,2022-10-28,4614,418,1,0,0,0,c,a,8422,2022,10,43,4,4,0,5416.0,7380.0,6037.0,5715.428571428572,6263.035714285715
4,2022-10-29,4200,347,1,0,0,0,c,a,8422,2022,10,43,5,4,1,5874.0,6101.0,6590.0,5600.857142857143,6212.214285714285
4,2022-10-31,5060,557,1,0,0,0,c,a,8422,2022,10,44,0,4,0,4676.0,4676.0,7419.0,5361.714285714285,6126.857142857143
4,2022-11-01,6503,721,1,1,0,0,c,a,8422,2022,11,44,1,4,0,5787.0,6080.0,6497.0,5416.571428571428,6042.607142857143
4,2022-11-02,7272,670,1,1,0,0,c,a,8422,2022,11,44,2,4,0,5878.0,7108.0,6569.0,5518.857142857143,6042.821428571428
4,2022-11-03,6614,713,1,1,0,0,c,a,8422,2022,11,44,3,4,0,5604.0,6751.0,5428.0,5718.0,6067.928571428572
4,2022-11-04,5903,516,1,1,0,0,c,a,8422,2022,11,44,4,4,0,6773.0,6519.0,7482.0,5862.285714285715,6110.285714285715
4,2022-11-05,5227,512,1,1,0,0,c,a,8422,2022,11,44,5,4,1,4614.0,5416.0,6799.0,5738.0,6053.892857142857
4,2022-11-07,5143,583,1,0,0,0,c,a,8422,2022,11,45,0,4,0,4200.0,5874.0,6055.0,5825.571428571428,5997.75
4,2022-11-08,7417,540,1,1,0,0,c,a,8422,2022,11,45,1,4,0,5060.0,4676.0,5930.0,5960.285714285715,5965.178571428572
4,2022-11-09,6946,742,1,1,0,0,c,a,8422,2022,11,45,2,4,0,6503.0,5787.0,5549.0,6297.0,6018.285714285715
4,2022-11-10,5298,604,1,0,0,0,c,a,8422,2022,11,45,3,4,0,7272.0,5878.0,6611.0,6360.285714285715,6068.178571428572
4,2022-11-11,4234,503,1,0,0,0,c,a,8422,2022,11,45,4,4,0,6614.0,5604.0,6626.0,6078.285714285715,6021.285714285715
4,2022-11-12,5136,474,1,0,0,0,c,a,8422,2022,11,45,5,4,1,5903.0,6773.0,7150.0,5738.285714285715,5935.857142857143
4,2022-11-14,5046,382,1,0,0,0,c,a,8422,2022,11,46,0,4,0,5227.0,4614.0,7380.0,5628.714285714285,5863.928571428572
4,2022-11-15,5858,590,1,0,0,0,c,a,8422,2022,11,46,1,4,0,5143.0,4200.0,6101.0,5602.857142857143,5780.571428571428
4,2022-11-16,5411,508,1,0,0,0,c,a,8422,2022,11,46,2,4,0,7417.0,5060.0,4676.0,5705.0,5771.892857142857
4,2022-11-17,5273,564,1,0,0,0,c,a,8422,2022,11,46,3,4,0,6946.0,6503.0,6080.0,5418.428571428572,5798.142857142857
4,2022-11-18,6086,553,1,1,0,0,c,a,8422,2022,11,46,4,4,0,5298.0,7272.0,7108.0,5179.428571428572,5769.321428571428
4,2022-11-19,5672,411,1,1,0,0,c,a,8422,2022,11,46,5,4,1,4234.0,6614.0,6751.0,5292.0,5732.821428571428
4,2022-11-21,5447,522,1,0,0,0,c,a,8422,2022,11,47,0,4,0,5136.0,5903.0,6519.0,5497.428571428572,5694.285714285715
4,2022-11-22,5925,435,1,0,0,0,c,a,8422,2022,11,47,1,4,0,5046.0,5227.0,5416.0,5541.857142857143,5656.0
4,2022-11-23,6281,764,1,1,0,0,c,a,8422,2022,11,47,2,4,0,5858.0,5143.0,5874.0,5667.428571428572,5674.178571428572
4,2022-11-24,5504,537,1,0,0,0,c,a,8422,2022,11,47,3,4,0,5411.0,7417.0,4676.0,5727.857142857143,5688.714285714285
4,2022-11-25,5242,511,1,0,0,0,c,a,8422,2022,11,47,4,4,0,5273.0,6946.0,5787.0,5741.142857142857,5718.285714285715
4,2022-11-26,5674,518,1,1,0,0,c,a,8422,2022,11,47,5,4,1,6086.0,5298.0,5878.0,5736.714285714285,5698.821428571428
4,2022-11-28,4451,322,1,0,0,0,c,a,8422,2022,11,48,0,4,0,5672.0,4234.0,5604.0,5677.857142857143,5691.535714285715
4,2022-11-29,5793,585,1,1,0,0,c,a,8422,2022,11,48,1,4,0,5447.0,5136.0,6773.0,5503.428571428572,5650.357142857143
4,2022-11-30,6291,579,1,1,0,0,c,a,8422,2022,11,48,2,4,0,5925.0,5046.0,4614.0,5552.857142857143,5615.357142857143
4,2022-12-01,6068,591,1,1,0,0,c,a,8422,2022,12,48,3,4,0,6281.0,5858.0,4200.0,5605.142857142857,5675.25
4,2022-12-02,5077,362,1,1,0,0,c,a,8422,2022,12,48,4,4,0,5504.0,5411.0,5060.0,5574.714285714285,5741.964285714285
4,2022-12-03,3839,299,1,0,0,0,c,a,8422,2022,12,48,5,4,1,5242.0,5273.0,6503.0,5513.714285714285,5742.571428571428
4,2022-12-05,6166,542,1,1,0,0,c,a,8422,2022,12,49,0,4,0,5674.0,6086.0,7272.0,5313.285714285715,5647.428571428572
4,2022-12-06,6123,680,1,1,0,0,c,a,8422,2022,12,49,1,4,0,4451.0,5672.0,6614.0,5383.571428571428,5607.928571428572
4,2022-12-07,4907,529,1,0,0,0,c,a,8422,2022,12,49,2,4,0,5793.0,5447.0,5903.0,5622.428571428572,5590.392857142857
4,2022-12-08,5191,581,1,0,0,0,c,a,8422,2022,12,49,3,4,0,6291.0,5925.0,5227.0,5495.857142857143,5554.821428571428
4,2022-12-09,5642,567,1,1,0,0,c,a,8422,2022,12,49,4,4,0,6068.0,6281.0,5143.0,5338.714285714285,5553.535714285715
4,2022-12-10,4719,371,1,1,0,0,c,a,8422,2022,12,49,5,4,1,5077.0,5504.0,7417.0,5277.857142857143,5571.357142857143
4,2022-12-12,5166,443,1,1,0,0,c,a,8422,2022,12,50,0,4,0,3839.0,5242.0,6946.0,5226.714285714285,5475.0
4,2022-12-13,5612,696,1,0,0,0,c,a,8422,2022,12,50,1,4,0,6166.0,5674.0,5298.0,5416.285714285715,5411.428571428572
4,2022-12-14,4988,557,1,0,0,0,c,a,8422,2022,12,50,2,4,0,6123.0,4451.0,4234.0,5337.142857142857,5422.642857142857
4,2022-12-15,5931,424,1,1,0,0,c,a,8422,2022,12,50,3,4,0,4907.0,5793.0,5136.0,5175.0,5449.571428571428
4,2022-12-16,4169,306,1,0,0,0,c,a,8422,2022,12,50,4,4,0,5191.0,6291.0,5046.0,5321.285714285715,5477.964285714285
4,2022-12-17,4187,315,1,0,0,0,c,a,8422,2022,12,50,5,4,1,5642.0,6068.0,5858.0,5175.285714285715,5446.642857142857
4,2022-12-19,4598,471,1,0,0,0,c,a,8422,2022,12,51,0,4,0,4719.0,5077.0,5411.0,4967.428571428572,5386.964285714285
4,2022-12-20,5502,573,1,0,0,0,c,a,8422,2022,12,51,1,4,0,5166.0,3839.0,5273.0,4950.142857142857,5357.928571428572
4,2022-12-21,6038,436,1,1,0,0,c,a,8422,2022,12,51,2,4,0,5612.0,6166.0,6086.0,4998.142857142857,5366.107142857143
4,2022-12-22,5642,408,1,0,0,0,c,a,8422,2022,12,51,3,4,0,4988.0,6123.0,5672.0,5059.0,5364.392857142857
4,2022-12-23,3733,334,1,0,0,0,c,a,8422,2022,12,51,4,4,0,5931.0,4907.0,5447.0,5152.428571428572,5363.321428571428
4,2022-12-24,5565,538,1,1,0,0,c,a,8422,2022,12,51,5,4,1,4169.0,5191.0,5925.0,4838.428571428572,5302.107142857143
4,2022-12-26,6229,462,1,1,0,0,c,a,8422,2022,12,52,0,4,0,4187.0,5642.0,6281.0,5037.857142857143,5289.25
4,2022-12-27,6151,583,1,1,0,0,c,a,8422,2022,12,52,1,4,0,4598.0,4719.0,5504.0,5329.571428571428,5287.392857142857
4,2022-12-28,5083,510,1,0,0,0,c,a,8422,2022,12,52,2,4,0,5502.0,5166.0,5242.0,5551.428571428572,5310.5
4,2022-12-29,5922,598,1,1,0,0,c,a,8422,2022,12,52,3,4,0,6038.0,5612.0,5674.0,5491.571428571428,5304.821428571428
4,2022-12-30,5494,539,1,1,0,0,c,a,8422,2022,12,52,4,4,0,5642.0,4988.0,4451.0,5475.0,5313.678571428572
4,2022-12-31,5164,453,1,1,0,0,c,a,8422,2022,12,52,5,4,1,3733.0,5931.0,5793.0,5453.857142857143,5350.928571428572
4,2023-01-02,5491,421,1,0,0,0,c,a,8422,2023,1,1,0,1,0,5565.0,4169.0,6291.0,5658.285714285715,5328.464285714285
4,2023-01-03,6283,634,1,1,0,0,c,a,8422,2023,1,1,1,1,0,6229.0,4187.0,6068.0,5647.714285714285,5299.892857142857
4,2023-01-04,5469,428,1,0,0,0,c,a,8422,2023,1,1,2,1,0,6151.0,4598.0,5077.0,5655.428571428572,5307.571428571428
4,2023-01-05,4971,479,1,0,0,0,c,a,8422,2023,1,1,3,1,0,5083.0,5502.0,3839.0,5558.0,5321.571428571428
4,2023-01-06,5447,429,1,1,0,0,c,a,8422,2023,1,1,4,1,0,5922.0,6038.0,6166.0,5542.0,5362.0
4,2023-01-07,5184,580,1,1,0,0,c,a,8422,2023,1,1,5,1,1,5494.0,5642.0,6123.0,5474.142857142857,5336.321428571428
4,2023-01-09,4597,393,1,0,0,0,c,a,8422,2023,1,2,0,1,0,5164.0,3733.0,4907.0,5429.857142857143,5302.785714285715
4,2023-01-10,5015,483,1,0,0,0,c,a,8422,2023,1,2,1,1,0,5491.0,5565.0,5191.0,5348.857142857143,5291.714285714285
4,2023-01-11,5511,529,1,0,0,0,c,a,8422,2023,1,2,2,1,0,6283.0,6229.0,5642.0,5280.857142857143,5285.428571428572
4,2023-01-12,4957,358,1,0,0,0,c,a,8422,2023,1,2,3,1,0,5469.0,6151.0,4719.0,5170.571428571428,5280.75
4,2023-01-13,4117,308,1,0,0,0,c,a,8422,2023,1,2,4,1,0,4971.0,5083.0,5166.0,5097.428571428572,5289.25
4,2023-01-14,5692,602,1,1,0,0,c,a,8422,2023,1,2,5,1,1,5447.0,5922.0,5612.0,4975.428571428572,5251.785714285715
4,2023-01-16,6152,620,1,1,0,0,c,a,8422,2023,1,3,0,1,0,5184.0,5494.0,4988.0,5010.428571428572,5254.642857142857
4,2023-01-17,6183,444,1,1,0,0,c,a,8422,2023,1,3,1,1,0,4597.0,5164.0,5931.0,5148.714285714285,5296.214285714285
4,2023-01-18,6529,646,1,1,0,0,c,a,8422,2023,1,3,2,1,0,5015.0,5491.0,4169.0,5375.285714285715,5305.214285714285
4,2023-01-19,4715,470,1,0,0,0,c,a,8422,2023,1,3,3,1,0,5511.0,6283.0,4187.0,5591.571428571428,5389.5
4,2023-01-20,4094,364,1,0,0,0,c,a,8422,2023,1,3,4,1,0,4957.0,5469.0,4598.0,5477.857142857143,5408.357142857143
4,2023-01-21,4258,437,1,0,0,0,c,a,8422,2023,1,3,5,1,1,4117.0,4971.0,5502.0,5354.571428571428,5390.357142857143
4,2023-01-23,5830,558,1,1,0,0,c,a,8422,2023,1,4,0,1,0,5692.0,5447.0,6038.0,5374.714285714285,5345.928571428572
4,2023-01-24,5276,439,1,0,0,0,c,a,8422,2023,1,4,1,1,0,6152.0,5184.0,5642.0,5394.428571428572,5338.5
4,2023-01-25,5632,405,1,0,0,0,c,a,8422,2023,1,4,2,1,0,6183.0,4597.0,3733.0,5269.285714285715,5325.428571428572
4,2023-01-26,5092,451,1,0,0,0,c,a,8422,2023,1,4,3,1,0,6529.0,5015.0,5565.0,5190.571428571428,5393.25
4,2023-01-27,4300,363,1,0,0,0,c,a,8422,2023,1,4,4,1,0,4715.0,5511.0,6229.0,4985.285714285715,5376.357142857143
4,2023-01-28,3840,284,1,0,0,0,c,a,8422,2023,1,4,5,1,1,4094.0,4957.0,6151.0,4926.0,5307.464285714285
4,2023-01-30,5295,653,1,0,0,0,c,a,8422,2023,1,5,0,1,0,4258.0,4117.0,5083.0,4889.714285714285,5224.928571428572
4,2023-01-31,5204,513,1,0,0,0,c,a,8422,2023,1,5,1,1,0,5830.0,5692.0,5922.0,5037.857142857143,5232.5
4,2023-02-01,5535,621,1,0,0,0,c,a,8422,2023,2,5,2,1,0,5276.0,6152.0,5494.0,4948.428571428572,5206.857142857143
4,2023-02-02,5220,374,1,0,0,0,c,a,8422,2023,2,5,3,1,0,5632.0,6183.0,5164.0,4985.428571428572,5208.321428571428
4,2023-02-03,4401,519,1,0,0,0,c,a,8422,2023,2,5,4,1,0,5092.0,6529.0,5491.0,4926.571428571428,5210.321428571428
4,2023-02-04,6028,682,1,1,0,0,c,a,8422,2023,2,5,5,1,1,4300.0,4715.0,6283.0,4827.857142857143,5171.392857142857
4,2023-02-06,6003,646,1,1,0,0,c,a,8422,2023,2,6,0,1,0,3840.0,4094.0,5469.0,5074.714285714285,5162.285714285715
4,2023-02-07,6659,601,1,1,0,0,c,a,8422,2023,2,6,1,1,0,5295.0,4258.0,4971.0,5383.714285714285,5181.357142857143
4,2023-02-08,6345,555,1,0,0,0,c,a,8422,2023,2,6,2,1,0,5204.0,5830.0,5447.0,5578.571428571428,5241.642857142857
4,2023-02-09,6233,481,1,1,0,0,c,a,8422,2023,2,6,3,1,0,5535.0,5276.0,5184.0,5741.571428571428,5273.714285714285
4,2023-02-10,4461,351,1,0,0,0,c,a,8422,2023,2,6,4,1,0,5220.0,5632.0,4597.0,5841.285714285715,5311.178571428572
4,2023-02-11,4640,427,1,0,0,0,c,a,8422,2023,2,6,5,1,1,4401.0,5092.0,5015.0,5732.857142857143,5306.321428571428
4,2023-02-13,6341,534,1,1,0,0,c,a,8422,2023,2,7,0,1,0,6028.0,4300.0,5511.0,5767.0,5292.928571428572
4,2023-02-14,5448,516,1,0,0,0,c,a,8422,2023,2,7,1,1,0,6003.0,3840.0,4957.0,5811.714285714285,5322.571428571428
4,2023-02-15,6990,570,1,1,0,0,c,a,8422,2023,2,7,2,1,0,6659.0,5295.0,4117.0,5732.428571428572,5340.107142857143
4,2023-02-16,6073,494,1,1,0,0,c,a,8422,2023,2,7,3,1,0,6345.0,5204.0,5692.0,5779.714285714285,5442.714285714285
4,2023-02-17,6330,568,1,1,0,0,c,a,8422,2023,2,7,4,1,0,6233.0,5535.0,6152.0,5740.857142857143,5456.321428571428
4,2023-02-18,4042,455,1,0,0,0,c,a,8422,2023,2,7,5,1,1,4461.0,5220.0,6183.0,5754.714285714285,5462.678571428572
4,2023-02-20,5861,563,1,1,0,0,c,a,8422,2023,2,8,0,1,0,4640.0,4401.0,6529.0,5694.857142857143,5386.214285714285
4,2023-02-21,6460,591,1,1,0,0,c,a,8422,2023,2,8,1,1,0,6341.0,6028.0,4715.0,5869.285714285715,5362.357142857143
4,2023-02-22,5861,459,1,0,0,0,c,a,8422,2023,2,8,2,1,0,5448.0,6003.0,4094.0,5886.285714285715,5424.678571428572
4,2023-02-23,6172,657,1,1,0,0,c,a,8422,2023,2,8,3,1,0,6990.0,6659.0,4258.0,5945.285714285715,5487.785714285715
4,2023-02-24,4864,434,1,0,0,0,c,a,8422,2023,2,8,4,1,0,6073.0,6345.0,5830.0,5828.428571428572,5556.142857142857
4,2023-02-25,4711,538,1,0,0,0,c,a,8422,2023,2,8,5,1,1,6330.0,6233.0,5276.0,5655.714285714285,5521.642857142857
4,2023-02-27,5168,599,1,0,0,0,c,a,8422,2023,2,9,0,1,0,4042.0,4461.0,5632.0,5424.428571428572,5501.464285714285
4,2023-02-28,5844,707,1,0,0,0,c,a,8422,2023,2,9,1,1,0,5861.0,4640.0,5092.0,5585.285714285715,5484.892857142857
4,2023-03-01,5856,459,1,0,0,0,c,a,8422,2023,3,9,2,1,0,6460.0,6341.0,4300.0,5582.857142857143,5511.75
4,2023-03-02,6337,593,1,1,0,0,c,a,8422,2023,3,9,3,1,0,5861.0,5448.0,3840.0,5496.571428571428,5567.321428571428
4,2023-03-03,4706,556,1,0,0,0,c,a,8422,2023,3,9,4,1,0,6172.0,6990.0,5295.0,5564.571428571428,5656.5
4,2023-03-04,5855,434,1,1,0,0,c,a,8422,2023,3,9,5,1,1,4864.0,6073.0,5204.0,5355.142857142857,5635.464285714285
4,2023-03-06,4876,433,1,0,0,0,c,a,8422,2023,3,10,0,1,0,4711.0,6330.0,5535.0,5496.714285714285,5658.714285714285
4,2023-03-07,6518,486,1,1,0,0,c,a,8422,2023,3,10,1,1,0,5168.0,4042.0,5220.0,5520.285714285715,5635.178571428572
4,2023-03-08,6330,520,1,0,0,0,c,a,8422,2023,3,10,2,1,0,5844.0,5861.0,4401.0,5713.142857142857,5681.535714285715
4,2023-03-09,7322,892,1,1,0,0,c,a,8422,2023,3,10,3,1,0,5856.0,6460.0,6028.0,5782.571428571428,5750.428571428572
4,2023-03-10,5192,453,1,0,0,0,c,a,8422,2023,3,10,4,1,0,6337.0,5861.0,6003.0,5992.0,5796.642857142857
4,2023-03-11,4925,368,1,0,0,0,c,a,8422,2023,3,10,5,1,1,4706.0,6172.0,6659.0,5828.428571428572,5767.678571428572
4,2023-03-13,5344,395,1,0,0,0,c,a,8422,2023,3,11,0,1,0,5855.0,4864.0,6345.0,5859.714285714285,5705.75
4,2023-03-14,6855,543,1,1,0,0,c,a,8422,2023,3,11,1,1,0,4876.0,4711.0,6233.0,5786.714285714285,5670.0
4,2023-03-15,6659,494,1,0,0,0,c,a,8422,2023,3,11,2,1,0,6518.0,5168.0,4461.0,6069.428571428572,5692.214285714285
4,2023-03-16,6353,558,1,1,0,0,c,a,8422,2023,3,11,3,1,0,6330.0,5844.0,4640.0,6089.571428571428,5770.714285714285
4,2023-03-17,5445,598,1,0,0,0,c,a,8422,2023,3,11,4,1,0,7322.0,5856.0,6341.0,6092.857142857143,5831.892857142857
4,2023-03-18,6689,664,1,1,0,0,c,a,8422,2023,3,11,5,1,1,5192.0,6337.0,5448.0,5824.714285714285,5799.892857142857
4,2023-03-20,5623,658,1,0,0,0,c,a,8422,2023,3,12,0,1,0,4925.0,4706.0,6990.0,6038.571428571428,5844.214285714285
4,2023-03-21,6892,804,1,0,0,0,c,a,8422,2023,3,12,1,1,0,5344.0,5855.0,6073.0,6138.285714285715,5795.392857142857
4,2023-03-22,6505,481,1,0,0,0,c,a,8422,2023,3,12,2,1,0,6855.0,4876.0,6330.0,6359.428571428572,5824.642857142857
4,2023-03-23,5346,436,1,0,0,0,c,a,8422,2023,3,12,3,1,0,6659.0,6518.0,4042.0,6309.428571428572,5830.892857142857
4,2023-03-24,5675,527,1,0,0,0,c,a,8422,2023,3,12,4,1,0,6353.0,6330.0,5861.0,6121.857142857143,5877.464285714285
4,2023-03-25,5573,567,1,0,0,0,c,a,8422,2023,3,12,5,1,1,5445.0,7322.0,6460.0,6025.0,5870.821428571428
4,2023-03-27,7116,756,1,1,0,0,c,a,8422,2023,3,13,0,1,0,6689.0,5192.0,5861.0,6043.285714285715,5839.142857142857
4,2023-03-28,6282,544,1,0,0,0,c,a,8422,2023,3,13,1,1,0,5623.0,4925.0,6172.0,6104.285714285715,5883.964285714285
4,2023-03-29,7958,847,1,1,0,0,c,a,8422,2023,3,13,2,1,0,6892.0,5344.0,4864.0,6198.428571428572,5887.892857142857
4,2023-03-30,6717,528,1,1,0,0,c,a,8422,2023,3,13,3,1,0,6505.0,6855.0,4711.0,6350.714285714285,5998.392857142857
4,2023-03-31,6494,548,1,1,0,0,c,a,8422,2023,3,13,4,1,0,5346.0,6659.0,5168.0,6381.0,6070.035714285715
4,2023-04-01,4989,410,1,0,0,0,c,a,8422,2023,4,13,5,2,1,5675.0,6353.0,5844.0,6545.0,6117.392857142857
4,2023-04-03,6228,639,1,0,0,0,c,a,8422,2023,4,14,0,2,0,5573.0,5445.0,5856.0,6447.0,6086.857142857143
4,2023-04-04,7280,564,1,1,0,0,c,a,8422,2023,4,14,1,2,0,7116.0,6689.0,6337.0,6540.571428571428,6100.142857142857
4,2023-04-05,7405,715,1,1,0,0,c,a,8422,2023,4,14,2,2,0,6282.0,5623.0,4706.0,6564.0,6133.821428571428
4,2023-04-06,6518,468,1,0,0,0,c,a,8422,2023,4,14,3,2,0,7958.0,6892.0,5855.0,6724.428571428572,6230.214285714285
4,2023-04-08,5910,639,1,1,0,0,c,a,8422,2023,4,14,5,2,1,6717.0,6505.0,4876.0,6518.714285714285,6253.892857142857
4,2023-04-10,6002,532,1,0,0,0,c,a,8422,2023,4,15,0,2,0,6494.0,5346.0,6518.0,6403.428571428572,6290.821428571428
4,2023-04-11,7877,720,1,1,0,0,c,a,8422,2023,4,15,1,2,0,4989.0,5675.0,6330.0,6333.142857142857,6272.392857142857
4,2023-04-12,8300,811,1,1,0,0,c,a,8422,2023,4,15,2,2,0,6228.0,5573.0,7322.0,6745.714285714285,6327.642857142857
4,2023-04-13,7755,820,1,1,0,0,c,a,8422,2023,4,15,3,2,0,7280.0,7116.0,5192.0,7041.714285714285,6362.571428571428
4,2023-04-14,6133,591,1,0,0,0,c,a,8422,2023,4,15,4,2,0,7405.0,6282.0,4925.0,7109.571428571428,6454.107142857143
4,2023-04-15,6480,512,1,1,0,0,c,a,8422,2023,4,15,5,2,1,6518.0,7958.0,5344.0,6927.857142857143,6497.25
4,2023-04-17,6430,658,1,0,0,0,c,a,8422,2023,4,16,0,2,0,5910.0,6717.0,6855.0,6922.428571428572,6537.821428571428
4,2023-04-18,7548,767,1,1,0,0,c,a,8422,2023,4,16,1,2,0,6002.0,6494.0,6659.0,6996.714285714285,6522.642857142857
4,2023-04-19,7087,777,1,0,0,0,c,a,8422,2023,4,16,2,2,0,7877.0,4989.0,6353.0,7217.571428571428,6554.392857142857
4,2023-04-20,7225,793,1,1,0,0,c,a,8422,2023,4,16,3,2,0,8300.0,6228.0,5445.0,7104.714285714285,6580.607142857143
4,2023-04-21,7067,568,1,1,0,0,c,a,8422,2023,4,16,4,2,0,7755.0,7280.0,6689.0,6951.142857142857,6644.178571428572
4,2023-04-22,7301,530,1,1,0,0,c,a,8422,2023,4,16,5,2,1,6133.0,7405.0,5623.0,6852.857142857143,6657.678571428572
4,2023-04-24,6104,560,1,0,0,0,c,a,8422,2023,4,17,0,2,0,6480.0,6518.0,6892.0,7019.714285714285,6717.607142857143
4,2023-04-25,6314,468,1,0,0,0,c,a,8422,2023,4,17,1,2,0,6430.0,5910.0,6505.0,6966.0,6689.464285714285
4,2023-04-26,7017,594,1,0,0,0,c,a,8422,2023,4,17,2,2,0,7548.0,6002.0,5346.0,6949.428571428572,6682.642857142857
4,2023-04-27,7675,714,1,1,0,0,c,a,8422,2023,4,17,3,2,0,7087.0,7877.0,5675.0,6873.571428571428,6742.321428571428
4,2023-04-28,6237,772,1,0,0,0,c,a,8422,2023,4,17,4,2,0,7225.0,8300.0,5573.0,6957.571428571428,6813.75
4,2023-04-29,6714,836,1,1,0,0,c,a,8422,2023,4,17,5,2,1,7067.0,7755.0,7116.0,6816.428571428572,6837.464285714285
4,2023-05-01,7248,686,1,1,0,0,c,a,8422,2023,5,18,0,2,0,7301.0,6133.0,6282.0,6766.0,6823.107142857143
4,2023-05-02,7191,602,1,0,0,0,c,a,8422,2023,5,18,1,2,0,6104.0,6480.0,7958.0,6758.428571428572,6857.607142857143
4,2023-05-03,6560,511,1,0,0,0,c,a,8422,2023,5,18,2,2,0,6314.0,6430.0,6717.0,6913.714285714285,6830.214285714285
4,2023-05-04,7407,843,1,0,0,0,c,a,8422,2023,5,18,3,2,0,7017.0,7548.0,6494.0,6948.857142857143,6824.607142857143
4,2023-05-05,7339,675,1,1,0,0,c,a,8422,2023,5,18,4,2,0,7675.0,7087.0,4989.0,7004.571428571428,6857.214285714285
4,2023-05-06,7196,629,1,1,0,0,c,a,8422,2023,5,18,5,2,1,6237.0,7225.0,6228.0,6956.571428571428,6941.142857142857
4,2023-05-08,7994,575,1,1,0,0,c,a,8422,2023,5,19,0,2,0,6714.0,7067.0,7280.0,7093.571428571428,6975.714285714285
4,2023-05-09,6477,612,1,0,0,0,c,a,8422,2023,5,19,1,2,0,7248.0,7301.0,7405.0,7276.428571428572,7001.214285714285
4,2023-05-10,6506,674,1,0,0,0,c,a,8422,2023,5,19,2,2,0,7191.0,6104.0,6518.0,7166.285714285715,6968.071428571428
4,2023-05-11,8314,766,1,1,0,0,c,a,8422,2023,5,19,3,2,0,6560.0,6314.0,5910.0,7068.428571428572,6967.642857142857
4,2023-05-12,7330,731,1,1,0,0,c,a,8422,2023,5,19,4,2,0,7407.0,7017.0,6002.0,7319.0,7053.5
4,2023-05-13,6230,468,1,1,0,0,c,a,8422,2023,5,19,5,2,1,7339.0,7675.0,7877.0,7308.0,7100.928571428572
4,2023-05-15,6666,610,1,0,0,0,c,a,8422,2023,5,20,0,2,0,7196.0,6237.0,8300.0,7149.571428571428,7042.107142857143
4,2023-05-16,7072,599,1,0,0,0,c,a,8422,2023,5,20,1,2,0,7994.0,6714.0,7755.0,7073.857142857143,6983.75
4,2023-05-17,7554,724,1,0,0,0,c,a,8422,2023,5,20,2,2,0,6477.0,7248.0,6133.0,6942.142857142857,6959.357142857143
4,2023-05-18,8164,884,1,1,0,0,c,a,8422,2023,5,20,3,2,0,6506.0,7191.0,6480.0,7096.0,7010.107142857143
4,2023-05-19,6116,543,1,0,0,0,c,a,8422,2023,5,20,4,2,0,8314.0,6560.0,6430.0,7332.857142857143,7070.25
4,2023-05-20,7646,793,1,1,0,0,c,a,8422,2023,5,20,5,2,1,7330.0,7407.0,7548.0,7018.857142857143,7059.035714285715
4,2023-05-22,7174,872,1,0,0,0,c,a,8422,2023,5,21,0,2,0,6230.0,7339.0,7087.0,7064.0,7062.535714285715
4,2023-05-23,8160,886,1,1,0,0,c,a,8422,2023,5,21,1,2,0,6666.0,7196.0,7225.0,7198.857142857143,7065.642857142857
4,2023-05-24,7601,549,1,0,0,0,c,a,8422,2023,5,21,2,2,0,7072.0,7994.0,7067.0,7412.285714285715,7099.035714285715
4,2023-05-25,7997,820,1,1,0,0,c,a,8422,2023,5,21,3,2,0,7554.0,6477.0,7301.0,7487.857142857143,7118.107142857143
4,2023-05-26,6783,551,1,1,0,0,c,a,8422,2023,5,21,4,2,0,8164.0,6506.0,6104.0,7551.142857142857,7142.964285714285
4,2023-05-27,6196,698,1,0,0,0,c,a,8422,2023,5,21,5,2,1,6116.0,8314.0,6314.0,7353.857142857143,7167.214285714285
4,2023-05-29,8208,761,1,1,0,0,c,a,8422,2023,5,22,0,2,0,7646.0,7330.0,7017.0,7365.285714285715,7163.0
4,2023-05-30,7886,662,1,1,0,0,c,a,8422,2023,5,22,1,2,0,7174.0,6230.0,7675.0,7445.571428571428,7205.535714285715
4,2023-05-31,6970,680,1,0,0,0,c,a,8422,2023,5,22,2,2,0,8160.0,6666.0,6237.0,7547.285714285715,7213.071428571428
4,2023-06-01,7811,592,1,1,0,0,c,a,8422,2023,6,22,3,2,0,7601.0,7072.0,6714.0,7377.285714285715,7239.25
4,2023-06-02,6284,682,1,0,0,0,c,a,8422,2023,6,22,4,2,0,7997.0,7554.0,7248.0,7407.285714285715,7278.428571428572
4,2023-06-03,8034,896,1,1,0,0,c,a,8422,2023,6,22,5,2,1,6783.0,8164.0,7191.0,7162.571428571428,7244.0
4,2023-06-05,6631,567,1,0,0,0,c,a,8422,2023,6,23,0,2,0,6196.0,6116.0,6560.0,7341.285714285715,7274.107142857143
4,2023-06-06,7214,605,1,0,0,0,c,a,8422,2023,6,23,1,2,0,8208.0,7646.0,7407.0,7403.428571428572,7276.642857142857
4,2023-06-07,7873,683,1,0,0,0,c,a,8422,2023,6,23,2,2,0,7886.0,7174.0,7339.0,7261.428571428572,7269.75
4,2023-06-08,8275,1025,1,1,0,0,c,a,8422,2023,6,23,3,2,0,6970.0,8160.0,7196.0,7259.571428571428,7288.821428571428
4,2023-06-09,6319,518,1,0,0,0,c,a,8422,2023,6,23,4,2,0,7811.0,7601.0,7994.0,7446.0,7327.357142857143
4,2023-06-10,6288,461,1,0,0,0,c,a,8422,2023,6,23,5,2,1,6284.0,7997.0,6477.0,7232.857142857143,7267.535714285715
4,2023-06-12,7208,526,1,0,0,0,c,a,8422,2023,6,24,0,2,0,8034.0,6783.0,6506.0,7233.428571428572,7260.785714285715
4,2023-06-13,7737,823,1,0,0,0,c,a,8422,2023,6,24,1,2,0,6631.0,6196.0,8314.0,7115.428571428572,7285.857142857143
4,2023-06-14,7613,596,1,0,0,0,c,a,8422,2023,6,24,2,2,0,7214.0,8208.0,7330.0,7273.428571428572,7265.25
4,2023-06-15,8101,679,1,1,0,0,c,a,8422,2023,6,24,3,2,0,7873.0,7886.0,6230.0,7330.428571428572,7275.357142857143
4,2023-06-16,6713,494,1,0,0,0,c,a,8422,2023,6,24,4,2,0,8275.0,6970.0,6666.0,7363.0,7342.178571428572
4,2023-06-17,7022,528,1,1,0,0,c,a,8422,2023,6,24,5,2,1,6319.0,7811.0,7072.0,7139.857142857143,7343.857142857143
4,2023-06-19,7266,552,1,0,0,0,c,a,8422,2023,6,25,0,2,0,6288.0,6284.0,7554.0,7240.285714285715,7342.071428571428
4,2023-06-20,7684,926,1,0,0,0,c,a,8422,2023,6,25,1,2,0,7208.0,8034.0,8164.0,7380.0,7331.785714285715
4,2023-06-21,8176,898,1,0,0,0,c,a,8422,2023,6,25,2,2,0,7737.0,6631.0,6116.0,7448.0,7314.642857142857
4,2023-06-22,7144,615,1,0,0,0,c,a,8422,2023,6,25,3,2,0,7613.0,7214.0,7646.0,7510.714285714285,7388.214285714285
4,2023-06-23,6957,844,1,1,0,0,c,a,8422,2023,6,25,4,2,0,8101.0,7873.0,7174.0,7443.714285714285,7370.285714285715
4,2023-06-24,7329,807,1,1,0,0,c,a,8422,2023,6,25,5,2,1,6713.0,8275.0,8160.0,7280.285714285715,7362.535714285715
4,2023-06-26,7180,587,1,0,0,0,c,a,8422,2023,6,26,0,2,0,7022.0,6319.0,7601.0,7368.285714285715,7332.857142857143
4,2023-06-27,8208,630,1,1,0,0,c,a,8422,2023,6,26,1,2,0,7266.0,6288.0,7997.0,7390.857142857143,7317.821428571428
4,2023-06-28,7796,835,1,0,0,0,c,a,8422,2023,6,26,2,2,0,7684.0,7208.0,6783.0,7525.428571428572,7325.357142857143
4,2023-06-29,7934,661,1,0,0,0,c,a,8422,2023,6,26,3,2,0,8176.0,7737.0,6196.0,7541.428571428572,7361.535714285715
4,2023-06-30,7321,820,1,1,0,0,c,a,8422,2023,6,26,4,2,0,7144.0,7613.0,8208.0,7506.857142857143,7423.607142857143
4,2023-07-01,7633,572,1,1,0,1,c,a,8422,2023,7,26,5,3,1,6957.0,8101.0,7886.0,7532.142857142857,7391.928571428572
4,2023-07-03,9162,907,1,1,0,1,c,a,8422,2023,7,27,0,3,0,7329.0,6713.0,6970.0,7628.714285714285,7382.892857142857
4,2023-07-04,9416,703,1,1,0,1,c,a,8422,2023,7,27,1,3,0,7180.0,7022.0,7811.0,7890.571428571428,7461.178571428572
4,2023-07-05,8479,710,1,0,0,1,c,a,8422,2023,7,27,2,3,0,8208.0,7266.0,6284.0,8210.0,7518.5
4,2023-07-06,8492,672,1,1,0,1,c,a,8422,2023,7,27,3,3,0,7796.0,7684.0,8034.0,8248.714285714286,7596.892857142857
4,2023-07-07,7161,581,1,0,0,1,c,a,8422,2023,7,27,4,3,0,7934.0,8176.0,6631.0,8348.142857142857,7613.25
4,2023-07-08,7581,806,1,1,0,1,c,a,8422,2023,7,27,5,3,1,7321.0,7144.0,7214.0,8237.714285714286,7632.178571428572
4,2023-07-10,8378,613,1,1,0,1,c,a,8422,2023,7,28,0,3,0,7633.0,6957.0,7873.0,8274.857142857143,7645.285714285715
4,2023-07-11,8087,652,1,0,0,1,c,a,8422,2023,7,28,1,3,0,9162.0,7329.0,8275.0,8381.285714285714,7663.321428571428
4,2023-07-12,7833,635,1,0,0,1,c,a,8422,2023,7,28,2,3,0,9416.0,7180.0,6319.0,8227.714285714286,7656.607142857143
4,2023-07-13,7548,791,1,0,0,1,c,a,8422,2023,7,28,3,3,0,8479.0,8208.0,6288.0,8001.571428571428,7710.678571428572
4,2023-07-14,8548,757,1,1,0,1,c,a,8422,2023,7,28,4,3,0,8492.0,7796.0,7208.0,7868.571428571428,7755.678571428572
4,2023-07-15,6870,736,1,0,0,1,c,a,8422,2023,7,28,5,3,1,7161.0,7934.0,7737.0,7876.571428571428,7803.535714285715
4,2023-07-17,8586,649,1,1,0,1,c,a,8422,2023,7,29,0,3,0,7581.0,7321.0,7613.0,7835.0,7772.571428571428
4,2023-07-18,9207,785,1,1,0,1,c,a,8422,2023,7,29,1,3,0,8378.0,7633.0,8101.0,7978.571428571428,7807.321428571428
4,2023-07-19,8670,956,1,1,0,1,c,a,8422,2023,7,29,2,3,0,8087.0,9162.0,6713.0,8097.0,7846.821428571428
4,2023-07-20,8973,723,1,1,0,1,c,a,8422,2023,7,29,3,3,0,7833.0,9416.0,7022.0,8180.285714285715,7916.714285714285
4,2023-07-21,6565,547,1,0,0,1,c,a,8422,2023,7,29,4,3,0,7548.0,8479.0,7266.0,8343.142857142857,7986.392857142857
4,2023-07-22,8086,785,1,1,0,1,c,a,8422,2023,7,29,5,3,1,8548.0,8492.0,7684.0,8202.714285714286,7961.357142857143
4,2023-07-24,8745,904,1,1,0,1,c,a,8422,2023,7,30,0,3,0,6870.0,7161.0,8176.0,8136.714285714285,7975.714285714285
4,2023-07-25,8392,637,1,0,0,1,c,a,8422,2023,7,30,1,3,0,8586.0,7581.0,7144.0,8404.57142857143,7996.035714285715
4,2023-07-26,7619,591,1,0,0,1,c,a,8422,2023,7,30,2,3,0,9207.0,8378.0,6957.0,8376.857142857143,8040.607142857143
4,2023-07-27,9163,1007,1,1,0,1,c,a,8422,2023,7,30,3,3,0,8670.0,8087.0,7329.0,8150.0,8064.25
4,2023-07-28,7253,550,1,0,0,1,c,a,8422,2023,7,30,4,3,0,8973.0,7833.0,7180.0,8220.42857142857,8129.75
4,2023-07-29,6990,523,1,0,0,1,c,a,8422,2023,7,30,5,3,1,6565.0,7548.0,8208.0,7974.714285714285,8132.357142857143
4,2023-07-31,7990,792,1,1,0,1,c,a,8422,2023,7,31,0,3,0,8086.0,8548.0,7796.0,8035.428571428572,8088.857142857143
4,2023-08-01,7799,670,1,0,0,1,c,a,8422,2023,8,31,1,3,0,8745.0,6870.0,7934.0,8021.714285714285,8095.785714285715
4,2023-08-02,7489,764,1,0,0,1,c,a,8422,2023,8,31,2,3,0,8392.0,8586.0,7321.0,7886.571428571428,8090.964285714285
4,2023-08-03,8453,770,1,0,0,1,c,a,8422,2023,8,31,3,3,0,7619.0,9207.0,7633.0,7757.571428571428,8096.964285714285
4,2023-08-04,7480,786,1,0,0,1,c,a,8422,2023,8,31,4,3,0,9163.0,8670.0,9162.0,7876.714285714285,8126.25
4,2023-08-05,6810,657,1,0,0,1,c,a,8422,2023,8,31,5,3,1,7253.0,8973.0,9416.0,7636.285714285715,8066.178571428572
4,2023-08-07,7222,564,1,0,0,1,c,a,8422,2023,8,32,0,3,0,6990.0,6565.0,8479.0,7573.0,7973.107142857143
4,2023-08-08,7590,916,1,0,0,1,c,a,8422,2023,8,32,1,3,0,7990.0,8086.0,8492.0,7606.142857142857,7928.214285714285
4,2023-08-09,8911,673,1,1,0,1,c,a,8422,2023,8,32,2,3,0,7799.0,8745.0,7161.0,7549.0,7896.0
4,2023-08-10,7651,769,1,0,0,1,c,a,8422,2023,8,32,3,3,0,7489.0,8392.0,7581.0,7707.857142857143,7958.5
4,2023-08-11,6834,565,1,0,0,1,c,a,8422,2023,8,32,4,3,0,8453.0,7619.0,8378.0,7731.0,7961.0
4,2023-08-12,6864,536,1,0,0,1,c,a,8422,2023,8,32,5,3,1,7480.0,9163.0,8087.0,7499.714285714285,7905.857142857143
4,2023-08-14,7297,750,1,0,0,1,c,a,8422,2023,8,33,0,3,0,6810.0,7253.0,7833.0,7411.714285714285,7862.178571428572
4,2023-08-15,7677,731,1,0,0,1,c,a,8422,2023,8,33,1,3,0,7222.0,6990.0,7548.0,7481.285714285715,7843.035714285715
4,2023-08-16,7097,790,1,0,0,1,c,a,8422,2023,8,33,2,3,0,7590.0,7990.0,8548.0,7546.285714285715,7847.642857142857
4,2023-08-17,8128,744,1,0,0,1,c,a,8422,2023,8,33,3,3,0,8911.0,7799.0,6870.0,7475.857142857143,7795.821428571428
4,2023-08-18,8311,668,1,1,0,1,c,a,8422,2023,8,33,4,3,0,7651.0,7489.0,8586.0,7364.0,7840.75
4,2023-08-19,6513,633,1,0,0,1,c,a,8422,2023,8,33,5,3,1,6834.0,8453.0,9207.0,7458.285714285715,7830.928571428572
4,2023-08-21,6753,486,1,0,0,1,c,a,8422,2023,8,34,0,3,0,6864.0,7480.0,8670.0,7412.428571428572,7734.714285714285
4,2023-08-22,7551,852,1,0,0,1,c,a,8422,2023,8,34,1,3,0,7297.0,6810.0,8973.0,7396.571428571428,7666.25
4,2023-08-23,8505,723,1,0,0,1,c,a,8422,2023,8,34,2,3,0,7677.0,7222.0,6565.0,7432.857142857143,7615.464285714285
4,2023-08-24,7192,716,1,0,0,1,c,a,8422,2023,8,34,3,3,0,7097.0,7590.0,8086.0,7551.142857142857,7684.75
4,2023-08-25,7744,776,1,1,0,1,c,a,8422,2023,8,34,4,3,0,8128.0,8911.0,8745.0,7564.714285714285,7652.821428571428
4,2023-08-26,6068,517,1,0,0,1,c,a,8422,2023,8,34,5,3,1,8311.0,7651.0,8392.0,7509.857142857143,7617.071428571428
4,2023-08-28,7955,966,1,1,0,1,c,a,8422,2023,8,35,0,3,0,6513.0,6834.0,7619.0,7189.428571428572,7534.071428571428
4,2023-08-29,7931,811,1,0,0,1,c,a,8422,2023,8,35,1,3,0,6753.0,6864.0,9163.0,7395.428571428572,7546.071428571428
4,2023-08-30,6888,495,1,0,0,1,c,a,8422,2023,8,35,2,3,0,7551.0,7297.0,7253.0,7563.714285714285,7502.071428571428
4,2023-08-31,7224,815,1,0,0,1,c,a,8422,2023,8,35,3,3,0,8505.0,7677.0,6990.0,7469.0,7489.035714285715
4,2023-09-01,5587,585,1,0,0,0,c,a,8422,2023,9,35,4,3,0,7192.0,7097.0,7990.0,7286.0,7497.392857142857
4,2023-09-02,7192,588,1,1,0,0,c,a,8422,2023,9,35,5,3,1,7744.0,8128.0,7799.0,7056.714285714285,7411.571428571428
4,2023-09-04,6778,558,1,1,0,0,c,a,8422,2023,9,36,0,3,0,6068.0,8311.0,7489.0,6977.857142857143,7389.892857142857
4,2023-09-05,6836,738,1,0,0,0,c,a,8422,2023,9,36,1,3,0,7955.0,6513.0,8453.0,7079.285714285715,7364.5
4,2023-09-06,6861,842,1,0,0,0,c,a,8422,2023,9,36,2,3,0,7931.0,6753.0,7480.0,6919.428571428572,7306.75
4,2023-09-07,7599,784,1,1,0,0,c,a,8422,2023,9,36,3,3,0,6888.0,7551.0,6810.0,6766.571428571428,7284.642857142857
4,2023-09-08,6012,439,1,0,0,0,c,a,8422,2023,9,36,4,3,0,7224.0,8505.0,7222.0,6868.142857142857,7312.821428571428
4,2023-09-09,5518,603,1,0,0,0,c,a,8422,2023,9,36,5,3,1,5587.0,7192.0,7590.0,6695.0,7269.607142857143
4,2023-09-11,6879,645,1,0,0,0,c,a,8422,2023,9,37,0,3,0,7192.0,7744.0,8911.0,6685.142857142857,7195.607142857143
4,2023-09-12,7527,648,1,1,0,0,c,a,8422,2023,9,37,1,3,0,6778.0,6068.0,7651.0,6640.428571428572,7123.035714285715
4,2023-09-13,6567,570,1,0,0,0,c,a,8422,2023,9,37,2,3,0,6836.0,7955.0,6834.0,6747.428571428572,7118.607142857143
4,2023-09-14,6527,482,1,0,0,0,c,a,8422,2023,9,37,3,3,0,6861.0,7931.0,6864.0,6709.0,7109.071428571428
4,2023-09-15,5816,585,1,0,0,0,c,a,8422,2023,9,37,4,3,0,7599.0,6888.0,7297.0,6661.285714285715,7097.035714285715
4,2023-09-16,5934,586,1,0,0,0,c,a,8422,2023,9,37,5,3,1,6012.0,7224.0,7677.0,6406.571428571428,7044.142857142857
4,2023-09-18,6311,459,1,0,0,0,c,a,8422,2023,9,38,0,3,0,5518.0,5587.0,7097.0,6395.428571428572,6981.892857142857
4,2023-09-19,7104,761,1,1,0,0,c,a,8422,2023,9,38,1,3,0,6879.0,7192.0,8128.0,6508.714285714285,6953.821428571428
4,2023-09-20,8012,719,1,1,0,0,c,a,8422,2023,9,38,2,3,0,7527.0,6778.0,8311.0,6540.857142857143,6917.25
4,2023-09-21,6437,497,1,0,0,0,c,a,8422,2023,9,38,3,3,0,6567.0,6836.0,6513.0,6610.142857142857,6906.571428571428
4,2023-09-22,6566,759,1,1,0,0,c,a,8422,2023,9,38,4,3,0,6527.0,6861.0,6753.0,6591.571428571428,6903.857142857143
4,2023-09-23,6769,541,1,1,0,0,c,a,8422,2023,9,38,5,3,1,5816.0,7599.0,7551.0,6597.142857142857,6897.178571428572
4,2023-09-25,7120,517,1,1,0,0,c,a,8422,2023,9,39,0,3,0,5934.0,6012.0,8505.0,6733.285714285715,6869.25
4,2023-09-26,6647,715,1,0,0,0,c,a,8422,2023,9,39,1,3,0,6311.0,5518.0,7192.0,6902.714285714285,6819.785714285715
4,2023-09-27,7263,855,1,0,0,0,c,a,8422,2023,9,39,2,3,0,7104.0,6879.0,7744.0,6950.714285714285,6800.321428571428
4,2023-09-28,7583,650,1,1,0,0,c,a,8422,2023,9,39,3,3,0,8012.0,7527.0,6068.0,6973.428571428572,6783.142857142857
4,2023-09-29,6560,672,1,1,0,0,c,a,8422,2023,9,39,4,3,0,6437.0,6567.0,7955.0,6912.142857142857,6837.25
4,2023-09-30,4840,372,1,0,0,0,c,a,8422,2023,9,39,5,3,1,6566.0,6527.0,7931.0,6929.714285714285,6787.428571428572
4,2023-10-02,6773,823,1,1,0,0,c,a,8422,2023,10,40,0,4,0,6769.0,5816.0,6888.0,6683.142857142857,6677.035714285715
4,2023-10-03,7363,644,1,1,0,0,c,a,8422,2023,10,40,1,4,0,7120.0,5934.0,7224.0,6683.714285714285,6672.928571428572
4,2023-10-04,6250,524,1,0,0,0,c,a,8422,2023,10,40,2,4,0,6647.0,6311.0,5587.0,6718.428571428572,6677.892857142857
4,2023-10-05,6832,716,1,1,0,0,c,a,8422,2023,10,40,3,4,0,7263.0,7104.0,7192.0,6661.714285714285,6701.571428571428
4,2023-10-06,5722,415,1,0,0,0,c,a,8422,2023,10,40,4,4,0,7583.0,8012.0,6778.0,6600.142857142857,6688.714285714285
4,2023-10-07,5538,438,1,0,0,0,c,a,8422,2023,10,40,5,4,1,6560.0,6437.0,6836.0,6334.285714285715,6651.0
4,2023-10-09,6736,486,1,1,0,0,c,a,8422,2023,10,41,0,4,0,4840.0,6566.0,6861.0,6188.285714285715,6604.642857142857
4,2023-10-10,6373,712,1,0,0,0,c,a,8422,2023,10,41,1,4,0,6773.0,6769.0,7599.0,6459.142857142857,6600.178571428572
4,2023-10-11,7031,854,1,1,0,0,c,a,8422,2023,10,41,2,4,0,7363.0,7120.0,6012.0,6402.0,6556.392857142857
4,2023-10-12,5681,459,1,0,0,0,c,a,8422,2023,10,41,3,4,0,6250.0,6647.0,5518.0,6354.571428571428,6592.785714285715
4,2023-10-13,6724,526,1,1,0,0,c,a,8422,2023,10,41,4,4,0,6832.0,7263.0,6879.0,6273.285714285715,6598.607142857143
4,2023-10-14,5428,529,1,0,0,0,c,a,8422,2023,10,41,5,4,1,5722.0,7583.0,7527.0,6257.857142857143,6593.071428571428
4,2023-10-16,6515,472,1,1,0,0,c,a,8422,2023,10,42,0,4,0,5538.0,6560.0,6567.0,6215.857142857143,6518.107142857143
4,2023-10-17,6856,503,1,0,0,0,c,a,8422,2023,10,42,1,4,0,6736.0,4840.0,6527.0,6355.428571428572,6516.25
4,2023-10-18,6601,565,1,0,0,0,c,a,8422,2023,10,42,2,4,0,6373.0,6773.0,5816.0,6372.571428571428,6528.0
4,2023-10-19,6208,614,1,0,0,0,c,a,8422,2023,10,42,3,4,0,7031.0,7363.0,5934.0,6405.142857142857,6556.035714285715
4,2023-10-20,6407,540,1,1,0,0,c,a,8422,2023,10,42,4,4,0,5681.0,6250.0,6311.0,6287.571428571428,6565.821428571428
4,2023-10-21,4850,554,1,0,0,0,c,a,8422,2023,10,42,5,4,1,6724.0,6832.0,7104.0,6391.285714285715,6569.25
4,2023-10-23,5802,434,1,0,0,0,c,a,8422,2023,10,43,0,4,0,5428.0,5722.0,8012.0,6123.571428571428,6488.75
4,2023-10-24,6803,624,1,1,0,0,c,a,8422,2023,10,43,1,4,0,6515.0,5538.0,6437.0,6177.0,6409.821428571428
4,2023-10-25,7016,600,1,1,0,0,c,a,8422,2023,10,43,2,4,0,6856.0,6736.0,6566.0,6218.142857142857,6422.892857142857
4,2023-10-26,6868,610,1,1,0,0,c,a,8422,2023,10,43,3,4,0,6601.0,6373.0,6769.0,6241.0,6438.964285714285
4,2023-10-27,5263,431,1,0,0,0,c,a,8422,2023,10,43,4,4,0,6208.0,7031.0,7120.0,6279.142857142857,6442.5
4,2023-10-28,4558,408,1,0,0,0,c,a,8422,2023,10,43,5,4,1,6407.0,5681.0,6647.0,6144.142857142857,6376.178571428572
4,2023-10-30,6273,549,1,1,0,0,c,a,8422,2023,10,44,0,4,0,4850.0,6724.0,7263.0,5880.0,6301.571428571428
4,2023-10-31,5529,461,1,0,0,0,c,a,8422,2023,10,44,1,4,0,5802.0,5428.0,7583.0,6083.285714285715,6266.214285714285
4,2023-11-01,6134,468,1,0,0,0,c,a,8422,2023,11,44,2,4,0,6803.0,6515.0,6560.0,6044.285714285715,6192.857142857143
4,2023-11-02,6987,614,1,1,0,0,c,a,8422,2023,11,44,3,4,0,7016.0,6856.0,4840.0,5948.714285714285,6177.642857142857
4,2023-11-03,5432,455,1,0,0,0,c,a,8422,2023,11,44,4,4,0,6868.0,6601.0,6773.0,5944.571428571428,6254.321428571428
4,2023-11-04,3942,290,1,0,0,0,c,a,8422,2023,11,44,5,4,1,5263.0,6208.0,7363.0,5739.428571428572,6206.428571428572
4,2023-11-06,5129,518,1,0,0,0,c,a,8422,2023,11,45,0,4,0,4558.0,6407.0,6250.0,5550.714285714285,6084.25
4,2023-11-07,6771,553,1,1,0,0,c,a,8422,2023,11,45,1,4,0,6273.0,4850.0,6832.0,5632.285714285715,6044.214285714285
4,2023-11-08,7019,625,1,1,0,0,c,a,8422,2023,11,45,2,4,0,5529.0,5802.0,5722.0,5703.428571428572,6042.035714285715
4,2023-11-09,6399,537,1,1,0,0,c,a,8422,2023,11,45,3,4,0,6134.0,6803.0,5538.0,5916.285714285715,6088.357142857143
4,2023-11-10,4831,348,1,0,0,0,c,a,8422,2023,11,45,4,4,0,6987.0,7016.0,6736.0,5954.142857142857,6119.107142857143
4,2023-11-11,4709,478,1,0,0,0,c,a,8422,2023,11,45,5,4,1,5432.0,6868.0,6373.0,5646.142857142857,6051.071428571428
4,2023-11-13,4987,473,1,0,0,0,c,a,8422,2023,11,46,0,4,0,3942.0,5263.0,7031.0,5542.857142857143,5991.642857142857
4,2023-11-14,6137,575,1,1,0,0,c,a,8422,2023,11,46,1,4,0,5129.0,4558.0,5681.0,5692.142857142857,5918.642857142857
4,2023-11-15,5500,625,1,0,0,0,c,a,8422,2023,11,46,2,4,0,6771.0,6273.0,6724.0,5836.142857142857,5934.928571428572
4,2023-11-16,6638,742,1,1,0,0,c,a,8422,2023,11,46,3,4,0,7019.0,5529.0,5428.0,5654.571428571428,5891.214285714285
4,2023-11-17,4890,360,1,0,0,0,c,a,8422,2023,11,46,4,4,0,6399.0,6134.0,6515.0,5600.142857142857,5934.428571428572
4,2023-11-18,5393,646,1,1,0,0,c,a,8422,2023,11,46,5,4,1,4831.0,6987.0,6856.0,5384.571428571428,5876.392857142857
4,2023-11-20,4770,376,1,0,0,0,c,a,8422,2023,11,47,0,4,0,4709.0,5432.0,6601.0,5464.857142857143,5824.142857142857
4,2023-11-21,6186,689,1,1,0,0,c,a,8422,2023,11,47,1,4,0,4987.0,3942.0,6208.0,5473.571428571428,5758.75
4,2023-11-22,6137,474,1,0,0,0,c,a,8422,2023,11,47,2,4,0,6137.0,5129.0,6407.0,5644.857142857143,5757.964285714285
4,2023-11-23,6236,486,1,1,0,0,c,a,8422,2023,11,47,3,4,0,5500.0,6771.0,4850.0,5644.857142857143,5748.321428571428
4,2023-11-24,4312,439,1,0,0,0,c,a,8422,2023,11,47,4,4,0,6638.0,7019.0,5802.0,5750.0,5797.821428571428
4,2023-11-25,4618,401,1,0,0,0,c,a,8422,2023,11,47,5,4,1,4890.0,6399.0,6803.0,5417.714285714285,5744.607142857143
4,2023-11-27,5879,446,1,1,0,0,c,a,8422,2023,11,48,0,4,0,5393.0,4831.0,7016.0,5378.857142857143,5666.571428571428
4,2023-11-28,6320,586,1,1,0,0,c,a,8422,2023,11,48,1,4,0,4770.0,4709.0,6868.0,5448.285714285715,5625.964285714285
4,2023-11-29,5492,430,1,0,0,0,c,a,8422,2023,11,48,2,4,0,6186.0,4987.0,5263.0,5669.714285714285,5606.392857142857
4,2023-11-30,5934,679,1,1,0,0,c,a,8422,2023,11,48,3,4,0,6137.0,6137.0,4558.0,5570.571428571428,5614.571428571428
4,2023-12-01,5023,386,1,0,0,0,c,a,8422,2023,12,48,4,4,0,6236.0,5500.0,6273.0,5541.571428571428,5663.714285714285
4,2023-12-02,4417,393,1,0,0,0,c,a,8422,2023,12,48,5,4,1,4312.0,6638.0,5529.0,5368.285714285715,5619.071428571428
4,2023-12-04,5078,503,1,0,0,0,c,a,8422,2023,12,49,0,4,0,4618.0,4890.0,6134.0,5383.285714285715,5579.357142857143
4,2023-12-05,6367,729,1,1,0,0,c,a,8422,2023,12,49,1,4,0,5879.0,5393.0,6987.0,5449.0,5541.642857142857
4,2023-12-06,6825,753,1,1,0,0,c,a,8422,2023,12,49,2,4,0,6320.0,4770.0,5432.0,5518.714285714285,5519.5
4,2023-12-07,5961,573,1,1,0,0,c,a,8422,2023,12,49,3,4,0,5492.0,6186.0,3942.0,5590.857142857143,5569.25
4,2023-12-08,5411,480,1,1,0,0,c,a,8422,2023,12,49,4,4,0,5934.0,6137.0,5129.0,5657.857142857143,5641.357142857143
4,2023-12-09,4334,495,1,0,0,0,c,a,8422,2023,12,49,5,4,1,5023.0,6236.0,6771.0,5583.142857142857,5651.428571428572
4,2023-12-11,4779,348,1,0,0,0,c,a,8422,2023,12,50,0,4,0,4417.0,4312.0,7019.0,5484.714285714285,5564.392857142857
4,2023-12-12,6853,754,1,1,0,0,c,a,8422,2023,12,50,1,4,0,5078.0,4618.0,6399.0,5536.428571428572,5484.392857142857
4,2023-12-13,6207,617,1,0,0,0,c,a,8422,2023,12,50,2,4,0,6367.0,5879.0,4831.0,5790.0,5500.607142857143
4,2023-12-14,6146,450,1,1,0,0,c,a,8422,2023,12,50,3,4,0,6825.0,6320.0,4709.0,5767.142857142857,5549.75
4,2023-12-15,5086,368,1,1,0,0,c,a,8422,2023,12,50,4,4,0,5961.0,5492.0,4987.0,5670.142857142857,5601.071428571428
4,2023-12-16,5588,573,1,1,0,0,c,a,8422,2023,12,50,5,4,1,5411.0,5934.0,6137.0,5545.142857142857,5604.607142857143
4,2023-12-18,4731,386,1,0,0,0,c,a,8422,2023,12,51,0,4,0,4334.0,5023.0,5500.0,5570.428571428572,5585.0
4,2023-12-19,6788,488,1,1,0,0,c,a,8422,2023,12,51,1,4,0,4779.0,4417.0,6638.0,5627.142857142857,5557.535714285715
4,2023-12-20,5757,638,1,0,0,0,c,a,8422,2023,12,51,2,4,0,6853.0,5078.0,4890.0,5914.142857142857,5562.892857142857
4,2023-12-21,6473,626,1,1,0,0,c,a,8422,2023,12,51,3,4,0,6207.0,6367.0,5393.0,5757.571428571428,5593.857142857143
4,2023-12-22,4047,326,1,0,0,0,c,a,8422,2023,12,51,4,4,0,6146.0,6825.0,4770.0,5795.571428571428,5632.428571428572
4,2023-12-23,3839,307,1,0,0,0,c,a,8422,2023,12,51,5,4,1,5086.0,5961.0,6186.0,5495.714285714285,5606.607142857143
4,2023-12-26,5015,425,1,0,0,0,c,a,8422,2023,12,52,1,4,0,5588.0,5411.0,6137.0,5317.571428571428,5522.785714285715
4,2023-12-27,6884,656,1,1,0,0,c,a,8422,2023,12,52,2,4,0,4731.0,4334.0,6236.0,5235.714285714285,5482.714285714285
4,2023-12-28,5715,501,1,0,0,0,c,a,8422,2023,12,52,3,4,0,6788.0,4779.0,4312.0,5543.285714285715,5505.857142857143
4,2023-12-29,4621,458,1,0,0,0,c,a,8422,2023,12,52,4,4,0,5757.0,6853.0,4618.0,5390.0,5555.964285714285
4,2023-12-30,5264,387,1,1,0,0,c,a,8422,2023,12,52,5,4,1,6473.0,6207.0,5879.0,5227.714285714285,5556.071428571428
5,2020-02-04,11788,1237,1,0,0,0,b,a,869,2020,2,6,1,1,0,8010.0,8608.0,11521.0,10501.0,10338.892857142857
5,2020-02-05,10184,1221,1,0,0,0,b,a,869,2020,2,6,2,1,0,12065.0,11556.0,8213.0,11040.714285714286,10348.42857142857
5,2020-02-06,11969,1137,1,1,0,0,b,a,869,2020,2,6,3,1,0,11678.0,12005.0,8257.0,10772.0,10418.82142857143
5,2020-02-07,10099,1096,1,0,0,0,b,a,869,2020,2,6,4,1,0,12175.0,12345.0,9586.0,10813.57142857143,10551.392857142857
5,2020-02-08,10265,749,1,0,0,0,b,a,869,2020,2,6,5,1,1,9320.0,10883.0,12084.0,10517.0,10569.714285714286
5,2020-02-10,8553,737,1,0,0,0,b,a,869,2020,2,7,0,1,0,7911.0,11365.0,10627.0,10652.0,10504.75
5,2020-02-11,11597,1256,1,0,0,0,b,a,869,2020,2,7,1,1,0,12348.0,8471.0,11556.0,10743.714285714286,10430.67857142857
5,2020-02-12,11178,928,1,0,0,0,b,a,869,2020,2,7,2,1,0,11788.0,8010.0,9096.0,10636.42857142857,10432.142857142857
5,2020-02-13,11073,1225,1,0,0,0,b,a,869,2020,2,7,3,1,0,10184.0,12065.0,7221.0,10549.285714285714,10506.5
5,2020-02-14,8205,753,1,0,0,0,b,a,869,2020,2,7,4,1,0,11969.0,11678.0,10483.0,10676.285714285714,10644.07142857143
5,2020-02-15,8614,674,1,0,0,0,b,a,869,2020,2,7,5,1,1,10099.0,12175.0,11279.0,10138.57142857143,10562.714285714286
5,2020-02-17,10343,964,1,0,0,0,b,a,869,2020,2,8,0,1,0,10265.0,9320.0,11109.0,9926.42857142857,10467.535714285714
5,2020-02-18,12944,1407,1,1,0,0,b,a,869,2020,2,8,1,1,0,8553.0,7911.0,11444.0,9937.57142857143,10440.17857142857
5,2020-02-19,11610,866,1,0,0,0,b,a,869,2020,2,8,2,1,0,11597.0,12348.0,8273.0,10564.857142857143,10493.75
5,2020-02-20,11537,910,1,0,0,0,b,a,869,2020,2,8,3,1,0,11178.0,11788.0,8608.0,10566.714285714286,10612.92857142857
5,2020-02-21,12195,1170,1,1,0,0,b,a,869,2020,2,8,4,1,0,11073.0,10184.0,11556.0,10618.0,10717.535714285714
5,2020-02-22,11838,1175,1,1,0,0,b,a,869,2020,2,8,5,1,1,8205.0,11969.0,12005.0,10778.285714285714,10740.357142857143
5,2020-02-24,12723,1332,1,1,0,0,b,a,869,2020,2,9,0,1,0,8614.0,10099.0,12345.0,11297.285714285714,10734.392857142857
5,2020-02-25,11395,941,1,0,0,0,b,a,869,2020,2,9,1,1,0,10343.0,10265.0,10883.0,11884.285714285714,10747.892857142857
5,2020-02-26,12826,1106,1,0,0,0,b,a,869,2020,2,9,2,1,0,12944.0,8553.0,11365.0,12034.57142857143,10766.17857142857
5,2020-02-27,9756,793,1,0,0,0,b,a,869,2020,2,9,3,1,0,11610.0,11597.0,8471.0,12017.714285714286,10818.357142857143
5,2020-02-28,12272,1283,1,1,0,0,b,a,869,2020,2,9,4,1,0,11537.0,11178.0,8010.0,11752.857142857143,10864.25
5,2020-02-29,9859,806,1,0,0,0,b,a,869,2020,2,9,5,1,1,12195.0,11073.0,12065.0,11857.857142857143,11016.464285714286
5,2020-03-02,13185,1273,1,1,0,0,b,a,869,2020,3,10,0,1,0,11838.0,8205.0,11678.0,11524.142857142857,10937.67857142857
5,2020-03-03,11045,908,1,0,0,0,b,a,869,2020,3,10,1,1,0,12723.0,8614.0,12175.0,11716.57142857143,10991.5
5,2020-03-04,11479,842,1,0,0,0,b,a,869,2020,3,10,2,1,0,11395.0,10343.0,9320.0,11476.857142857143,10951.142857142857
5,2020-03-05,13936,1557,1,1,0,0,b,a,869,2020,3,10,3,1,0,12826.0,12944.0,7911.0,11488.857142857143,11028.25
5,2020-03-06,9737,766,1,0,0,0,b,a,869,2020,3,10,4,1,0,9756.0,11610.0,12348.0,11647.42857142857,11243.42857142857
5,2020-03-07,8668,719,1,0,0,0,b,a,869,2020,3,10,5,1,1,12272.0,11537.0,11788.0,11644.714285714286,11150.17857142857
5,2020-03-09,11208,860,1,0,0,0,b,a,869,2020,3,11,0,1,0,9859.0,12195.0,10184.0,11129.857142857143,11038.75
5,2020-03-10,11063,1315,1,0,0,0,b,a,869,2020,3,11,1,1,0,13185.0,11838.0,11969.0,11322.57142857143,11075.32142857143
5,2020-03-11,12566,1393,1,0,0,0,b,a,869,2020,3,11,2,1,0,11045.0,12723.0,10099.0,11019.42857142857,11042.964285714286
5,2020-03-12,12928,1133,1,1,0,0,b,a,869,2020,3,11,3,1,0,11479.0,11395.0,10265.0,11236.714285714286,11131.07142857143
5,2020-03-13,9371,912,1,0,0,0,b,a,869,2020,3,11,4,1,0,13936.0,12826.0,8553.0,11443.714285714286,11226.17857142857
5,2020-03-14,11009,978,1,1,0,0,b,a,869,2020,3,11,5,1,1,9737.0,9756.0,11597.0,10791.57142857143,11255.392857142857
5,2020-03-16,9663,758,1,0,0,0,b,a,869,2020,3,12,0,1,0,8668.0,12272.0,11178.0,10973.285714285714,11234.392857142857
5,2020-03-17,10668,897,1,0,0,0,b,a,869,2020,3,12,1,1,0,11208.0,9859.0,11073.0,11115.42857142857,11180.285714285714
5,2020-03-18,13612,1230,1,1,0,0,b,a,869,2020,3,12,2,1,0,11063.0,13185.0,8205.0,11038.285714285714,11165.82142857143
5,2020-03-19,13448,1358,1,1,0,0,b,a,869,2020,3,12,3,1,0,12566.0,11045.0,8614.0,11402.42857142857,11358.92857142857
5,2020-03-20,9685,914,1,0,0,0,b,a,869,2020,3,12,4,1,0,12928.0,11479.0,10343.0,11528.42857142857,11531.57142857143
5,2020-03-21,9506,713,1,0,0,0,b,a,869,2020,3,12,5,1,1,9371.0,13936.0,12944.0,11065.142857142857,11508.07142857143
5,2020-03-23,10710,871,1,0,0,0,b,a,869,2020,3,13,0,1,0,11009.0,9737.0,11610.0,11084.42857142857,11385.285714285714
5,2020-03-24,13330,1305,1,1,0,0,b,a,869,2020,3,13,1,1,0,9663.0,8668.0,11537.0,11041.714285714286,11353.142857142857
5,2020-03-25,14385,1423,1,1,0,0,b,a,869,2020,3,13,2,1,0,10668.0,11208.0,12195.0,11565.57142857143,11417.17857142857
5,2020-03-26,13311,1216,1,0,0,0,b,a,869,2020,3,13,3,1,0,13612.0,11063.0,11838.0,12096.57142857143,11495.392857142857
5,2020-03-27,12141,1076,1,1,0,0,b,a,869,2020,3,13,4,1,0,13448.0,12566.0,12723.0,12053.57142857143,11548.0
5,2020-03-28,10174,1173,1,0,0,0,b,a,869,2020,3,13,5,1,1,9685.0,12928.0,11395.0,11866.857142857143,11527.214285714286
5,2020-03-30,11722,921,1,0,0,0,b,a,869,2020,3,14,0,1,0,9506.0,9371.0,12826.0,11936.714285714286,11483.607142857143
5,2020-03-31,16131,1368,1,1,0,0,b,a,869,2020,3,14,1,1,0,10710.0,11009.0,9756.0,12253.285714285714,11444.17857142857
5,2020-04-01,14117,1168,1,0,0,0,b,a,869,2020,4,14,2,2,0,13330.0,9663.0,12272.0,13027.714285714286,11671.857142857143
5,2020-04-02,11180,1246,1,0,0,0,b,a,869,2020,4,14,3,2,0,14385.0,10668.0,9859.0,13140.142857142857,11737.75
5,2020-04-03,11738,980,1,0,0,0,b,a,869,2020,4,14,4,2,0,13311.0,13612.0,13185.0,12682.285714285714,11784.92857142857
5,2020-04-04,13399,1040,1,1,0,0,b,a,869,2020,4,14,5,2,1,12141.0,13448.0,11045.0,12457.57142857143,11733.25
5,2020-04-06,10692,998,1,0,0,0,b,a,869,2020,4,15,0,2,0,10174.0,9685.0,11479.0,12637.285714285714,11817.32142857143
5,2020-04-07,16340,1472,1,1,0,0,b,a,869,2020,4,15,1,2,0,11722.0,9506.0,13936.0,12711.285714285714,11789.214285714286
5,2020-04-08,15662,1880,1,1,0,0,b,a,869,2020,4,15,2,2,0,16131.0,10710.0,9737.0,13371.0,11875.07142857143
5,2020-04-09,11722,850,1,0,0,0,b,a,869,2020,4,15,3,2,0,14117.0,13330.0,8668.0,13304.0,12086.67857142857
5,2020-04-11,12412,1239,1,1,0,0,b,a,869,2020,4,15,5,2,1,11180.0,14385.0,11208.0,12961.857142857143,12195.75
5,2020-04-13,15008,1275,1,1,0,0,b,a,869,2020,4,16,0,2,0,11738.0,13311.0,11063.0,13137.857142857143,12238.75
5,2020-04-14,13232,1051,1,0,0,0,b,a,869,2020,4,16,1,2,0,13399.0,12141.0,12566.0,13605.0,12379.642857142857
5,2020-04-15,16145,1200,1,1,0,0,b,a,869,2020,4,16,2,2,0,10692.0,10174.0,12928.0,13581.142857142857,12403.42857142857
5,2020-04-16,12746,1094,1,0,0,0,b,a,869,2020,4,16,3,2,0,16340.0,11722.0,9371.0,14360.142857142857,12518.32142857143
5,2020-04-17,12923,1420,1,1,0,0,b,a,869,2020,4,16,4,2,0,15662.0,16131.0,11009.0,13846.714285714286,12638.857142857143
5,2020-04-18,12109,971,1,1,0,0,b,a,869,2020,4,16,5,2,1,11722.0,14117.0,9663.0,13455.42857142857,12707.214285714286
5,2020-04-20,13608,1208,1,0,0,0,b,a,869,2020,4,17,0,2,0,12412.0,11180.0,10668.0,13510.714285714286,12794.57142857143
5,2020-04-21,15500,1200,1,1,0,0,b,a,869,2020,4,17,1,2,0,15008.0,11738.0,13612.0,13681.57142857143,12899.57142857143
5,2020-04-22,13536,1406,1,0,0,0,b,a,869,2020,4,17,2,2,0,13232.0,13399.0,13448.0,13751.857142857143,12967.0
5,2020-04-23,13167,1292,1,0,0,0,b,a,869,2020,4,17,3,2,0,16145.0,10692.0,9685.0,13795.285714285714,12970.142857142857
5,2020-04-24,12216,1150,1,0,0,0,b,a,869,2020,4,17,4,2,0,12746.0,16340.0,9506.0,13369.857142857143,13094.5
5,2020-04-25,13954,1677,1,1,0,0,b,a,869,2020,4,17,5,2,1,12923.0,15662.0,10710.0,13294.142857142857,13191.285714285714
5,2020-04-27,13550,1071,1,0,0,0,b,a,869,2020,4,18,0,2,0,12109.0,11722.0,13330.0,13441.42857142857,13307.142857142857
5,2020-04-28,14560,1180,1,0,0,0,b,a,869,2020,4,18,1,2,0,13608.0,12412.0,14385.0,13647.285714285714,13315.0
5,2020-04-29,17517,1251,1,1,0,0,b,a,869,2020,4,18,2,2,0,15500.0,15008.0,13311.0,13783.285714285714,13321.25
5,2020-04-30,14004,1257,1,0,0,0,b,a,869,2020,4,18,3,2,0,13536.0,13232.0,12141.0,14071.42857142857,13471.464285714286
5,2020-05-01,11004,1328,1,0,0,0,b,a,869,2020,5,18,4,2,0,13167.0,16145.0,10174.0,14138.285714285714,13538.0
5,2020-05-02,13544,1352,1,1,0,0,b,a,869,2020,5,18,5,2,1,12216.0,12746.0,11722.0,13829.285714285714,13567.642857142857
5,2020-05-04,12551,915,1,0,0,0,b,a,869,2020,5,19,0,2,0,13954.0,12923.0,16131.0,14019.0,13632.714285714286
5,2020-05-05,15871,1231,1,1,0,0,b,a,869,2020,5,19,1,2,0,13550.0,12109.0,14117.0,13818.57142857143,13504.857142857143
5,2020-05-06,14167,1237,1,0,0,0,b,a,869,2020,5,19,2,2,0,14560.0,13608.0,11180.0,14150.142857142857,13567.5
5,2020-05-07,14117,1138,1,0,0,0,b,a,869,2020,5,19,3,2,0,17517.0,15500.0,11738.0,14094.0,13674.17857142857
5,2020-05-08,13905,1194,1,1,0,0,b,a,869,2020,5,19,4,2,0,14004.0,13536.0,13399.0,13608.285714285714,13759.142857142857
5,2020-05-09,11293,1316,1,0,0,0,b,a,869,2020,5,19,5,2,1,11004.0,13167.0,10692.0,13594.142857142857,13777.214285714286
5,2020-05-11,13904,1644,1,0,0,0,b,a,869,2020,5,20,0,2,0,13544.0,12216.0,16340.0,13635.42857142857,13798.67857142857
5,2020-05-12,14156,1094,1,0,0,0,b,a,869,2020,5,20,1,2,0,12551.0,13954.0,15662.0,13686.857142857143,13711.67857142857
5,2020-05-13,17022,1553,1,1,0,0,b,a,869,2020,5,20,2,2,0,15871.0,13550.0,11722.0,13916.142857142857,13657.892857142857
5,2020-05-14,13364,964,1,0,0,0,b,a,869,2020,5,20,3,2,0,14167.0,14560.0,12412.0,14080.57142857143,13847.17857142857
5,2020-05-15,13944,1400,1,1,0,0,b,a,869,2020,5,20,4,2,0,14117.0,17517.0,15008.0,13965.857142857143,13881.17857142857
5,2020-05-16,11554,1422,1,0,0,0,b,a,869,2020,5,20,5,2,1,13905.0,14004.0,13232.0,13941.142857142857,13843.17857142857
5,2020-05-18,15140,1884,1,0,0,0,b,a,869,2020,5,21,0,2,0,11293.0,11004.0,16145.0,13605.285714285714,13783.25
5,2020-05-19,14653,1798,1,0,0,0,b,a,869,2020,5,21,1,2,0,13904.0,13544.0,12746.0,14154.857142857143,13747.357142857143
5,2020-05-20,15821,1768,1,1,0,0,b,a,869,2020,5,21,2,2,0,14156.0,12551.0,12923.0,14261.857142857143,13815.464285714286
5,2020-05-21,16406,1223,1,1,0,0,b,a,869,2020,5,21,3,2,0,17022.0,15871.0,12109.0,14499.714285714286,13918.964285714286
5,2020-05-22,15490,1570,1,1,0,0,b,a,869,2020,5,21,4,2,0,13364.0,14167.0,13608.0,14411.714285714286,14072.42857142857
5,2020-05-23,12839,1027,1,1,0,0,b,a,869,2020,5,21,5,2,1,13944.0,14117.0,15500.0,14715.42857142857,14139.642857142857
5,2020-05-25,16756,1667,1,1,0,0,b,a,869,2020,5,22,0,2,0,11554.0,13905.0,13536.0,14557.57142857143,14044.607142857143
5,2020-05-26,13643,1315,1,0,0,0,b,a,869,2020,5,22,1,2,0,15140.0,11293.0,13167.0,15300.714285714286,14159.607142857143
5,2020-05-27,16352,1228,1,1,0,0,b,a,869,2020,5,22,2,2,0,14653.0,13904.0,12216.0,15086.857142857143,14176.607142857143
5,2020-05-28,14203,1500,1,0,0,0,b,a,869,2020,5,22,3,2,0,15821.0,14156.0,13954.0,15329.57142857143,14324.32142857143
5,2020-05-29,13786,1259,1,0,0,0,b,a,869,2020,5,22,4,2,0,16406.0,17022.0,13550.0,15098.42857142857,14333.214285714286
5,2020-05-30,15788,1594,1,1,0,0,b,a,869,2020,5,22,5,2,1,15490.0,13364.0,14560.0,14724.142857142857,14341.642857142857
5,2020-06-01,15956,1331,1,1,0,0,b,a,869,2020,6,23,0,2,0,12839.0,13944.0,17517.0,14766.714285714286,14385.5
5,2020-06-02,16300,1496,1,1,0,0,b,a,869,2020,6,23,1,2,0,16756.0,11554.0,14004.0,15212.0,14329.75
5,2020-06-03,18076,2137,1,1,0,0,b,a,869,2020,6,23,2,2,0,13643.0,15140.0,11004.0,15146.857142857143,14411.75
5,2020-06-04,16609,1199,1,1,0,0,b,a,869,2020,6,23,3,2,0,16352.0,14653.0,13544.0,15780.142857142857,14664.32142857143
5,2020-06-05,16251,1629,1,1,0,0,b,a,869,2020,6,23,4,2,0,14203.0,15821.0,12551.0,15816.857142857143,14773.785714285714
5,2020-06-06,12194,903,1,0,0,0,b,a,869,2020,6,23,5,2,1,13786.0,16406.0,15871.0,16109.42857142857,14905.92857142857
5,2020-06-08,15626,1663,1,1,0,0,b,a,869,2020,6,24,0,2,0,15788.0,15490.0,14167.0,15882.0,14774.607142857143
5,2020-06-09,14935,1402,1,0,0,0,b,a,869,2020,6,24,1,2,0,15956.0,12839.0,14117.0,15858.857142857143,14826.714285714286
5,2020-06-10,16013,1273,1,0,0,0,b,a,869,2020,6,24,2,2,0,16300.0,16756.0,13905.0,15713.0,14855.92857142857
5,2020-06-11,15347,1190,1,1,0,0,b,a,869,2020,6,24,3,2,0,18076.0,13643.0,11293.0,15672.0,14931.214285714286
5,2020-06-12,14808,1780,1,0,0,0,b,a,869,2020,6,24,4,2,0,16609.0,16352.0,13904.0,15282.142857142857,15076.0
5,2020-06-13,13100,1107,1,0,0,0,b,a,869,2020,6,24,5,2,1,16251.0,14203.0,14156.0,15024.857142857143,15108.285714285714
5,2020-06-15,15819,1403,1,1,0,0,b,a,869,2020,6,25,0,2,0,12194.0,13786.0,17022.0,14574.714285714286,15070.57142857143
5,2020-06-16,17494,1558,1,1,0,0,b,a,869,2020,6,25,1,2,0,15626.0,15788.0,13364.0,15092.57142857143,15027.607142857143
5,2020-06-17,15164,1127,1,0,0,0,b,a,869,2020,6,25,2,2,0,14935.0,15956.0,13944.0,15359.42857142857,15175.107142857143
5,2020-06-18,14447,1296,1,0,0,0,b,a,869,2020,6,25,3,2,0,16013.0,16300.0,11554.0,15392.142857142857,15218.67857142857
5,2020-06-19,15389,1691,1,1,0,0,b,a,869,2020,6,25,4,2,0,15347.0,18076.0,15140.0,15168.42857142857,15322.0
5,2020-06-20,14348,1229,1,1,0,0,b,a,869,2020,6,25,5,2,1,14808.0,16609.0,14653.0,15174.42857142857,15330.892857142857
5,2020-06-22,15174,1285,1,0,0,0,b,a,869,2020,6,26,0,2,0,13100.0,16251.0,15821.0,15108.714285714286,15320.0
5,2020-06-23,14694,1096,1,0,0,0,b,a,869,2020,6,26,1,2,0,15819.0,12194.0,16406.0,15405.0,15296.892857142857
5,2020-06-24,14662,1083,1,0,0,0,b,a,869,2020,6,26,2,2,0,17494.0,15626.0,15490.0,15244.285714285714,15235.75
5,2020-06-25,14430,1291,1,0,0,0,b,a,869,2020,6,26,3,2,0,15164.0,14935.0,12839.0,14839.714285714286,15206.17857142857
5,2020-06-26,15397,1630,1,1,0,0,b,a,869,2020,6,26,4,2,0,14447.0,16013.0,16756.0,14734.857142857143,15263.0
5,2020-06-27,13530,1188,1,1,0,0,b,a,869,2020,6,26,5,2,1,15389.0,15347.0,13643.0,14870.57142857143,15214.464285714286
5,2020-06-29,16104,1303,1,1,0,0,b,a,869,2020,6,27,0,2,0,14348.0,14808.0,16352.0,14605.0,15210.42857142857
5,2020-06-30,15447,1498,1,0,0,0,b,a,869,2020,6,27,1,2,0,15174.0,13100.0,14203.0,14855.857142857143,15201.57142857143
5,2020-07-01,18050,1825,1,1,0,1,b,a,869,2020,7,27,2,3,0,14694.0,15819.0,13786.0,14894.857142857143,15246.0
5,2020-07-02,15930,1501,1,0,0,1,b,a,869,2020,7,27,3,3,0,14662.0,17494.0,15788.0,15374.285714285714,15398.285714285714
5,2020-07-03,11355,984,1,0,0,1,b,a,869,2020,7,27,4,3,0,14430.0,15164.0,15956.0,15555.42857142857,15403.357142857143
5,2020-07-04,12642,1082,1,0,0,1,b,a,869,2020,7,27,5,3,1,15397.0,14447.0,16300.0,15116.142857142857,15239.035714285714
5,2020-07-06,16884,2045,1,1,0,1,b,a,869,2020,7,28,0,3,0,13530.0,15389.0,18076.0,14722.57142857143,15108.392857142857
5,2020-07-07,18264,1492,1,1,0,1,b,a,869,2020,7,28,1,3,0,16104.0,14348.0,16609.0,15201.714285714286,15065.82142857143
5,2020-07-08,16147,1323,1,0,0,1,b,a,869,2020,7,28,2,3,0,15447.0,15174.0,16251.0,15510.285714285714,15124.92857142857
5,2020-07-09,18032,1414,1,1,0,1,b,a,869,2020,7,28,3,3,0,18050.0,14694.0,12194.0,15610.285714285714,15121.214285714286
5,2020-07-10,16154,1178,1,1,0,1,b,a,869,2020,7,28,4,3,0,15930.0,14662.0,15626.0,15607.714285714286,15329.714285714286
5,2020-07-11,15778,1872,1,1,0,1,b,a,869,2020,7,28,5,3,1,11355.0,14430.0,14935.0,15639.714285714286,15348.57142857143
5,2020-07-13,17194,1679,1,1,0,1,b,a,869,2020,7,29,0,3,0,12642.0,15397.0,16013.0,16271.57142857143,15378.67857142857
5,2020-07-14,18037,2234,1,1,0,1,b,a,869,2020,7,29,1,3,0,16884.0,13530.0,15347.0,16921.85714285714,15420.857142857143
5,2020-07-15,16058,1244,1,0,0,1,b,a,869,2020,7,29,2,3,0,18264.0,16104.0,14808.0,17086.571428571428,15516.92857142857
5,2020-07-16,14778,1323,1,0,0,1,b,a,869,2020,7,29,3,3,0,16147.0,15447.0,13100.0,16771.428571428572,15561.57142857143
5,2020-07-17,14092,1662,1,0,0,1,b,a,869,2020,7,29,4,3,0,18032.0,18050.0,15819.0,16575.85714285714,15621.5
5,2020-07-18,14658,1790,1,1,0,1,b,a,869,2020,7,29,5,3,1,16154.0,15930.0,17494.0,16013.0,15559.82142857143
5,2020-07-20,16148,1975,1,0,0,1,b,a,869,2020,7,30,0,3,0,15778.0,11355.0,15164.0,15799.285714285714,15458.535714285714
5,2020-07-21,18594,1426,1,1,0,1,b,a,869,2020,7,30,1,3,0,17194.0,12642.0,14447.0,15852.142857142857,15493.67857142857
5,2020-07-22,18194,1511,1,1,0,1,b,a,869,2020,7,30,2,3,0,18037.0,16884.0,15389.0,16052.142857142857,15641.785714285714
5,2020-07-23,14491,1103,1,0,0,1,b,a,869,2020,7,30,3,3,0,16058.0,18264.0,14348.0,16074.57142857143,15741.964285714286
5,2020-07-24,16247,1302,1,1,0,1,b,a,869,2020,7,30,4,3,0,14778.0,16147.0,15174.0,15850.714285714286,15747.07142857143
5,2020-07-25,15502,1284,1,1,0,1,b,a,869,2020,7,30,5,3,1,14092.0,18032.0,14694.0,16060.57142857143,15785.392857142857
5,2020-07-27,15730,1533,1,1,0,1,b,a,869,2020,7,31,0,3,0,14658.0,16154.0,14662.0,16262.0,15814.25
5,2020-07-28,18474,2279,1,1,0,1,b,a,869,2020,7,31,1,3,0,16148.0,15778.0,14430.0,16415.14285714286,15852.392857142857
5,2020-07-29,17925,1283,1,1,0,1,b,a,869,2020,7,31,2,3,0,18594.0,17194.0,15397.0,16747.428571428572,15996.82142857143
5,2020-07-30,17186,2094,1,1,0,1,b,a,869,2020,7,31,3,3,0,18194.0,18037.0,13530.0,16651.85714285714,16087.107142857143
5,2020-07-31,15623,1582,1,1,0,1,b,a,869,2020,7,31,4,3,0,14491.0,16058.0,16104.0,16507.85714285714,16217.67857142857
5,2020-08-01,11888,1122,1,0,0,1,b,a,869,2020,8,31,5,3,1,16247.0,14778.0,15447.0,16669.571428571428,16200.5
5,2020-08-03,15181,1551,1,0,0,1,b,a,869,2020,8,32,0,3,0,15502.0,14092.0,18050.0,16046.857142857143,16073.392857142857
5,2020-08-04,15786,1315,1,0,0,1,b,a,869,2020,8,32,1,3,0,15730.0,14658.0,15930.0,16001.0,15970.92857142857
5,2020-08-05,17810,1518,1,1,0,1,b,a,869,2020,8,32,2,3,0,18474.0,16148.0,11355.0,16009.0,15965.785714285714
5,2020-08-06,15736,1485,1,0,0,1,b,a,869,2020,8,32,3,3,0,17925.0,18594.0,12642.0,15914.142857142857,16196.32142857143
5,2020-08-07,13726,1066,1,0,0,1,b,a,869,2020,8,32,4,3,0,17186.0,18194.0,16884.0,15601.42857142857,16306.82142857143
5,2020-08-08,13844,1199,1,1,0,1,b,a,869,2020,8,32,5,3,1,15623.0,14491.0,18264.0,15107.142857142857,16194.035714285714
5,2020-08-10,14519,1277,1,0,0,1,b,a,869,2020,8,33,0,3,0,11888.0,16247.0,16147.0,14853.0,16036.17857142857
5,2020-08-11,15240,1624,1,0,0,1,b,a,869,2020,8,33,1,3,0,15181.0,15502.0,18032.0,15228.857142857143,15978.035714285714
5,2020-08-12,17427,1342,1,1,0,1,b,a,869,2020,8,33,2,3,0,15786.0,15730.0,16154.0,15237.285714285714,15878.32142857143
5,2020-08-13,16828,1405,1,1,0,1,b,a,869,2020,8,33,3,3,0,17810.0,18474.0,15778.0,15471.714285714286,15923.785714285714
5,2020-08-14,13925,1056,1,0,0,1,b,a,869,2020,8,33,4,3,0,15736.0,17925.0,17194.0,15331.42857142857,15961.285714285714
5,2020-08-15,12631,1412,1,0,0,1,b,a,869,2020,8,33,5,3,1,13726.0,17186.0,18037.0,15072.714285714286,15844.535714285714
5,2020-08-17,14990,1086,1,0,0,1,b,a,869,2020,8,34,0,3,0,13844.0,15623.0,16058.0,14916.285714285714,15651.464285714286
5,2020-08-18,14344,1713,1,0,0,1,b,a,869,2020,8,34,1,3,0,14519.0,11888.0,14778.0,15080.0,15613.32142857143
5,2020-08-19,17711,1925,1,1,0,1,b,a,869,2020,8,34,2,3,0,15240.0,15181.0,14092.0,15055.0,15597.82142857143
5,2020-08-20,14671,1342,1,0,0,1,b,a,869,2020,8,34,3,3,0,17427.0,15786.0,14658.0,15408.0,15727.07142857143
5,2020-08-21,13533,1046,1,0,0,1,b,a,869,2020,8,34,4,3,0,16828.0,17810.0,16148.0,15014.285714285714,15727.535714285714
5,2020-08-22,14544,1620,1,1,0,1,b,a,869,2020,8,34,5,3,1,13925.0,15736.0,18594.0,14543.57142857143,15634.142857142857
5,2020-08-24,15530,1146,1,1,0,1,b,a,869,2020,8,35,0,3,0,12631.0,13726.0,18194.0,14632.0,15489.5
5,2020-08-25,16004,1666,1,0,0,1,b,a,869,2020,8,35,1,3,0,14990.0,13844.0,14491.0,15046.142857142857,15394.357142857143
5,2020-08-26,15465,1563,1,0,0,1,b,a,869,2020,8,35,2,3,0,14344.0,14519.0,16247.0,15191.0,15448.392857142857
5,2020-08-27,15188,1843,1,0,0,1,b,a,869,2020,8,35,3,3,0,17711.0,15240.0,15502.0,15351.142857142857,15420.464285714286
5,2020-08-28,12001,1256,1,0,0,1,b,a,869,2020,8,35,4,3,0,14671.0,17427.0,15730.0,14990.714285714286,15409.25
5,2020-08-29,14190,1279,1,1,0,1,b,a,869,2020,8,35,5,3,1,13533.0,16828.0,18474.0,14609.285714285714,15276.07142857143
5,2020-08-31,15600,1434,1,1,0,1,b,a,869,2020,8,36,0,3,0,14544.0,13925.0,17925.0,14703.142857142857,15123.07142857143
5,2020-09-01,13485,1546,1,0,0,0,b,a,869,2020,9,36,1,3,0,15530.0,12631.0,17186.0,14854.0,15040.035714285714
5,2020-09-02,16273,1914,1,1,0,0,b,a,869,2020,9,36,2,3,0,16004.0,14990.0,15623.0,14561.857142857143,14907.857142857143
5,2020-09-03,15164,1096,1,1,0,0,b,a,869,2020,9,36,3,3,0,15465.0,14344.0,11888.0,14600.285714285714,14931.07142857143
5,2020-09-04,13156,1428,1,1,0,0,b,a,869,2020,9,36,4,3,0,15188.0,17711.0,15181.0,14557.285714285714,15048.07142857143
5,2020-09-05,13160,976,1,1,0,0,b,a,869,2020,9,36,5,3,1,12001.0,14671.0,15786.0,14267.0,14975.75
5,2020-09-07,15037,1256,1,1,0,0,b,a,869,2020,9,37,0,3,0,14190.0,13533.0,17810.0,14432.57142857143,14881.964285714286
5,2020-09-08,16137,1332,1,1,0,0,b,a,869,2020,9,37,1,3,0,15600.0,14544.0,15736.0,14553.57142857143,14782.92857142857
5,2020-09-09,14248,1314,1,0,0,0,b,a,869,2020,9,37,2,3,0,13485.0,15530.0,13726.0,14630.285714285714,14797.25
5,2020-09-10,12343,963,1,0,0,0,b,a,869,2020,9,37,3,3,0,16273.0,16004.0,13844.0,14739.285714285714,14815.892857142857
5,2020-09-11,12898,960,1,1,0,0,b,a,869,2020,9,37,4,3,0,15164.0,15465.0,14519.0,14177.857142857143,14762.285714285714
5,2020-09-12,11412,956,1,0,0,0,b,a,869,2020,9,37,5,3,1,13156.0,15188.0,15240.0,13854.142857142857,14704.392857142857
5,2020-09-14,14532,1108,1,1,0,0,b,a,869,2020,9,38,0,3,0,13160.0,12001.0,17427.0,13605.0,14567.67857142857
5,2020-09-15,13126,1631,1,0,0,0,b,a,869,2020,9,38,1,3,0,15037.0,14190.0,16828.0,13801.0,14464.285714285714
5,2020-09-16,13848,1003,1,0,0,0,b,a,869,2020,9,38,2,3,0,16137.0,15600.0,13925.0,13528.0,14332.07142857143
5,2020-09-17,12436,1148,1,0,0,0,b,a,869,2020,9,38,3,3,0,14248.0,13485.0,12631.0,13201.0,14329.32142857143
5,2020-09-18,11267,1137,1,0,0,0,b,a,869,2020,9,38,4,3,0,12343.0,16273.0,14990.0,12942.142857142857,14322.357142857143
5,2020-09-19,10111,844,1,0,0,0,b,a,869,2020,9,38,5,3,1,12898.0,15164.0,14344.0,12788.42857142857,14189.392857142857
5,2020-09-21,14161,1173,1,1,0,0,b,a,869,2020,9,39,0,3,0,11412.0,13156.0,17711.0,12390.285714285714,14038.214285714286
5,2020-09-22,14802,1383,1,1,0,0,b,a,869,2020,9,39,1,3,0,14532.0,13160.0,14671.0,12783.0,13911.42857142857
5,2020-09-23,15118,1469,1,1,0,0,b,a,869,2020,9,39,2,3,0,13126.0,15037.0,13533.0,12821.57142857143,13916.107142857143
5,2020-09-24,15201,1236,1,1,0,0,b,a,869,2020,9,39,3,3,0,13848.0,16137.0,14544.0,13106.142857142857,13972.714285714286
5,2020-09-25,13545,1557,1,1,0,0,b,a,869,2020,9,39,4,3,0,12436.0,14248.0,15530.0,13299.42857142857,13996.17857142857
5,2020-09-26,11245,814,1,0,0,0,b,a,869,2020,9,39,5,3,1,11267.0,12343.0,16004.0,13457.857142857143,13925.285714285714
5,2020-09-28,11825,953,1,0,0,0,b,a,869,2020,9,40,0,3,0,10111.0,12898.0,15465.0,13454.714285714286,13755.32142857143
5,2020-09-29,12305,1257,1,0,0,0,b,a,869,2020,9,40,1,3,0,14161.0,11412.0,15188.0,13699.57142857143,13625.32142857143
5,2020-09-30,13485,1052,1,0,0,0,b,a,869,2020,9,40,2,3,0,14802.0,14532.0,12001.0,13434.42857142857,13522.357142857143
5,2020-10-01,13882,1395,1,1,0,0,b,a,869,2020,10,40,3,4,0,15118.0,13126.0,14190.0,13246.285714285714,13575.357142857143
5,2020-10-02,9528,727,1,0,0,0,b,a,869,2020,10,40,4,4,0,15201.0,13848.0,15600.0,13069.714285714286,13564.357142857143
5,2020-10-03,9633,741,1,0,0,0,b,a,869,2020,10,40,5,4,1,13545.0,12436.0,13485.0,12259.285714285714,13347.5
5,2020-10-05,11562,1037,1,0,0,0,b,a,869,2020,10,41,0,4,0,11245.0,11267.0,16273.0,11700.42857142857,13209.92857142857
5,2020-10-06,14204,1153,1,0,0,0,b,a,869,2020,10,41,1,4,0,11825.0,10111.0,15164.0,11745.714285714286,13041.67857142857
5,2020-10-07,13834,1025,1,0,0,0,b,a,869,2020,10,41,2,4,0,12305.0,14161.0,13156.0,12085.57142857143,13007.392857142857
5,2020-10-08,13093,1484,1,0,0,0,b,a,869,2020,10,41,3,4,0,13485.0,14802.0,13160.0,12304.0,13031.607142857143
5,2020-10-09,12685,1491,1,1,0,0,b,a,869,2020,10,41,4,4,0,13882.0,15118.0,15037.0,12248.0,13029.214285714286
5,2020-10-10,9475,696,1,0,0,0,b,a,869,2020,10,41,5,4,1,9528.0,15201.0,16137.0,12077.0,12945.214285714286
5,2020-10-12,13643,1664,1,1,0,0,b,a,869,2020,10,42,0,4,0,9633.0,13545.0,14248.0,12069.42857142857,12707.285714285714
5,2020-10-13,14411,1267,1,1,0,0,b,a,869,2020,10,42,1,4,0,11562.0,11245.0,12343.0,12642.285714285714,12685.67857142857
5,2020-10-14,12079,1066,1,0,0,0,b,a,869,2020,10,42,2,4,0,14204.0,11825.0,12898.0,13049.285714285714,12759.535714285714
5,2020-10-15,14310,1441,1,1,0,0,b,a,869,2020,10,42,3,4,0,13834.0,12305.0,11412.0,12745.714285714286,12730.285714285714
5,2020-10-16,12023,1173,1,1,0,0,b,a,869,2020,10,42,4,4,0,13093.0,13485.0,14532.0,12813.714285714286,12833.785714285714
5,2020-10-17,11340,840,1,1,0,0,b,a,869,2020,10,42,5,4,1,12685.0,13882.0,13126.0,12660.857142857143,12744.17857142857
5,2020-10-19,10291,766,1,0,0,0,b,a,869,2020,10,43,0,4,0,9475.0,9528.0,13848.0,12468.714285714286,12680.392857142857
5,2020-10-20,14126,1113,1,1,0,0,b,a,869,2020,10,43,1,4,0,13643.0,9633.0,12436.0,12585.285714285714,12553.357142857143
5,2020-10-21,14302,1039,1,1,0,0,b,a,869,2020,10,43,2,4,0,14411.0,11562.0,11267.0,12654.285714285714,12613.714285714286
5,2020-10-22,10159,839,1,0,0,0,b,a,869,2020,10,43,3,4,0,12079.0,14204.0,10111.0,12638.714285714286,12722.107142857143
5,2020-10-23,12677,931,1,1,0,0,b,a,869,2020,10,43,4,4,0,14310.0,13834.0,14161.0,12364.42857142857,12723.82142857143
5,2020-10-24,11076,1179,1,1,0,0,b,a,869,2020,10,43,5,4,1,12023.0,13093.0,14802.0,12131.142857142857,12670.82142857143
5,2020-10-26,10836,1071,1,0,0,0,b,a,869,2020,10,44,0,4,0,11340.0,12685.0,15118.0,11995.857142857143,12537.75
5,2020-10-27,12309,983,1,0,0,0,b,a,869,2020,10,44,1,4,0,10291.0,9475.0,15201.0,11923.857142857143,12384.82142857143
5,2020-10-28,14073,1084,1,1,0,0,b,a,869,2020,10,44,2,4,0,14126.0,13643.0,13545.0,12212.142857142857,12281.535714285714
5,2020-10-29,13419,1138,1,1,0,0,b,a,869,2020,10,44,3,4,0,14302.0,14411.0,11245.0,12204.57142857143,12300.392857142857
5,2020-10-30,10024,964,1,0,0,0,b,a,869,2020,10,44,4,4,0,10159.0,12079.0,11825.0,12078.42857142857,12378.035714285714
5,2020-10-31,9559,980,1,0,0,0,b,a,869,2020,10,44,5,4,1,12677.0,14310.0,12305.0,12059.142857142857,12313.714285714286
5,2020-11-02,9712,869,1,0,0,0,b,a,869,2020,11,45,0,4,0,11076.0,12023.0,13485.0,11613.714285714286,12215.642857142857
5,2020-11-03,10878,849,1,0,0,0,b,a,869,2020,11,45,1,4,0,10836.0,11340.0,13882.0,11418.857142857143,12080.892857142857
5,2020-11-04,10839,1089,1,0,0,0,b,a,869,2020,11,45,2,4,0,12309.0,10291.0,9528.0,11424.857142857143,11973.607142857143
5,2020-11-05,10996,855,1,0,0,0,b,a,869,2020,11,45,3,4,0,14073.0,14126.0,9633.0,11214.857142857143,12020.42857142857
5,2020-11-06,12054,1274,1,1,0,0,b,a,869,2020,11,45,4,4,0,13419.0,14302.0,11562.0,10775.285714285714,12069.107142857143
5,2020-11-07,9990,728,1,1,0,0,b,a,869,2020,11,45,5,4,1,10024.0,10159.0,14204.0,10580.285714285714,12086.67857142857
5,2020-11-09,12836,1041,1,1,0,0,b,a,869,2020,11,46,0,4,0,9559.0,12677.0,13834.0,10575.42857142857,11936.17857142857
5,2020-11-10,13660,993,1,1,0,0,b,a,869,2020,11,46,1,4,0,9712.0,11076.0,13093.0,11043.57142857143,11900.535714285714
5,2020-11-11,14153,1177,1,1,0,0,b,a,869,2020,11,46,2,4,0,10878.0,10836.0,12685.0,11607.57142857143,11920.785714285714
5,2020-11-12,12958,1377,1,1,0,0,b,a,869,2020,11,46,3,4,0,10839.0,12309.0,9475.0,12075.42857142857,11973.214285714286
5,2020-11-13,9410,876,1,0,0,0,b,a,869,2020,11,46,4,4,0,10996.0,14073.0,13643.0,12378.142857142857,12097.607142857143
5,2020-11-14,9877,846,1,1,0,0,b,a,869,2020,11,46,5,4,1,12054.0,13419.0,14411.0,12151.57142857143,11946.42857142857
5,2020-11-16,12654,1082,1,1,0,0,b,a,869,2020,11,47,0,4,0,9990.0,10024.0,12079.0,11840.57142857143,11784.5
5,2020-11-17,12693,1299,1,1,0,0,b,a,869,2020,11,47,1,4,0,12836.0,9559.0,14310.0,12221.142857142857,11805.035714285714
5,2020-11-18,12016,890,1,0,0,0,b,a,869,2020,11,47,2,4,0,13660.0,9712.0,12023.0,12200.714285714286,11747.285714285714
5,2020-11-19,13722,992,1,1,0,0,b,a,869,2020,11,47,3,4,0,14153.0,10878.0,11340.0,11965.857142857143,11747.035714285714
5,2020-11-20,10922,1158,1,1,0,0,b,a,869,2020,11,47,4,4,0,12958.0,10839.0,10291.0,11904.285714285714,11832.107142857143
5,2020-11-21,7316,801,1,0,0,0,b,a,869,2020,11,47,5,4,1,9410.0,10996.0,14126.0,11613.42857142857,11854.642857142857
5,2020-11-23,9349,946,1,0,0,0,b,a,869,2020,11,48,0,4,0,9877.0,12054.0,14302.0,11314.285714285714,11611.42857142857
5,2020-11-24,14003,1077,1,1,0,0,b,a,869,2020,11,48,1,4,0,12654.0,9990.0,10159.0,11238.857142857143,11434.535714285714
5,2020-11-25,12704,1292,1,1,0,0,b,a,869,2020,11,48,2,4,0,12693.0,12836.0,12677.0,11431.57142857143,11571.82142857143
5,2020-11-26,11739,1265,1,0,0,0,b,a,869,2020,11,48,3,4,0,12016.0,13660.0,11076.0,11433.142857142857,11572.785714285714
5,2020-11-27,8680,705,1,0,0,0,b,a,869,2020,11,48,4,4,0,13722.0,14153.0,10836.0,11393.57142857143,11596.464285714286
5,2020-11-28,7924,737,1,0,0,0,b,a,869,2020,11,48,5,4,1,10922.0,12958.0,12309.0,10673.285714285714,11519.464285714286
5,2020-11-30,8984,802,1,0,0,0,b,a,869,2020,11,49,0,4,0,7316.0,9410.0,14073.0,10245.0,11362.857142857143
5,2020-12-01,10502,824,1,0,0,0,b,a,869,2020,12,49,1,4,0,9349.0,9877.0,13419.0,10483.285714285714,11181.107142857143
5,2020-12-02,12556,1220,1,1,0,0,b,a,869,2020,12,49,2,4,0,14003.0,12654.0,10024.0,10648.0,11076.92857142857
5,2020-12-03,11246,1009,1,0,0,0,b,a,869,2020,12,49,3,4,0,12704.0,12693.0,9559.0,10441.285714285714,11167.357142857143
5,2020-12-04,10080,775,1,0,0,0,b,a,869,2020,12,49,4,4,0,11739.0,12016.0,9712.0,10233.0,11227.607142857143
5,2020-12-05,10069,1136,1,1,0,0,b,a,869,2020,12,49,5,4,1,8680.0,13722.0,10878.0,9996.0,11240.75
5,2020-12-07,11697,1136,1,1,0,0,b,a,869,2020,12,50,0,4,0,7924.0,10922.0,10839.0,10194.42857142857,11211.857142857143
5,2020-12-08,10183,773,1,0,0,0,b,a,869,2020,12,50,1,4,0,8984.0,7316.0,10996.0,10733.42857142857,11242.5
5,2020-12-09,12676,1129,1,1,0,0,b,a,869,2020,12,50,2,4,0,10502.0,9349.0,12054.0,10904.714285714286,11213.464285714286
5,2020-12-10,12038,1039,1,1,0,0,b,a,869,2020,12,50,3,4,0,12556.0,14003.0,9990.0,11215.285714285714,11235.67857142857
5,2020-12-11,11023,861,1,1,0,0,b,a,869,2020,12,50,4,4,0,11246.0,12704.0,12836.0,11141.285714285714,11308.82142857143
5,2020-12-12,7314,855,1,0,0,0,b,a,869,2020,12,50,5,4,1,10080.0,11739.0,13660.0,11109.42857142857,11244.07142857143
5,2020-12-14,12464,991,1,1,0,0,b,a,869,2020,12,51,0,4,0,10069.0,8680.0,14153.0,10714.285714285714,11017.42857142857
5,2020-12-15,13011,1085,1,1,0,0,b,a,869,2020,12,51,1,4,0,11697.0,7924.0,12958.0,11056.42857142857,10957.107142857143
5,2020-12-16,11658,849,1,0,0,0,b,a,869,2020,12,51,2,4,0,10183.0,8984.0,9410.0,11244.142857142857,10959.0
5,2020-12-17,9618,857,1,0,0,0,b,a,869,2020,12,51,3,4,0,12676.0,10502.0,9877.0,11454.857142857143,11039.285714285714
5,2020-12-18,8767,753,1,0,0,0,b,a,869,2020,12,51,4,4,0,12038.0,12556.0,12654.0,11018.0,11030.035714285714
5,2020-12-19,6925,546,1,0,0,0,b,a,869,2020,12,51,5,4,1,11023.0,11246.0,12693.0,10550.714285714286,10891.214285714286
5,2020-12-21,10379,1036,1,1,0,0,b,a,869,2020,12,52,0,4,0,7314.0,10080.0,12016.0,9965.285714285714,10685.214285714286
5,2020-12-22,13764,1084,1,1,0,0,b,a,869,2020,12,52,1,4,0,12464.0,10069.0,13722.0,10403.142857142857,10626.75
5,2020-12-23,11220,1085,1,0,0,0,b,a,869,2020,12,52,2,4,0,13011.0,11697.0,10922.0,10588.857142857143,10628.25
5,2020-12-24,12518,1212,1,1,0,0,b,a,869,2020,12,52,3,4,0,11658.0,10183.0,7316.0,10333.0,10638.892857142857
5,2020-12-26,9642,852,1,1,0,0,b,a,869,2020,12,52,5,4,1,9618.0,12676.0,9349.0,10455.857142857143,10824.67857142857
5,2020-12-28,8702,825,1,0,0,0,b,a,869,2020,12,53,0,4,0,8767.0,12038.0,14003.0,10459.285714285714,10835.142857142857
5,2020-12-29,10427,1024,1,0,0,0,b,a,869,2020,12,53,1,4,0,6925.0,11023.0,12704.0,10450.0,10645.82142857143
5,2020-12-30,11439,1094,1,0,0,0,b,a,869,2020,12,53,2,4,0,10379.0,7314.0,11739.0,10950.285714285714,10564.5
5,2020-12-31,9528,1021,1,0,0,0,b,a,869,2020,12,53,3,4,0,13764.0,12464.0,8680.0,11101.714285714286,10553.785714285714
5,2021-01-02,8195,806,1,0,0,0,b,a,869,2021,1,53,5,1,1,11220.0,13011.0,7924.0,10496.57142857143,10584.07142857143
5,2021-01-04,8868,805,1,0,0,0,b,a,869,2021,1,1,0,1,0,12518.0,11658.0,8984.0,10064.42857142857,10593.75
5,2021-01-05,13181,1403,1,1,0,0,b,a,869,2021,1,1,1,1,0,9642.0,9618.0,10502.0,9543.0,10589.607142857143
5,2021-01-06,11282,877,1,1,0,0,b,a,869,2021,1,1,2,1,0,8702.0,8767.0,12556.0,10048.57142857143,10685.285714285714
5,2021-01-07,11191,841,1,0,0,0,b,a,869,2021,1,1,3,1,0,10427.0,6925.0,11246.0,10417.142857142857,10639.785714285714
5,2021-01-08,11449,887,1,1,0,0,b,a,869,2021,1,1,4,1,0,11439.0,10379.0,10080.0,10526.285714285714,10637.82142857143
5,2021-01-09,10243,818,1,1,0,0,b,a,869,2021,1,1,5,1,1,9528.0,13764.0,10069.0,10527.714285714286,10686.714285714286
5,2021-01-11,8854,1036,1,0,0,0,b,a,869,2021,1,2,0,1,0,8195.0,11220.0,11697.0,10629.857142857143,10692.92857142857
5,2021-01-12,12548,1501,1,1,0,0,b,a,869,2021,1,2,1,1,0,8868.0,12518.0,10183.0,10724.0,10591.392857142857
5,2021-01-13,11136,962,1,0,0,0,b,a,869,2021,1,2,2,1,0,13181.0,9642.0,12676.0,11249.714285714286,10675.857142857143
5,2021-01-14,10911,988,1,1,0,0,b,a,869,2021,1,2,3,1,0,11282.0,8702.0,12038.0,10957.57142857143,10620.857142857143
5,2021-01-15,8773,752,1,0,0,0,b,a,869,2021,1,2,4,1,0,11191.0,10427.0,11023.0,10904.57142857143,10580.607142857143
5,2021-01-16,11343,1089,1,1,0,0,b,a,869,2021,1,2,5,1,1,11449.0,11439.0,7314.0,10559.142857142857,10500.25
5,2021-01-18,9416,734,1,0,0,0,b,a,869,2021,1,3,0,1,0,10243.0,9528.0,12464.0,10544.0,10644.142857142857
5,2021-01-19,10162,1056,1,0,0,0,b,a,869,2021,1,3,1,1,0,8854.0,8195.0,13011.0,10425.857142857143,10535.285714285714
5,2021-01-20,13487,1156,1,1,0,0,b,a,869,2021,1,3,2,1,0,12548.0,8868.0,11658.0,10612.714285714286,10433.535714285714
5,2021-01-21,9421,701,1,0,0,0,b,a,869,2021,1,3,3,1,0,11136.0,13181.0,9618.0,10746.857142857143,10498.857142857143
5,2021-01-22,8308,1027,1,0,0,0,b,a,869,2021,1,3,4,1,0,10911.0,11282.0,8767.0,10501.857142857143,10491.82142857143
5,2021-01-23,9764,802,1,1,0,0,b,a,869,2021,1,3,5,1,1,8773.0,11191.0,6925.0,10130.0,10475.42857142857
5,2021-01-25,11326,947,1,1,0,0,b,a,869,2021,1,4,0,1,0,11343.0,11449.0,10379.0,10271.57142857143,10576.82142857143
5,2021-01-26,9490,778,1,0,0,0,b,a,869,2021,1,4,1,1,0,9416.0,10243.0,13764.0,10269.142857142857,10610.642857142857
5,2021-01-27,13137,1065,1,1,0,0,b,a,869,2021,1,4,2,1,0,10162.0,8854.0,11220.0,10279.714285714286,10458.0
5,2021-01-28,11992,1342,1,1,0,0,b,a,869,2021,1,4,3,1,0,13487.0,12548.0,12518.0,10704.714285714286,10526.464285714286
5,2021-01-29,7940,847,1,0,0,0,b,a,869,2021,1,4,4,1,0,9421.0,11136.0,9642.0,10491.142857142857,10507.67857142857
5,2021-01-30,9821,830,1,1,0,0,b,a,869,2021,1,4,5,1,1,8308.0,10911.0,8702.0,10279.57142857143,10446.892857142857
5,2021-02-01,11732,1282,1,1,0,0,b,a,869,2021,2,5,0,1,0,9764.0,8773.0,10427.0,10495.714285714286,10486.857142857143
5,2021-02-02,12802,927,1,1,0,0,b,a,869,2021,2,5,1,1,0,11326.0,11343.0,11439.0,10776.857142857143,10533.464285714286
5,2021-02-03,12655,1272,1,1,0,0,b,a,869,2021,2,5,2,1,0,9490.0,9416.0,9528.0,10987.714285714286,10582.142857142857
5,2021-02-04,9885,817,1,0,0,0,b,a,869,2021,2,5,3,1,0,13137.0,10162.0,8195.0,11439.857142857143,10693.82142857143
5,2021-02-05,8796,808,1,0,0,0,b,a,869,2021,2,5,4,1,0,11992.0,13487.0,8868.0,10975.285714285714,10754.17857142857
5,2021-02-06,11249,1189,1,1,0,0,b,a,869,2021,2,5,5,1,1,7940.0,9421.0,13181.0,10518.714285714286,10751.607142857143
5,2021-02-08,11338,1030,1,1,0,0,b,a,869,2021,2,6,0,1,0,9821.0,8308.0,11282.0,10991.42857142857,10682.607142857143
5,2021-02-09,11403,902,1,0,0,0,b,a,869,2021,2,6,1,1,0,11732.0,9764.0,11191.0,11208.142857142857,10684.607142857143
5,2021-02-10,14315,1521,1,1,0,0,b,a,869,2021,2,6,2,1,0,12802.0,11326.0,11449.0,11161.142857142857,10692.17857142857
5,2021-02-11,12461,944,1,1,0,0,b,a,869,2021,2,6,3,1,0,12655.0,9490.0,10243.0,11377.285714285714,10794.535714285714
5,2021-02-12,11076,797,1,1,0,0,b,a,869,2021,2,6,4,1,0,9885.0,13137.0,8854.0,11349.57142857143,10873.75
5,2021-02-13,9538,806,1,0,0,0,b,a,869,2021,2,6,5,1,1,8796.0,11992.0,12548.0,11519.714285714286,10953.107142857143
5,2021-02-15,10515,874,1,0,0,0,b,a,869,2021,2,7,0,1,0,11249.0,7940.0,11136.0,11625.714285714286,10845.607142857143
5,2021-02-16,11600,1060,1,0,0,0,b,a,869,2021,2,7,1,1,0,11338.0,9821.0,10911.0,11520.857142857143,10823.42857142857
5,2021-02-17,10281,1018,1,0,0,0,b,a,869,2021,2,7,2,1,0,11403.0,11732.0,8773.0,11558.285714285714,10848.035714285714
5,2021-02-18,10557,1125,1,0,0,0,b,a,869,2021,2,7,3,1,0,14315.0,12802.0,11343.0,11398.0,10901.892857142857
5,2021-02-19,9556,920,1,0,0,0,b,a,869,2021,2,7,4,1,0,12461.0,12655.0,9416.0,10861.142857142857,10873.82142857143
5,2021-02-20,9369,796,1,0,0,0,b,a,869,2021,2,7,5,1,1,11076.0,9885.0,10162.0,10446.142857142857,10878.82142857143
5,2021-02-22,11887,857,1,1,0,0,b,a,869,2021,2,8,0,1,0,9538.0,8796.0,13487.0,10202.285714285714,10850.5
5,2021-02-23,10708,1316,1,0,0,0,b,a,869,2021,2,8,1,1,0,10515.0,11249.0,9421.0,10537.857142857143,10793.357142857143
5,2021-02-24,11873,849,1,0,0,0,b,a,869,2021,2,8,2,1,0,11600.0,11338.0,8308.0,10565.42857142857,10839.32142857143
5,2021-02-25,12831,1564,1,1,0,0,b,a,869,2021,2,8,3,1,0,10281.0,11403.0,9764.0,10604.42857142857,10966.642857142857
5,2021-02-26,7997,687,1,0,0,0,b,a,869,2021,2,8,4,1,0,10557.0,14315.0,11326.0,10968.714285714286,11076.17857142857
5,2021-02-27,8683,638,1,0,0,0,b,a,869,2021,2,8,5,1,1,9556.0,12461.0,9490.0,10603.0,10957.285714285714
5,2021-03-01,10874,1224,1,0,0,0,b,a,869,2021,3,9,0,1,0,9369.0,11076.0,13137.0,10478.285714285714,10928.464285714286
5,2021-03-02,11762,1360,1,0,0,0,b,a,869,2021,3,9,1,1,0,11887.0,9538.0,11992.0,10693.285714285714,10847.642857142857
5,2021-03-03,10456,992,1,0,0,0,b,a,869,2021,3,9,2,1,0,10708.0,10515.0,7940.0,10675.42857142857,10839.42857142857
5,2021-03-04,13304,1488,1,1,0,0,b,a,869,2021,3,9,3,1,0,11873.0,11600.0,9821.0,10639.42857142857,10929.285714285714
5,2021-03-05,9775,875,1,0,0,0,b,a,869,2021,3,9,4,1,0,12831.0,10281.0,11732.0,10843.857142857143,11053.67857142857
5,2021-03-06,10887,1052,1,1,0,0,b,a,869,2021,3,9,5,1,1,7997.0,10557.0,12802.0,10407.285714285714,10983.785714285714
5,2021-03-08,9967,1062,1,0,0,0,b,a,869,2021,3,10,0,1,0,8683.0,9556.0,12655.0,10820.142857142857,10915.392857142857
5,2021-03-09,13639,1622,1,1,0,0,b,a,869,2021,3,10,1,1,0,10874.0,9369.0,9885.0,11003.57142857143,10819.392857142857
5,2021-03-10,11183,1378,1,0,0,0,b,a,869,2021,3,10,2,1,0,11762.0,11887.0,8796.0,11398.57142857143,10953.464285714286
5,2021-03-11,14745,1445,1,1,0,0,b,a,869,2021,3,10,3,1,0,10456.0,10708.0,11249.0,11315.857142857143,11038.714285714286
5,2021-03-12,12101,1171,1,1,0,0,b,a,869,2021,3,10,4,1,0,13304.0,11873.0,11338.0,11928.57142857143,11163.57142857143
5,2021-03-13,8132,1000,1,0,0,0,b,a,869,2021,3,10,5,1,1,9775.0,12831.0,11403.0,11756.714285714286,11190.82142857143
5,2021-03-15,11174,1259,1,0,0,0,b,a,869,2021,3,11,0,1,0,10887.0,7997.0,14315.0,11522.0,11074.0
5,2021-03-16,14596,1093,1,1,0,0,b,a,869,2021,3,11,1,1,0,9967.0,8683.0,12461.0,11563.0,10961.82142857143
5,2021-03-17,14138,1267,1,1,0,0,b,a,869,2021,3,11,2,1,0,13639.0,10874.0,11076.0,12224.285714285714,11038.07142857143
5,2021-03-18,12453,916,1,1,0,0,b,a,869,2021,3,11,3,1,0,11183.0,11762.0,9538.0,12295.57142857143,11147.42857142857
5,2021-03-19,10657,916,1,1,0,0,b,a,869,2021,3,11,4,1,0,14745.0,10456.0,10515.0,12477.0,11251.535714285714
5,2021-03-20,11221,824,1,0,0,0,b,a,869,2021,3,11,5,1,1,12101.0,13304.0,11600.0,11893.0,11256.607142857143
5,2021-03-22,11476,1356,1,0,0,0,b,a,869,2021,3,12,0,1,0,8132.0,9775.0,10281.0,11767.285714285714,11243.07142857143
5,2021-03-23,14261,1179,1,1,0,0,b,a,869,2021,3,12,1,1,0,11174.0,10887.0,10557.0,12245.0,11285.75
5,2021-03-24,12019,916,1,0,0,0,b,a,869,2021,3,12,2,1,0,14596.0,9967.0,9556.0,12686.0,11418.035714285714
5,2021-03-25,12300,1182,1,0,0,0,b,a,869,2021,3,12,3,1,0,14138.0,13639.0,9369.0,12317.857142857143,11506.0
5,2021-03-26,12138,889,1,0,0,0,b,a,869,2021,3,12,4,1,0,12453.0,11183.0,11887.0,12055.285714285714,11610.67857142857
5,2021-03-27,12500,1111,1,1,0,0,b,a,869,2021,3,12,5,1,1,10657.0,14745.0,10708.0,12010.285714285714,11619.642857142857
5,2021-03-29,15418,1331,1,1,0,0,b,a,869,2021,3,13,0,1,0,11221.0,12101.0,11873.0,12273.57142857143,11683.642857142857
5,2021-03-30,11956,917,1,0,0,0,b,a,869,2021,3,13,1,1,0,11476.0,8132.0,12831.0,12873.142857142857,11810.25
5,2021-03-31,14099,1050,1,0,0,0,b,a,869,2021,3,13,2,1,0,14261.0,11174.0,7997.0,12941.714285714286,11779.0
5,2021-04-01,14570,1318,1,1,0,0,b,a,869,2021,4,13,3,2,0,12019.0,14596.0,8683.0,12918.57142857143,11996.92857142857
5,2021-04-03,11928,887,1,1,0,0,b,a,869,2021,4,13,5,2,1,12300.0,14138.0,10874.0,13283.0,12207.17857142857
5,2021-04-05,12217,913,1,1,0,0,b,a,869,2021,4,14,0,2,0,12138.0,12453.0,11762.0,13229.857142857143,12244.82142857143
5,2021-04-06,13096,1033,1,0,0,0,b,a,869,2021,4,14,1,2,0,12500.0,10657.0,10456.0,13241.142857142857,12261.07142857143
5,2021-04-07,13721,982,1,1,0,0,b,a,869,2021,4,14,2,2,0,15418.0,11221.0,13304.0,13326.285714285714,12355.357142857143
5,2021-04-08,13120,1196,1,0,0,0,b,a,869,2021,4,14,3,2,0,11956.0,11476.0,9775.0,13083.857142857143,12370.25
5,2021-04-09,13861,1229,1,1,0,0,b,a,869,2021,4,14,4,2,0,14099.0,14261.0,10887.0,13250.142857142857,12489.714285714286
5,2021-04-10,10461,843,1,0,0,0,b,a,869,2021,4,14,5,2,1,14570.0,12019.0,9967.0,13216.142857142857,12595.92857142857
5,2021-04-12,13510,1420,1,1,0,0,b,a,869,2021,4,15,0,2,0,11928.0,12300.0,13639.0,12629.142857142857,12613.57142857143
5,2021-04-13,13488,980,1,0,0,0,b,a,869,2021,4,15,1,2,0,12217.0,12138.0,11183.0,12855.142857142857,12608.964285714286
5,2021-04-14,14952,1277,1,1,0,0,b,a,869,2021,4,15,2,2,0,13096.0,12500.0,14745.0,13036.714285714286,12691.285714285714
5,2021-04-15,14994,1291,1,1,0,0,b,a,869,2021,4,15,3,2,0,13721.0,15418.0,12101.0,13301.857142857143,12698.67857142857
5,2021-04-16,13380,999,1,1,0,0,b,a,869,2021,4,15,4,2,0,13120.0,11956.0,8132.0,13483.714285714286,12802.0
5,2021-04-17,12985,1500,1,1,0,0,b,a,869,2021,4,15,5,2,1,13861.0,14099.0,11174.0,13520.857142857143,12989.42857142857
5,2021-04-19,12431,976,1,0,0,0,b,a,869,2021,4,16,0,2,0,10461.0,14570.0,14596.0,13395.714285714286,13054.107142857143
5,2021-04-20,13440,1315,1,0,0,0,b,a,869,2021,4,16,1,2,0,13510.0,11928.0,14138.0,13677.142857142857,12976.785714285714
5,2021-04-21,14949,1206,1,0,0,0,b,a,869,2021,4,16,2,2,0,13488.0,12217.0,12453.0,13667.142857142857,12951.857142857143
5,2021-04-22,13602,1197,1,0,0,0,b,a,869,2021,4,16,3,2,0,14952.0,13096.0,10657.0,13875.857142857143,13041.0
5,2021-04-23,10990,927,1,0,0,0,b,a,869,2021,4,16,4,2,0,14994.0,13721.0,11221.0,13683.0,13146.17857142857
5,2021-04-24,10723,1197,1,0,0,0,b,a,869,2021,4,16,5,2,1,13380.0,13120.0,11476.0,13111.0,13137.92857142857
5,2021-04-26,15126,1235,1,1,0,0,b,a,869,2021,4,17,0,2,0,12985.0,13861.0,14261.0,12731.42857142857,13111.035714285714
5,2021-04-27,13216,1106,1,0,0,0,b,a,869,2021,4,17,1,2,0,12431.0,10461.0,12019.0,13037.285714285714,13141.92857142857
5,2021-04-28,14759,1336,1,0,0,0,b,a,869,2021,4,17,2,2,0,13440.0,13510.0,12300.0,13149.42857142857,13184.67857142857
5,2021-04-29,12802,1179,1,0,0,0,b,a,869,2021,4,17,3,2,0,14949.0,13488.0,12138.0,13337.857142857143,13272.5
5,2021-04-30,12001,1125,1,0,0,0,b,a,869,2021,4,17,4,2,0,13602.0,14952.0,12500.0,13031.142857142857,13296.214285714286
5,2021-05-01,12304,1204,1,0,0,0,b,a,869,2021,5,17,5,2,1,10990.0,14994.0,15418.0,12802.42857142857,13278.392857142857
5,2021-05-03,14412,1410,1,1,0,0,b,a,869,2021,5,18,0,2,0,10723.0,13380.0,11956.0,12990.142857142857,13167.17857142857
5,2021-05-04,14356,1659,1,0,0,0,b,a,869,2021,5,18,1,2,0,15126.0,12985.0,14099.0,13517.142857142857,13254.892857142857
5,2021-05-05,14296,1227,1,0,0,0,b,a,869,2021,5,18,2,2,0,13216.0,12431.0,14570.0,13407.142857142857,13264.07142857143
5,2021-05-06,15586,1442,1,1,0,0,b,a,869,2021,5,18,3,2,0,14759.0,13440.0,11928.0,13561.42857142857,13254.285714285714
5,2021-05-07,14625,1290,1,1,0,0,b,a,869,2021,5,18,4,2,0,12802.0,14949.0,12217.0,13679.57142857143,13384.92857142857
5,2021-05-08,13967,1271,1,1,0,0,b,a,869,2021,5,18,5,2,1,12001.0,13602.0,13096.0,13940.0,13470.92857142857
5,2021-05-10,13437,1135,1,0,0,0,b,a,869,2021,5,19,0,2,0,12304.0,10990.0,13721.0,14220.857142857143,13502.035714285714
5,2021-05-11,13929,1540,1,0,0,0,b,a,869,2021,5,19,1,2,0,14412.0,10723.0,13120.0,14382.714285714286,13491.892857142857
5,2021-05-12,14440,1116,1,0,0,0,b,a,869,2021,5,19,2,2,0,14356.0,15126.0,13861.0,14313.714285714286,13520.785714285714
5,2021-05-13,12276,1422,1,0,0,0,b,a,869,2021,5,19,3,2,0,14296.0,13216.0,10461.0,14325.714285714286,13541.464285714286
5,2021-05-14,14861,1132,1,1,0,0,b,a,869,2021,5,19,4,2,0,15586.0,14759.0,13510.0,14037.142857142857,13606.285714285714
5,2021-05-15,11242,804,1,0,0,0,b,a,869,2021,5,19,5,2,1,14625.0,12802.0,13488.0,13933.57142857143,13654.535714285714
5,2021-05-17,14160,1501,1,0,0,0,b,a,869,2021,5,20,0,2,0,13967.0,12001.0,14952.0,13450.285714285714,13574.32142857143
5,2021-05-18,16150,1317,1,1,0,0,b,a,869,2021,5,20,1,2,0,13437.0,12304.0,14994.0,13477.857142857143,13546.035714285714
5,2021-05-19,14976,1108,1,0,0,0,b,a,869,2021,5,20,2,2,0,13929.0,14412.0,13380.0,13865.42857142857,13587.32142857143
5,2021-05-20,13931,1303,1,0,0,0,b,a,869,2021,5,20,3,2,0,14440.0,14356.0,12985.0,14015.0,13644.32142857143
5,2021-05-21,15440,1107,1,1,0,0,b,a,869,2021,5,20,4,2,0,12276.0,14296.0,12431.0,13942.285714285714,13678.107142857143
5,2021-05-22,14135,1264,1,1,0,0,b,a,869,2021,5,20,5,2,1,14861.0,15586.0,13440.0,14394.285714285714,13785.57142857143
5,2021-05-24,12703,1112,1,0,0,0,b,a,869,2021,5,21,0,2,0,11242.0,14625.0,14949.0,14290.57142857143,13810.392857142857
5,2021-05-25,15251,1754,1,0,0,0,b,a,869,2021,5,21,1,2,0,14160.0,13967.0,13602.0,14499.285714285714,13730.17857142857
5,2021-05-26,17604,1542,1,1,0,0,b,a,869,2021,5,21,2,2,0,16150.0,13437.0,10990.0,14655.142857142857,13789.07142857143
5,2021-05-27,16338,1687,1,1,0,0,b,a,869,2021,5,21,3,2,0,14976.0,13929.0,10723.0,14862.857142857143,14025.285714285714
5,2021-05-28,12447,984,1,0,0,0,b,a,869,2021,5,21,4,2,0,13931.0,14440.0,15126.0,15057.42857142857,14225.82142857143
5,2021-05-29,14447,1045,1,1,0,0,b,a,869,2021,5,21,5,2,1,15440.0,12276.0,13216.0,14845.42857142857,14130.142857142857
5,2021-05-31,12946,986,1,0,0,0,b,a,869,2021,5,22,0,2,0,14135.0,14861.0,14759.0,14703.57142857143,14174.107142857143
5,2021-06-01,16261,1671,1,1,0,0,b,a,869,2021,6,22,1,2,0,12703.0,11242.0,12802.0,14533.714285714286,14109.357142857143
5,2021-06-02,17703,1742,1,1,0,0,b,a,869,2021,6,22,2,2,0,15251.0,14160.0,12001.0,15042.0,14232.892857142857
5,2021-06-03,13597,1063,1,0,0,0,b,a,869,2021,6,22,3,2,0,17604.0,16150.0,12304.0,15392.285714285714,14436.535714285714
5,2021-06-04,15335,1157,1,1,0,0,b,a,869,2021,6,22,4,2,0,16338.0,14976.0,14412.0,14819.857142857143,14482.714285714286
5,2021-06-05,14243,1126,1,1,0,0,b,a,869,2021,6,22,5,2,1,12447.0,13931.0,14356.0,14676.57142857143,14515.67857142857
5,2021-06-07,13136,949,1,0,0,0,b,a,869,2021,6,23,0,2,0,14447.0,15440.0,14296.0,14933.142857142857,14511.642857142857
5,2021-06-08,17337,1545,1,1,0,0,b,a,869,2021,6,23,1,2,0,12946.0,14135.0,15586.0,14745.857142857143,14470.214285714286
5,2021-06-09,15395,1523,1,0,0,0,b,a,869,2021,6,23,2,2,0,16261.0,12703.0,14625.0,15373.142857142857,14532.75
5,2021-06-10,13593,1166,1,0,0,0,b,a,869,2021,6,23,3,2,0,17703.0,15251.0,13967.0,15249.42857142857,14560.25
5,2021-06-11,14736,1497,1,1,0,0,b,a,869,2021,6,23,4,2,0,13597.0,17604.0,13437.0,14662.285714285714,14546.892857142857
5,2021-06-12,12813,943,1,0,0,0,b,a,869,2021,6,23,5,2,1,15335.0,16338.0,13929.0,14825.0,14593.285714285714
5,2021-06-14,14319,1615,1,0,0,0,b,a,869,2021,6,24,0,2,0,14243.0,12447.0,14440.0,14464.714285714286,14553.42857142857
5,2021-06-15,14643,1263,1,0,0,0,b,a,869,2021,6,24,1,2,0,13136.0,14447.0,12276.0,14475.57142857143,14549.107142857143
5,2021-06-16,16846,1548,1,0,0,0,b,a,869,2021,6,24,2,2,0,17337.0,12946.0,14861.0,14690.857142857143,14633.642857142857
5,2021-06-17,17801,1662,1,1,0,0,b,a,869,2021,6,24,3,2,0,15395.0,16261.0,11242.0,14620.714285714286,14704.535714285714
5,2021-06-18,12809,1304,1,0,0,0,b,a,869,2021,6,24,4,2,0,13593.0,17703.0,14160.0,14964.42857142857,14938.785714285714
5,2021-06-19,12259,1481,1,0,0,0,b,a,869,2021,6,24,5,2,1,14736.0,13597.0,16150.0,14852.42857142857,14890.535714285714
5,2021-06-21,16657,1738,1,1,0,0,b,a,869,2021,6,25,0,2,0,12813.0,15335.0,14976.0,14498.57142857143,14751.57142857143
5,2021-06-22,15936,1632,1,0,0,0,b,a,869,2021,6,25,1,2,0,14319.0,14243.0,13931.0,15047.714285714286,14811.607142857143
5,2021-06-23,16815,1602,1,1,0,0,b,a,869,2021,6,25,2,2,0,14643.0,13136.0,15440.0,15278.714285714286,14883.214285714286
5,2021-06-24,15357,1315,1,0,0,0,b,a,869,2021,6,25,3,2,0,16846.0,17337.0,14135.0,15589.0,14932.32142857143
5,2021-06-25,12704,1414,1,0,0,0,b,a,869,2021,6,25,4,2,0,17801.0,15395.0,12703.0,15376.285714285714,14975.964285714286
5,2021-06-26,14299,1235,1,1,0,0,b,a,869,2021,6,25,5,2,1,12809.0,13593.0,15251.0,14648.142857142857,14976.0
5,2021-06-28,14691,1488,1,0,0,0,b,a,869,2021,6,26,0,2,0,12259.0,14736.0,17604.0,14861.0,14942.0
5,2021-06-29,14665,1137,1,0,0,0,b,a,869,2021,6,26,1,2,0,16657.0,12813.0,16338.0,15208.42857142857,14837.964285714286
5,2021-06-30,18324,1412,1,1,0,0,b,a,869,2021,6,26,2,2,0,15936.0,14319.0,12447.0,14923.857142857143,14778.214285714286
5,2021-07-01,16014,1982,1,0,0,1,b,a,869,2021,7,26,3,3,0,16815.0,14643.0,14447.0,15265.0,14988.107142857143
5,2021-07-02,14626,1174,1,0,0,1,b,a,869,2021,7,26,4,3,0,15357.0,16846.0,12946.0,15150.57142857143,15044.07142857143
5,2021-07-03,12245,1510,1,0,0,1,b,a,869,2021,7,26,5,3,1,12704.0,17801.0,16261.0,15046.142857142857,15104.07142857143
5,2021-07-05,16075,1655,1,0,0,1,b,a,869,2021,7,27,0,3,0,14299.0,12809.0,17703.0,14980.57142857143,14960.642857142857
5,2021-07-06,15030,1554,1,0,0,1,b,a,869,2021,7,27,1,3,0,14691.0,12259.0,13597.0,15234.285714285714,14902.5
5,2021-07-07,18732,1734,1,1,0,1,b,a,869,2021,7,27,2,3,0,14665.0,16657.0,15335.0,15282.714285714286,14953.67857142857
5,2021-07-08,15768,1934,1,0,0,1,b,a,869,2021,7,27,3,3,0,18324.0,15936.0,14243.0,15863.714285714286,15075.0
5,2021-07-09,14424,1236,1,0,0,1,b,a,869,2021,7,27,4,3,0,16014.0,16815.0,13136.0,15498.57142857143,15129.464285714286
5,2021-07-10,12508,1021,1,0,0,1,b,a,869,2021,7,27,5,3,1,14626.0,15357.0,17337.0,15271.42857142857,15175.464285714286
5,2021-07-12,14691,1529,1,0,0,1,b,a,869,2021,7,28,0,3,0,12245.0,12704.0,15395.0,14968.857142857143,15003.0
5,2021-07-13,18446,2110,1,1,0,1,b,a,869,2021,7,28,1,3,0,16075.0,14299.0,13593.0,15318.285714285714,14977.857142857143
5,2021-07-14,15132,1286,1,0,0,1,b,a,869,2021,7,28,2,3,0,15030.0,14691.0,14736.0,15657.0,15151.17857142857
5,2021-07-15,17922,1904,1,1,0,1,b,a,869,2021,7,28,3,3,0,18732.0,14665.0,12813.0,15671.57142857143,15165.32142857143
5,2021-07-16,15887,1501,1,1,0,1,b,a,869,2021,7,28,4,3,0,15768.0,18324.0,14319.0,15555.857142857143,15347.785714285714
5,2021-07-17,12801,1412,1,0,0,1,b,a,869,2021,7,28,5,3,1,14424.0,16014.0,14643.0,15572.857142857143,15403.785714285714
5,2021-07-19,15257,1279,1,0,0,1,b,a,869,2021,7,29,0,3,0,12508.0,14626.0,16846.0,15341.0,15338.0
5,2021-07-20,14080,1497,1,0,0,1,b,a,869,2021,7,29,1,3,0,14691.0,12245.0,17801.0,15733.714285714286,15281.25
5,2021-07-21,15390,1455,1,0,0,1,b,a,869,2021,7,29,2,3,0,18446.0,16075.0,12809.0,15646.42857142857,15148.357142857143
5,2021-07-22,17890,2220,1,1,0,1,b,a,869,2021,7,29,3,3,0,15132.0,15030.0,12259.0,15209.857142857143,15240.535714285714
5,2021-07-23,16481,1640,1,1,0,1,b,a,869,2021,7,29,4,3,0,17922.0,18732.0,16657.0,15603.857142857143,15441.642857142857
5,2021-07-24,15295,1510,1,1,0,1,b,a,869,2021,7,29,5,3,1,15887.0,15768.0,15936.0,15398.0,15435.357142857143
5,2021-07-26,13529,1036,1,0,0,1,b,a,869,2021,7,30,0,3,0,12801.0,14424.0,16815.0,15313.42857142857,15412.464285714286
5,2021-07-27,17195,1230,1,1,0,1,b,a,869,2021,7,30,1,3,0,15257.0,12508.0,15357.0,15417.42857142857,15295.107142857143
5,2021-07-28,17996,1474,1,1,0,1,b,a,869,2021,7,30,2,3,0,14080.0,14691.0,12704.0,15694.285714285714,15360.75
5,2021-07-29,15687,1743,1,0,0,1,b,a,869,2021,7,30,3,3,0,15390.0,18446.0,14299.0,16253.714285714286,15549.75
5,2021-07-30,14056,1577,1,0,0,1,b,a,869,2021,7,30,4,3,0,17890.0,15132.0,14691.0,16296.142857142857,15599.32142857143
5,2021-07-31,15401,1475,1,1,0,1,b,a,869,2021,7,30,5,3,1,16481.0,17922.0,14665.0,15748.42857142857,15576.642857142857
5,2021-08-02,13237,963,1,0,0,1,b,a,869,2021,8,31,0,3,0,15295.0,15887.0,18324.0,15594.142857142857,15602.92857142857
5,2021-08-03,18337,1598,1,1,0,1,b,a,869,2021,8,31,1,3,0,13529.0,12801.0,16014.0,15300.142857142857,15421.25
5,2021-08-04,15213,1589,1,0,0,1,b,a,869,2021,8,31,2,3,0,17195.0,15257.0,14626.0,15987.0,15504.214285714286
5,2021-08-05,13928,1084,1,0,0,1,b,a,869,2021,8,31,3,3,0,17996.0,14080.0,12245.0,15703.857142857143,15525.17857142857
5,2021-08-06,13417,1124,1,0,0,1,b,a,869,2021,8,31,4,3,0,15687.0,15390.0,16075.0,15122.714285714286,15585.285714285714
5,2021-08-07,11743,1052,1,0,0,1,b,a,869,2021,8,31,5,3,1,14056.0,17890.0,15030.0,14798.42857142857,15490.357142857143
5,2021-08-09,16707,1324,1,1,0,1,b,a,869,2021,8,32,0,3,0,15401.0,16481.0,18732.0,14468.0,15372.964285714286
5,2021-08-10,15685,1334,1,0,0,1,b,a,869,2021,8,32,1,3,0,13237.0,15295.0,15768.0,14654.57142857143,15300.642857142857
5,2021-08-11,15792,1307,1,0,0,1,b,a,869,2021,8,32,2,3,0,18337.0,13529.0,14424.0,15004.285714285714,15297.67857142857
5,2021-08-12,14948,1449,1,0,0,1,b,a,869,2021,8,32,3,3,0,15213.0,17195.0,12508.0,14640.714285714286,15346.535714285714
5,2021-08-13,14440,1404,1,0,0,1,b,a,869,2021,8,32,4,3,0,13928.0,17996.0,14691.0,14602.857142857143,15433.67857142857
5,2021-08-14,14973,1102,1,1,0,1,b,a,869,2021,8,32,5,3,1,13417.0,15687.0,18446.0,14676.0,15424.714285714286
5,2021-08-16,13930,1317,1,0,0,1,b,a,869,2021,8,33,0,3,0,11743.0,14056.0,15132.0,14898.285714285714,15300.67857142857
5,2021-08-17,16456,2028,1,1,0,1,b,a,869,2021,8,33,1,3,0,16707.0,15401.0,17922.0,15210.714285714286,15257.75
5,2021-08-18,17468,1291,1,1,0,1,b,a,869,2021,8,33,2,3,0,15685.0,13237.0,15887.0,15174.857142857143,15205.392857142857
5,2021-08-19,14342,1115,1,0,0,1,b,a,869,2021,8,33,3,3,0,15792.0,18337.0,12801.0,15429.57142857143,15261.857142857143
5,2021-08-20,12649,951,1,0,0,1,b,a,869,2021,8,33,4,3,0,14948.0,15213.0,15257.0,15222.42857142857,15316.892857142857
5,2021-08-21,12787,1069,1,0,0,1,b,a,869,2021,8,33,5,3,1,14440.0,13928.0,14080.0,14894.0,15223.75
5,2021-08-23,14471,1140,1,0,0,1,b,a,869,2021,8,34,0,3,0,14973.0,13417.0,15390.0,14657.857142857143,15177.57142857143
5,2021-08-24,14966,1140,1,0,0,1,b,a,869,2021,8,34,1,3,0,13930.0,11743.0,17890.0,14586.142857142857,15144.75
5,2021-08-25,16982,1529,1,1,0,1,b,a,869,2021,8,34,2,3,0,16456.0,16707.0,16481.0,14734.142857142857,15040.32142857143
5,2021-08-26,17007,1575,1,1,0,1,b,a,869,2021,8,34,3,3,0,17468.0,15685.0,15295.0,14809.285714285714,15058.214285714286
5,2021-08-27,16138,1215,1,1,0,1,b,a,869,2021,8,34,4,3,0,14342.0,15792.0,13529.0,14743.42857142857,15119.357142857143
5,2021-08-28,15529,1355,1,1,0,1,b,a,869,2021,8,34,5,3,1,12649.0,14948.0,17195.0,15000.0,15212.535714285714
5,2021-08-30,12739,1294,1,0,0,1,b,a,869,2021,8,35,0,3,0,12787.0,14440.0,17996.0,15411.42857142857,15153.035714285714
5,2021-08-31,13617,1421,1,0,0,1,b,a,869,2021,8,35,1,3,0,14471.0,14973.0,15687.0,15404.57142857143,14965.285714285714
5,2021-09-01,17447,1559,1,1,0,0,b,a,869,2021,9,35,2,3,0,14966.0,13930.0,14056.0,15282.57142857143,14891.357142857143
5,2021-09-02,13950,1113,1,0,0,0,b,a,869,2021,9,35,3,3,0,16982.0,16456.0,15401.0,15637.0,15012.464285714286
5,2021-09-03,11924,874,1,0,0,0,b,a,869,2021,9,35,4,3,0,17007.0,17468.0,13237.0,15203.857142857143,14960.642857142857
5,2021-09-04,11328,1115,1,0,0,0,b,a,869,2021,9,35,5,3,1,16138.0,14342.0,18337.0,14477.714285714286,14913.75
5,2021-09-06,12487,977,1,0,0,0,b,a,869,2021,9,36,0,3,0,15529.0,12649.0,15213.0,13790.57142857143,14663.42857142857
5,2021-09-07,14778,1662,1,1,0,0,b,a,869,2021,9,36,1,3,0,12739.0,12787.0,13928.0,13356.0,14566.07142857143
5,2021-09-08,12553,1059,1,0,0,0,b,a,869,2021,9,36,2,3,0,13617.0,14471.0,13417.0,13647.285714285714,14596.42857142857
5,2021-09-09,13305,1447,1,0,0,0,b,a,869,2021,9,36,3,3,0,17447.0,14966.0,11743.0,13495.285714285714,14565.57142857143
5,2021-09-10,13050,1434,1,0,0,0,b,a,869,2021,9,36,4,3,0,13950.0,16982.0,16707.0,12903.57142857143,14621.357142857143
5,2021-09-11,10970,1233,1,0,0,0,b,a,869,2021,9,36,5,3,1,11924.0,17007.0,15685.0,12775.0,14490.75
5,2021-09-13,15401,1688,1,1,0,0,b,a,869,2021,9,37,0,3,0,11328.0,16138.0,15792.0,12638.714285714286,14322.357142857143
5,2021-09-14,13566,1034,1,1,0,0,b,a,869,2021,9,37,1,3,0,12487.0,15529.0,14948.0,13220.57142857143,14308.392857142857
5,2021-09-15,14849,1811,1,1,0,0,b,a,869,2021,9,37,2,3,0,14778.0,12739.0,14440.0,13374.714285714286,14259.035714285714
5,2021-09-16,14031,1196,1,0,0,0,b,a,869,2021,9,37,3,3,0,12553.0,13617.0,14973.0,13384.857142857143,14273.642857142857
5,2021-09-17,13916,1126,1,1,0,0,b,a,869,2021,9,37,4,3,0,13305.0,17447.0,13930.0,13596.0,14240.0
5,2021-09-18,13233,1270,1,1,0,0,b,a,869,2021,9,37,5,3,1,13050.0,13950.0,16456.0,13683.285714285714,14239.5
5,2021-09-20,12837,1043,1,0,0,0,b,a,869,2021,9,38,0,3,0,10970.0,11924.0,17468.0,13709.42857142857,14124.392857142857
5,2021-09-21,14600,1074,1,1,0,0,b,a,869,2021,9,38,1,3,0,15401.0,11328.0,14342.0,13976.142857142857,13959.0
5,2021-09-22,14560,1604,1,1,0,0,b,a,869,2021,9,38,2,3,0,13566.0,12487.0,12649.0,13861.714285714286,13968.214285714286
5,2021-09-23,14098,1063,1,1,0,0,b,a,869,2021,9,38,3,3,0,14849.0,14778.0,12787.0,14003.714285714286,14036.464285714286
5,2021-09-24,11805,885,1,0,0,0,b,a,869,2021,9,38,4,3,0,14031.0,12553.0,14471.0,13896.42857142857,14083.285714285714
5,2021-09-25,10531,1094,1,0,0,0,b,a,869,2021,9,38,5,3,1,13916.0,13305.0,14966.0,13578.42857142857,13988.07142857143
5,2021-09-27,13394,974,1,1,0,0,b,a,869,2021,9,39,0,3,0,13233.0,13050.0,16982.0,13094.857142857143,13829.67857142857
5,2021-09-28,14847,1175,1,1,0,0,b,a,869,2021,9,39,1,3,0,12837.0,10970.0,17007.0,13117.857142857143,13701.535714285714
5,2021-09-29,15840,1291,1,1,0,0,b,a,869,2021,9,39,2,3,0,14600.0,15401.0,16138.0,13405.0,13624.392857142857
5,2021-09-30,13314,1398,1,0,0,0,b,a,869,2021,9,39,3,3,0,14560.0,13566.0,15529.0,13582.142857142857,13613.75
5,2021-10-01,13770,1004,1,1,0,0,b,a,869,2021,10,39,4,4,0,14098.0,14849.0,12739.0,13404.142857142857,13534.642857142857
5,2021-10-02,11009,919,1,0,0,0,b,a,869,2021,10,39,5,4,1,11805.0,14031.0,13617.0,13357.285714285714,13571.464285714286
5,2021-10-04,12164,915,1,0,0,0,b,a,869,2021,10,40,0,4,0,10531.0,13916.0,17447.0,13243.57142857143,13478.32142857143
5,2021-10-05,13202,1494,1,0,0,0,b,a,869,2021,10,40,1,4,0,13394.0,13233.0,13950.0,13476.857142857143,13289.642857142857
5,2021-10-06,13121,964,1,0,0,0,b,a,869,2021,10,40,2,4,0,14847.0,12837.0,11924.0,13449.42857142857,13262.92857142857
5,2021-10-07,12361,1008,1,0,0,0,b,a,869,2021,10,40,3,4,0,15840.0,14600.0,11328.0,13202.857142857143,13305.67857142857
5,2021-10-08,11113,925,1,0,0,0,b,a,869,2021,10,40,4,4,0,13314.0,14560.0,12487.0,12705.857142857143,13342.57142857143
5,2021-10-09,10809,1014,1,1,0,0,b,a,869,2021,10,40,5,4,1,13770.0,14098.0,14778.0,12391.42857142857,13293.5
5,2021-10-11,10184,762,1,0,0,0,b,a,869,2021,10,41,0,4,0,11009.0,11805.0,12553.0,11968.42857142857,13151.75
5,2021-10-12,13857,1154,1,1,0,0,b,a,869,2021,10,41,1,4,0,12164.0,10531.0,13305.0,11850.57142857143,13067.142857142857
5,2021-10-13,15056,1122,1,1,0,0,b,a,869,2021,10,41,2,4,0,13202.0,13394.0,13050.0,12092.42857142857,13086.857142857143
5,2021-10-14,14059,1367,1,1,0,0,b,a,869,2021,10,41,3,4,0,13121.0,14847.0,10970.0,12357.285714285714,13158.5
5,2021-10-15,11273,934,1,0,0,0,b,a,869,2021,10,41,4,4,0,12361.0,15840.0,15401.0,12491.285714285714,13268.82142857143
5,2021-10-16,11097,823,1,0,0,0,b,a,869,2021,10,41,5,4,1,11113.0,13314.0,13566.0,12335.857142857143,13121.392857142857
5,2021-10-18,12837,1199,1,1,0,0,b,a,869,2021,10,42,0,4,0,10809.0,13770.0,14849.0,12333.57142857143,13033.214285714286
5,2021-10-19,11602,1338,1,0,0,0,b,a,869,2021,10,42,1,4,0,10184.0,11009.0,14031.0,12623.285714285714,12961.357142857143
5,2021-10-20,13433,1173,1,1,0,0,b,a,869,2021,10,42,2,4,0,13857.0,12164.0,13916.0,12825.857142857143,12874.607142857143
5,2021-10-21,11951,1067,1,0,0,0,b,a,869,2021,10,42,3,4,0,15056.0,13202.0,13233.0,12765.285714285714,12857.357142857143
5,2021-10-22,8841,645,1,0,0,0,b,a,869,2021,10,42,4,4,0,14059.0,13121.0,12837.0,12321.714285714286,12811.57142857143
5,2021-10-23,8746,1060,1,0,0,0,b,a,869,2021,10,42,5,4,1,11273.0,12361.0,14600.0,11576.285714285714,12668.857142857143
5,2021-10-25,10916,930,1,0,0,0,b,a,869,2021,10,43,0,4,0,11097.0,11113.0,14560.0,11215.285714285714,12459.785714285714
5,2021-10-26,11269,1258,1,0,0,0,b,a,869,2021,10,43,1,4,0,12837.0,10809.0,14098.0,11189.42857142857,12329.642857142857
5,2021-10-27,10831,1272,1,0,0,0,b,a,869,2021,10,43,2,4,0,11602.0,10184.0,11805.0,10965.42857142857,12228.607142857143
5,2021-10-28,10110,1179,1,0,0,0,b,a,869,2021,10,43,3,4,0,13433.0,13857.0,10531.0,10855.285714285714,12193.82142857143
5,2021-10-29,10103,748,1,0,0,0,b,a,869,2021,10,43,4,4,0,11951.0,15056.0,13394.0,10380.57142857143,12178.785714285714
5,2021-10-30,11466,828,1,1,0,0,b,a,869,2021,10,43,5,4,1,8841.0,14059.0,14847.0,10116.57142857143,12061.25
5,2021-11-01,12717,1091,1,1,0,0,b,a,869,2021,11,44,0,4,0,8746.0,11273.0,15840.0,10491.57142857143,11940.5
5,2021-11-02,11938,854,1,0,0,0,b,a,869,2021,11,44,1,4,0,10916.0,11097.0,13314.0,11058.857142857143,11828.964285714286
5,2021-11-03,11131,901,1,0,0,0,b,a,869,2021,11,44,2,4,0,11269.0,12837.0,13770.0,11204.857142857143,11779.82142857143
5,2021-11-04,9668,876,1,0,0,0,b,a,869,2021,11,44,3,4,0,10831.0,11602.0,11009.0,11185.142857142857,11685.57142857143
5,2021-11-05,8762,701,1,0,0,0,b,a,869,2021,11,44,4,4,0,10110.0,13433.0,12164.0,11019.0,11637.67857142857
5,2021-11-06,10870,812,1,1,0,0,b,a,869,2021,11,44,5,4,1,10103.0,11951.0,13202.0,10826.42857142857,11516.17857142857
5,2021-11-08,10563,1071,1,0,0,0,b,a,869,2021,11,45,0,4,0,11466.0,8841.0,13121.0,10936.0,11432.892857142857
5,2021-11-09,13199,1288,1,1,0,0,b,a,869,2021,11,45,1,4,0,12717.0,8746.0,12361.0,10807.0,11341.535714285714
5,2021-11-10,13547,1359,1,1,0,0,b,a,869,2021,11,45,2,4,0,11938.0,10916.0,11113.0,10875.857142857143,11371.464285714286
5,2021-11-11,13714,1024,1,1,0,0,b,a,869,2021,11,45,3,4,0,11131.0,11269.0,10809.0,11105.714285714286,11458.392857142857
5,2021-11-12,10152,1128,1,0,0,0,b,a,869,2021,11,45,4,4,0,9668.0,10831.0,10184.0,11474.714285714286,11562.142857142857
5,2021-11-13,9966,1233,1,0,0,0,b,a,869,2021,11,45,5,4,1,8762.0,10110.0,13857.0,11543.857142857143,11561.0
5,2021-11-15,9704,765,1,0,0,0,b,a,869,2021,11,46,0,4,0,10870.0,10103.0,15056.0,11715.857142857143,11422.035714285714
5,2021-11-16,13750,1082,1,1,0,0,b,a,869,2021,11,46,1,4,0,10563.0,11466.0,14059.0,11549.285714285714,11230.892857142857
5,2021-11-17,13846,1301,1,1,0,0,b,a,869,2021,11,46,2,4,0,13199.0,12717.0,11273.0,12004.57142857143,11219.857142857143
5,2021-11-18,11718,1200,1,1,0,0,b,a,869,2021,11,46,3,4,0,13547.0,11938.0,11097.0,12097.0,11311.75
5,2021-11-19,11658,860,1,1,0,0,b,a,869,2021,11,46,4,4,0,13714.0,11131.0,12837.0,11835.714285714286,11333.92857142857
5,2021-11-20,8442,822,1,0,0,0,b,a,869,2021,11,46,5,4,1,10152.0,9668.0,11602.0,11542.0,11291.82142857143
5,2021-11-22,12255,1228,1,1,0,0,b,a,869,2021,11,47,0,4,0,9966.0,8762.0,13433.0,11297.714285714286,11178.964285714286
5,2021-11-23,12551,1446,1,1,0,0,b,a,869,2021,11,47,1,4,0,9704.0,10870.0,11951.0,11624.714285714286,11136.892857142857
5,2021-11-24,10558,842,1,0,0,0,b,a,869,2021,11,47,2,4,0,13750.0,10563.0,8841.0,12031.42857142857,11158.32142857143
5,2021-11-25,10265,853,1,0,0,0,b,a,869,2021,11,47,3,4,0,13846.0,13199.0,8746.0,11575.42857142857,11219.642857142857
5,2021-11-26,9695,1026,1,0,0,0,b,a,869,2021,11,47,4,4,0,11718.0,13547.0,10916.0,11063.857142857143,11273.892857142857
5,2021-11-27,11541,919,1,1,0,0,b,a,869,2021,11,47,5,4,1,11658.0,13714.0,11269.0,10774.857142857143,11230.285714285714
5,2021-11-29,12039,1125,1,1,0,0,b,a,869,2021,11,48,0,4,0,8442.0,10152.0,10831.0,10758.142857142857,11240.0
5,2021-11-30,13362,1083,1,1,0,0,b,a,869,2021,11,48,1,4,0,12255.0,9966.0,10110.0,11272.0,11283.142857142857
5,2021-12-01,11862,932,1,1,0,0,b,a,869,2021,12,48,2,4,0,12551.0,9704.0,10103.0,11430.142857142857,11399.285714285714
5,2021-12-02,11499,1154,1,0,0,0,b,a,869,2021,12,48,3,4,0,10558.0,13750.0,11466.0,11331.714285714286,11462.107142857143
5,2021-12-03,11605,1396,1,1,0,0,b,a,869,2021,12,48,4,4,0,10265.0,13846.0,12717.0,11466.142857142857,11463.285714285714
5,2021-12-04,7655,636,1,0,0,0,b,a,869,2021,12,48,5,4,1,9695.0,11718.0,11938.0,11657.57142857143,11423.57142857143
5,2021-12-06,12662,965,1,1,0,0,b,a,869,2021,12,49,0,4,0,11541.0,11658.0,11131.0,11366.142857142857,11270.607142857143
5,2021-12-07,11869,938,1,0,0,0,b,a,869,2021,12,49,1,4,0,12039.0,8442.0,9668.0,11526.285714285714,11325.285714285714
5,2021-12-08,12919,1378,1,1,0,0,b,a,869,2021,12,49,2,4,0,13362.0,12255.0,8762.0,11502.0,11403.892857142857
5,2021-12-09,11214,1131,1,0,0,0,b,a,869,2021,12,49,3,4,0,11862.0,12551.0,10870.0,11438.714285714286,11552.357142857143
5,2021-12-10,9344,759,1,0,0,0,b,a,869,2021,12,49,4,4,0,11499.0,10558.0,10563.0,11346.142857142857,11564.642857142857
5,2021-12-11,8019,810,1,0,0,0,b,a,869,2021,12,49,5,4,1,11605.0,10265.0,13199.0,11038.285714285714,11521.107142857143
5,2021-12-13,11414,1124,1,1,0,0,b,a,869,2021,12,50,0,4,0,7655.0,9695.0,13547.0,10526.0,11336.107142857143
5,2021-12-14,10381,868,1,0,0,0,b,a,869,2021,12,50,1,4,0,12662.0,11541.0,13714.0,11063.0,11259.92857142857
5,2021-12-15,10454,919,1,0,0,0,b,a,869,2021,12,50,2,4,0,11869.0,12039.0,10152.0,10737.142857142857,11140.892857142857
5,2021-12-16,9696,1153,1,0,0,0,b,a,869,2021,12,50,3,4,0,12919.0,13362.0,9966.0,10535.0,11151.67857142857
5,2021-12-17,10604,983,1,1,0,0,b,a,869,2021,12,50,4,4,0,11214.0,11862.0,9704.0,10074.57142857143,11142.035714285714
5,2021-12-18,10906,1108,1,1,0,0,b,a,869,2021,12,50,5,4,1,9344.0,11499.0,13750.0,9987.42857142857,11174.17857142857
5,2021-12-20,8920,909,1,0,0,0,b,a,869,2021,12,51,0,4,0,8019.0,11605.0,13846.0,10210.57142857143,11072.607142857143
5,2021-12-21,10569,830,1,0,0,0,b,a,869,2021,12,51,1,4,0,11414.0,7655.0,11718.0,10339.285714285714,10896.67857142857
5,2021-12-22,13324,1201,1,1,0,0,b,a,869,2021,12,51,2,4,0,10381.0,12662.0,11658.0,10218.57142857143,10855.642857142857
5,2021-12-23,9335,890,1,0,0,0,b,a,869,2021,12,51,3,4,0,10454.0,11869.0,8442.0,10639.0,10915.142857142857
5,2021-12-24,11177,880,1,1,0,0,b,a,869,2021,12,51,4,4,0,9696.0,12919.0,12255.0,10479.142857142857,10947.035714285714
5,2021-12-27,10864,1078,1,1,0,0,b,a,869,2021,12,52,0,4,0,10604.0,11214.0,12551.0,10690.714285714286,10908.535714285714
5,2021-12-28,10788,875,1,0,0,0,b,a,869,2021,12,52,1,4,0,10906.0,9344.0,10558.0,10727.857142857143,10848.285714285714
5,2021-12-29,12548,1156,1,1,0,0,b,a,869,2021,12,52,2,4,0,8920.0,8019.0,10265.0,10711.0,10856.5
5,2021-12-30,11918,1053,1,1,0,0,b,a,869,2021,12,52,3,4,0,10569.0,11414.0,9695.0,11229.285714285714,10938.035714285714
5,2021-12-31,7347,682,1,0,0,0,b,a,869,2021,12,52,4,4,0,13324.0,10381.0,11541.0,11422.0,11017.42857142857
5,2022-01-03,10916,912,1,1,0,0,b,a,869,2022,1,1,0,1,0,9335.0,10454.0,12039.0,10568.142857142857,10867.642857142857
5,2022-01-04,10999,1205,1,0,0,0,b,a,869,2022,1,1,1,1,0,11177.0,9696.0,13362.0,10794.0,10827.535714285714
5,2022-01-05,11677,883,1,0,0,0,b,a,869,2022,1,1,2,1,0,10864.0,10604.0,11862.0,10768.57142857143,10743.142857142857
5,2022-01-06,10059,813,1,0,0,0,b,a,869,2022,1,1,3,1,0,10788.0,10906.0,11499.0,10884.714285714286,10736.535714285714
5,2022-01-07,10321,1061,1,0,0,0,b,a,869,2022,1,1,4,1,0,12548.0,8920.0,11605.0,10780.57142857143,10685.107142857143
5,2022-01-08,8018,863,1,0,0,0,b,a,869,2022,1,1,5,1,1,11918.0,10569.0,7655.0,10462.42857142857,10639.25
5,2022-01-10,12297,962,1,1,0,0,b,a,869,2022,1,2,0,1,0,7347.0,13324.0,12662.0,9905.285714285714,10652.214285714286
5,2022-01-11,10201,839,1,0,0,0,b,a,869,2022,1,2,1,1,0,10916.0,9335.0,11869.0,10612.42857142857,10639.17857142857
5,2022-01-12,12446,1319,1,1,0,0,b,a,869,2022,1,2,2,1,0,10999.0,11177.0,12919.0,10510.285714285714,10579.607142857143
5,2022-01-13,10638,1177,1,0,0,0,b,a,869,2022,1,2,3,1,0,11677.0,10864.0,11214.0,10717.0,10562.714285714286
5,2022-01-14,7755,642,1,0,0,0,b,a,869,2022,1,2,4,1,0,10059.0,10788.0,9344.0,10568.57142857143,10542.142857142857
5,2022-01-15,8640,815,1,1,0,0,b,a,869,2022,1,2,5,1,1,10321.0,12548.0,8019.0,10239.42857142857,10485.392857142857
5,2022-01-17,9521,691,1,0,0,0,b,a,869,2022,1,3,0,1,0,8018.0,11918.0,11414.0,9999.285714285714,10507.57142857143
5,2022-01-18,12321,1093,1,1,0,0,b,a,869,2022,1,3,1,1,0,12297.0,7347.0,10381.0,10214.0,10439.964285714286
5,2022-01-19,12072,1116,1,1,0,0,b,a,869,2022,1,3,2,1,0,10201.0,10916.0,10454.0,10217.42857142857,10509.25
5,2022-01-20,12235,932,1,1,0,0,b,a,869,2022,1,3,3,1,0,12446.0,10999.0,9696.0,10484.714285714286,10567.035714285714
5,2022-01-21,12121,956,1,1,0,0,b,a,869,2022,1,3,4,1,0,10638.0,11677.0,10604.0,10454.57142857143,10657.714285714286
5,2022-01-22,9672,725,1,1,0,0,b,a,869,2022,1,3,5,1,1,7755.0,10059.0,10906.0,10666.42857142857,10711.892857142857
5,2022-01-24,11044,814,1,1,0,0,b,a,869,2022,1,4,0,1,0,8640.0,10321.0,8920.0,10940.285714285714,10667.82142857143
5,2022-01-25,10015,908,1,0,0,0,b,a,869,2022,1,4,1,1,0,9521.0,8018.0,10569.0,11283.714285714286,10743.67857142857
5,2022-01-26,11232,1280,1,0,0,0,b,a,869,2022,1,4,2,1,0,12321.0,12297.0,13324.0,11354.285714285714,10723.892857142857
5,2022-01-27,9266,1073,1,0,0,0,b,a,869,2022,1,4,3,1,0,12072.0,10201.0,9335.0,11198.714285714286,10649.17857142857
5,2022-01-28,9995,1108,1,0,0,0,b,a,869,2022,1,4,4,1,0,12235.0,12446.0,11177.0,10797.857142857143,10646.714285714286
5,2022-01-29,9630,738,1,1,0,0,b,a,869,2022,1,4,5,1,1,12121.0,10638.0,10864.0,10477.857142857143,10604.5
5,2022-01-31,10948,892,1,1,0,0,b,a,869,2022,1,5,0,1,0,9672.0,7755.0,10788.0,10122.0,10560.42857142857
5,2022-02-01,14107,1186,1,1,0,0,b,a,869,2022,2,5,1,1,0,11044.0,8640.0,12548.0,10304.285714285714,10566.142857142857
5,2022-02-02,11782,1265,1,0,0,0,b,a,869,2022,2,5,2,1,0,10015.0,9521.0,11918.0,10741.857142857143,10621.82142857143
5,2022-02-03,10910,867,1,1,0,0,b,a,869,2022,2,5,3,1,0,11232.0,12321.0,7347.0,10994.285714285714,10616.964285714286
5,2022-02-04,9664,1196,1,0,0,0,b,a,869,2022,2,5,4,1,0,9266.0,12072.0,10916.0,10948.285714285714,10744.214285714286
5,2022-02-05,10057,731,1,1,0,0,b,a,869,2022,2,5,5,1,1,9995.0,12235.0,10999.0,11005.142857142857,10699.5
5,2022-02-07,10248,953,1,0,0,0,b,a,869,2022,2,6,0,1,0,9630.0,12121.0,11677.0,11014.0,10665.857142857143
5,2022-02-08,9868,975,1,0,0,0,b,a,869,2022,2,6,1,1,0,10948.0,9672.0,10059.0,11102.285714285714,10614.82142857143
5,2022-02-09,14288,1773,1,1,0,0,b,a,869,2022,2,6,2,1,0,14107.0,11044.0,10321.0,10948.0,10608.0
5,2022-02-10,12814,1110,1,1,0,0,b,a,869,2022,2,6,3,1,0,11782.0,10015.0,8018.0,10973.857142857143,10749.67857142857
5,2022-02-11,9423,1134,1,0,0,0,b,a,869,2022,2,6,4,1,0,10910.0,11232.0,12297.0,11121.285714285714,10920.964285714286
5,2022-02-12,10440,891,1,1,0,0,b,a,869,2022,2,6,5,1,1,9664.0,9266.0,10201.0,10908.857142857143,10818.32142857143
5,2022-02-14,10752,778,1,0,0,0,b,a,869,2022,2,7,0,1,0,10057.0,9995.0,12446.0,11019.714285714286,10826.857142857143
5,2022-02-15,13196,1016,1,1,0,0,b,a,869,2022,2,7,1,1,0,10248.0,9630.0,10638.0,11119.0,10766.357142857143
5,2022-02-16,13622,988,1,1,0,0,b,a,869,2022,2,7,2,1,0,9868.0,10948.0,7755.0,11540.142857142857,10857.714285714286
5,2022-02-17,12954,1068,1,1,0,0,b,a,869,2022,2,7,3,1,0,14288.0,14107.0,8640.0,12076.42857142857,11067.25
5,2022-02-18,9057,873,1,0,0,0,b,a,869,2022,2,7,4,1,0,12814.0,11782.0,9521.0,11885.857142857143,11221.32142857143
5,2022-02-19,9957,1131,1,1,0,0,b,a,869,2022,2,7,5,1,1,9423.0,10910.0,12321.0,11349.142857142857,11204.75
5,2022-02-21,11356,908,1,1,0,0,b,a,869,2022,2,8,0,1,0,10440.0,9664.0,12072.0,11425.42857142857,11120.32142857143
5,2022-02-22,11927,1480,1,0,0,0,b,a,869,2022,2,8,1,1,0,10752.0,10057.0,12235.0,11556.285714285714,11094.75
5,2022-02-23,12282,1055,1,0,0,0,b,a,869,2022,2,8,2,1,0,13196.0,10248.0,12121.0,11724.142857142857,11083.75
5,2022-02-24,10711,1200,1,0,0,0,b,a,869,2022,2,8,3,1,0,13622.0,9868.0,9672.0,11593.57142857143,11089.5
5,2022-02-25,12870,1361,1,1,0,0,b,a,869,2022,2,8,4,1,0,12954.0,14288.0,11044.0,11177.714285714286,11126.607142857143
5,2022-02-26,10880,1021,1,1,0,0,b,a,869,2022,2,8,5,1,1,9057.0,12814.0,10015.0,11165.714285714286,11191.82142857143
5,2022-02-28,9910,926,1,0,0,0,b,a,869,2022,2,9,0,1,0,9957.0,9423.0,11232.0,11426.142857142857,11222.714285714286
5,2022-03-01,12955,1546,1,0,0,0,b,a,869,2022,3,9,1,1,0,11356.0,10440.0,9266.0,11419.42857142857,11175.5
5,2022-03-02,14471,1588,1,1,0,0,b,a,869,2022,3,9,2,1,0,11927.0,10752.0,9995.0,11647.857142857143,11307.25
5,2022-03-03,10936,994,1,0,0,0,b,a,869,2022,3,9,3,1,0,12282.0,13196.0,9630.0,12011.285714285714,11467.107142857143
5,2022-03-04,11479,894,1,0,0,0,b,a,869,2022,3,9,4,1,0,10711.0,13622.0,10948.0,11819.0,11513.75
5,2022-03-05,11180,869,1,1,0,0,b,a,869,2022,3,9,5,1,1,12870.0,12954.0,14107.0,11928.714285714286,11532.714285714286
5,2022-03-07,12161,1405,1,1,0,0,b,a,869,2022,3,10,0,1,0,10880.0,9057.0,11782.0,11687.285714285714,11428.17857142857
5,2022-03-08,11947,914,1,0,0,0,b,a,869,2022,3,10,1,1,0,9910.0,9957.0,10910.0,11870.285714285714,11441.714285714286
5,2022-03-09,11055,1042,1,0,0,0,b,a,869,2022,3,10,2,1,0,12955.0,11356.0,9664.0,12161.285714285714,11478.75
5,2022-03-10,14676,1533,1,1,0,0,b,a,869,2022,3,10,3,1,0,14471.0,11927.0,10057.0,11889.857142857143,11528.42857142857
5,2022-03-11,13689,1194,1,1,0,0,b,a,869,2022,3,10,4,1,0,10936.0,12282.0,10248.0,11919.142857142857,11693.392857142857
5,2022-03-12,9766,906,1,0,0,0,b,a,869,2022,3,10,5,1,1,11479.0,10711.0,9868.0,12312.42857142857,11816.285714285714
5,2022-03-14,12144,1234,1,0,0,0,b,a,869,2022,3,11,0,1,0,11180.0,12870.0,14288.0,12067.714285714286,11812.642857142857
5,2022-03-15,14899,1676,1,1,0,0,b,a,869,2022,3,11,1,1,0,12161.0,10880.0,12814.0,12205.42857142857,11736.07142857143
5,2022-03-16,12352,1039,1,0,0,0,b,a,869,2022,3,11,2,1,0,11947.0,9910.0,9423.0,12596.57142857143,11810.535714285714
5,2022-03-17,11997,1172,1,0,0,0,b,a,869,2022,3,11,3,1,0,11055.0,12955.0,10440.0,12654.42857142857,11915.142857142857
5,2022-03-18,12094,1159,1,1,0,0,b,a,869,2022,3,11,4,1,0,14676.0,14471.0,10752.0,12789.0,11970.75
5,2022-03-19,12120,1078,1,1,0,0,b,a,869,2022,3,11,5,1,1,13689.0,10936.0,13196.0,12420.142857142857,12018.67857142857
5,2022-03-21,12338,1179,1,0,0,0,b,a,869,2022,3,12,0,1,0,9766.0,11479.0,13622.0,12196.0,11980.25
5,2022-03-22,13042,970,1,0,0,0,b,a,869,2022,3,12,1,1,0,12144.0,11180.0,12954.0,12563.42857142857,11934.392857142857
5,2022-03-23,14716,1435,1,1,0,0,b,a,869,2022,3,12,2,1,0,14899.0,12161.0,9057.0,12691.714285714286,11937.535714285714
5,2022-03-24,13114,1303,1,1,0,0,b,a,869,2022,3,12,3,1,0,12352.0,11947.0,9957.0,12665.57142857143,12139.642857142857
5,2022-03-25,10471,1048,1,0,0,0,b,a,869,2022,3,12,4,1,0,11997.0,11055.0,11356.0,12774.42857142857,12252.392857142857
5,2022-03-26,10074,750,1,0,0,0,b,a,869,2022,3,12,5,1,1,12094.0,14676.0,11927.0,12556.42857142857,12220.785714285714
5,2022-03-28,11722,1281,1,0,0,0,b,a,869,2022,3,13,0,1,0,12120.0,13689.0,12282.0,12267.857142857143,12154.607142857143
5,2022-03-29,12473,1337,1,0,0,0,b,a,869,2022,3,13,1,1,0,12338.0,9766.0,10711.0,12211.0,12134.607142857143
5,2022-03-30,13065,1308,1,0,0,0,b,a,869,2022,3,13,2,1,0,13042.0,12144.0,12870.0,12230.285714285714,12197.535714285714
5,2022-03-31,13492,1009,1,1,0,0,b,a,869,2022,3,13,3,1,0,14716.0,14899.0,10880.0,12233.57142857143,12204.5
5,2022-04-01,11152,900,1,0,0,0,b,a,869,2022,4,13,4,2,0,13114.0,12352.0,9910.0,12058.714285714286,12297.785714285714
5,2022-04-02,12484,1067,1,1,0,0,b,a,869,2022,4,13,5,2,1,10471.0,11997.0,12955.0,11778.42857142857,12342.142857142857
5,2022-04-04,12223,1012,1,0,0,0,b,a,869,2022,4,14,0,2,0,10074.0,12094.0,14471.0,12066.0,12325.32142857143
5,2022-04-05,13734,1654,1,0,0,0,b,a,869,2022,4,14,1,2,0,11722.0,12120.0,10936.0,12373.0,12245.035714285714
5,2022-04-06,15196,1158,1,1,0,0,b,a,869,2022,4,14,2,2,0,12473.0,12338.0,11479.0,12660.42857142857,12344.964285714286
5,2022-04-07,11001,787,1,0,0,0,b,a,869,2022,4,14,3,2,0,13065.0,13042.0,11180.0,13049.42857142857,12477.714285714286
5,2022-04-08,11292,978,1,0,0,0,b,a,869,2022,4,14,4,2,0,13492.0,14716.0,12161.0,12754.57142857143,12471.32142857143
5,2022-04-09,12186,1189,1,1,0,0,b,a,869,2022,4,14,5,2,1,11152.0,13114.0,11947.0,12440.285714285714,12440.285714285714
5,2022-04-11,12335,928,1,0,0,0,b,a,869,2022,4,15,0,2,0,12484.0,10471.0,11055.0,12588.0,12448.82142857143
5,2022-04-12,15806,1431,1,1,0,0,b,a,869,2022,4,15,1,2,0,12223.0,10074.0,14676.0,12566.714285714286,12494.535714285714
5,2022-04-13,14391,1442,1,0,0,0,b,a,869,2022,4,15,2,2,0,13734.0,11722.0,13689.0,13078.57142857143,12534.892857142857
5,2022-04-14,12314,1008,1,0,0,0,b,a,869,2022,4,15,3,2,0,15196.0,12473.0,9766.0,13172.42857142857,12559.964285714286
5,2022-04-16,13381,1244,1,1,0,0,b,a,869,2022,4,15,5,2,1,11001.0,13065.0,12144.0,12760.714285714286,12650.964285714286
5,2022-04-18,11609,951,1,0,0,0,b,a,869,2022,4,16,0,2,0,11292.0,13492.0,14899.0,13100.714285714286,12695.142857142857
5,2022-04-19,12702,979,1,0,0,0,b,a,869,2022,4,16,1,2,0,12186.0,11152.0,12352.0,13146.0,12577.642857142857
5,2022-04-20,16286,1355,1,1,0,0,b,a,869,2022,4,16,2,2,0,12335.0,12484.0,11997.0,13219.714285714286,12590.142857142857
5,2022-04-21,14585,1596,1,1,0,0,b,a,869,2022,4,16,3,2,0,15806.0,12223.0,12094.0,13784.142857142857,12743.32142857143
5,2022-04-22,11490,900,1,0,0,0,b,a,869,2022,4,16,4,2,0,14391.0,13734.0,12120.0,13609.714285714286,12832.285714285714
5,2022-04-23,12412,915,1,1,0,0,b,a,869,2022,4,16,5,2,1,12314.0,15196.0,12338.0,13195.285714285714,12809.785714285714
5,2022-04-25,12014,1064,1,0,0,0,b,a,869,2022,4,17,0,2,0,13381.0,11001.0,13042.0,13209.285714285714,12812.42857142857
5,2022-04-26,12917,1089,1,0,0,0,b,a,869,2022,4,17,1,2,0,11609.0,11292.0,14716.0,13014.0,12775.714285714286
5,2022-04-27,14805,1640,1,0,0,0,b,a,869,2022,4,17,2,2,0,12702.0,12186.0,13114.0,13200.857142857143,12711.464285714286
5,2022-04-28,15719,1405,1,1,0,0,b,a,869,2022,4,17,3,2,0,16286.0,12335.0,10471.0,13501.285714285714,12771.857142857143
5,2022-04-29,14586,1399,1,1,0,0,b,a,869,2022,4,17,4,2,0,14585.0,15806.0,10074.0,13420.285714285714,12959.285714285714
5,2022-04-30,12659,1087,1,1,0,0,b,a,869,2022,4,17,5,2,1,11490.0,14391.0,11722.0,13420.42857142857,13120.42857142857
5,2022-05-02,12749,1367,1,0,0,0,b,a,869,2022,5,18,0,2,0,12412.0,12314.0,12473.0,13587.42857142857,13153.892857142857
5,2022-05-03,16590,1412,1,1,0,0,b,a,869,2022,5,18,1,2,0,12014.0,13381.0,13065.0,13635.57142857143,13163.75
5,2022-05-04,14712,1186,1,0,0,0,b,a,869,2022,5,18,2,2,0,12917.0,11609.0,13492.0,14289.285714285714,13289.642857142857
5,2022-05-05,13589,1465,1,0,0,0,b,a,869,2022,5,18,3,2,0,14805.0,12702.0,11152.0,14545.714285714286,13333.214285714286
5,2022-05-06,14792,1505,1,1,0,0,b,a,869,2022,5,18,4,2,0,15719.0,16286.0,12484.0,14372.0,13420.25
5,2022-05-07,13949,1135,1,1,0,0,b,a,869,2022,5,18,5,2,1,14586.0,14585.0,12223.0,14239.57142857143,13502.67857142857
5,2022-05-09,14589,1340,1,0,0,0,b,a,869,2022,5,19,0,2,0,12659.0,11490.0,13734.0,14148.57142857143,13564.32142857143
5,2022-05-10,16890,1299,1,1,0,0,b,a,869,2022,5,19,1,2,0,12749.0,12412.0,15196.0,14424.285714285714,13594.857142857143
5,2022-05-11,16569,1610,1,1,0,0,b,a,869,2022,5,19,2,2,0,16590.0,12014.0,11001.0,15015.857142857143,13655.357142857143
5,2022-05-12,16865,1541,1,1,0,0,b,a,869,2022,5,19,3,2,0,14712.0,12917.0,11292.0,15012.857142857143,13854.214285714286
5,2022-05-13,11863,976,1,0,0,0,b,a,869,2022,5,19,4,2,0,13589.0,14805.0,12186.0,15320.42857142857,14053.25
5,2022-05-14,11959,1250,1,0,0,0,b,a,869,2022,5,19,5,2,1,14792.0,15719.0,12335.0,15073.857142857143,14041.714285714286
5,2022-05-16,15884,1352,1,1,0,0,b,a,869,2022,5,20,0,2,0,13949.0,14586.0,15806.0,14669.142857142857,14028.285714285714
5,2022-05-17,16973,1351,1,1,0,0,b,a,869,2022,5,20,1,2,0,14589.0,12659.0,14391.0,14945.57142857143,14031.07142857143
5,2022-05-18,16720,1496,1,1,0,0,b,a,869,2022,5,20,2,2,0,16890.0,12749.0,12314.0,15286.142857142857,14123.285714285714
5,2022-05-19,14444,1284,1,0,0,0,b,a,869,2022,5,20,3,2,0,16569.0,16590.0,13381.0,15261.857142857143,14280.642857142857
5,2022-05-20,14866,1065,1,1,0,0,b,a,869,2022,5,20,4,2,0,16865.0,14712.0,11609.0,14958.285714285714,14318.607142857143
5,2022-05-21,12321,939,1,0,0,0,b,a,869,2022,5,20,5,2,1,11863.0,13589.0,12702.0,14672.714285714286,14434.92857142857
5,2022-05-23,13899,1015,1,0,0,0,b,a,869,2022,5,21,0,2,0,11959.0,14792.0,16286.0,14738.142857142857,14421.32142857143
5,2022-05-24,16708,1306,1,1,0,0,b,a,869,2022,5,21,1,2,0,15884.0,13949.0,14585.0,15015.285714285714,14336.07142857143
5,2022-05-25,15464,1808,1,0,0,0,b,a,869,2022,5,21,2,2,0,16973.0,14589.0,11490.0,15133.0,14411.892857142857
5,2022-05-26,15214,1758,1,0,0,0,b,a,869,2022,5,21,3,2,0,16720.0,16890.0,12412.0,14917.42857142857,14553.82142857143
5,2022-05-27,15029,1481,1,1,0,0,b,a,869,2022,5,21,4,2,0,14444.0,16569.0,12014.0,14702.285714285714,14653.892857142857
5,2022-05-28,13589,1110,1,1,0,0,b,a,869,2022,5,21,5,2,1,14866.0,16865.0,12917.0,14785.857142857143,14761.57142857143
5,2022-05-30,13744,1323,1,1,0,0,b,a,869,2022,5,22,0,2,0,12321.0,11863.0,14805.0,14603.42857142857,14785.57142857143
5,2022-05-31,17741,1776,1,1,0,0,b,a,869,2022,5,22,1,2,0,13899.0,11959.0,15719.0,14806.714285714286,14747.67857142857
5,2022-06-01,14559,1112,1,0,0,0,b,a,869,2022,6,22,2,2,0,16708.0,15884.0,14586.0,15355.57142857143,14819.892857142857
5,2022-06-02,15263,1249,1,0,0,0,b,a,869,2022,6,22,3,2,0,15464.0,16973.0,12659.0,15048.57142857143,14818.92857142857
5,2022-06-03,12096,937,1,0,0,0,b,a,869,2022,6,22,4,2,0,15214.0,16720.0,12749.0,15019.857142857143,14911.92857142857
5,2022-06-04,13729,1275,1,1,0,0,b,a,869,2022,6,22,5,2,1,15029.0,14444.0,16590.0,14574.42857142857,14888.607142857143
5,2022-06-06,16106,1988,1,1,0,0,b,a,869,2022,6,23,0,2,0,13589.0,14866.0,14712.0,14388.714285714286,14786.42857142857
5,2022-06-07,16170,1195,1,0,0,0,b,a,869,2022,6,23,1,2,0,13744.0,12321.0,13589.0,14748.285714285714,14836.214285714286
5,2022-06-08,17187,1559,1,1,0,0,b,a,869,2022,6,23,2,2,0,17741.0,13899.0,14792.0,15094.857142857143,14928.392857142857
5,2022-06-09,16418,1246,1,1,0,0,b,a,869,2022,6,23,3,2,0,14559.0,16708.0,13949.0,15015.714285714286,15013.92857142857
5,2022-06-10,15364,1152,1,1,0,0,b,a,869,2022,6,23,4,2,0,15263.0,15464.0,14589.0,15281.285714285714,15102.107142857143
5,2022-06-11,13108,1356,1,0,0,0,b,a,869,2022,6,23,5,2,1,12096.0,15214.0,16890.0,15295.714285714286,15129.785714285714
5,2022-06-13,16054,1609,1,1,0,0,b,a,869,2022,6,24,0,2,0,13729.0,15029.0,16569.0,15440.285714285714,14994.714285714286
5,2022-06-14,15408,1102,1,1,0,0,b,a,869,2022,6,24,1,2,0,16106.0,13589.0,16865.0,15772.42857142857,14976.32142857143
5,2022-06-15,14566,1161,1,0,0,0,b,a,869,2022,6,24,2,2,0,16170.0,13744.0,11863.0,15672.714285714286,14924.285714285714
5,2022-06-16,14267,1260,1,0,0,0,b,a,869,2022,6,24,3,2,0,17187.0,17741.0,11959.0,15443.57142857143,15020.82142857143
5,2022-06-17,13632,1465,1,0,0,0,b,a,869,2022,6,24,4,2,0,16418.0,14559.0,15884.0,15026.42857142857,15103.25
5,2022-06-18,12312,1275,1,0,0,0,b,a,869,2022,6,24,5,2,1,15364.0,15263.0,16973.0,14628.42857142857,15022.82142857143
5,2022-06-20,15794,1580,1,1,0,0,b,a,869,2022,6,25,0,2,0,13108.0,12096.0,16720.0,14192.42857142857,14856.357142857143
5,2022-06-21,16107,1265,1,1,0,0,b,a,869,2022,6,25,1,2,0,16054.0,13729.0,14444.0,14576.142857142857,14823.285714285714
5,2022-06-22,18307,1401,1,1,0,0,b,a,869,2022,6,25,2,2,0,15408.0,16106.0,14866.0,14583.714285714286,14882.67857142857
5,2022-06-23,15990,1258,1,1,0,0,b,a,869,2022,6,25,3,2,0,14566.0,16170.0,12321.0,14997.857142857143,15005.57142857143
5,2022-06-24,14276,1144,1,1,0,0,b,a,869,2022,6,25,4,2,0,14267.0,17187.0,13899.0,15201.285714285714,15136.607142857143
5,2022-06-25,13166,1038,1,0,0,0,b,a,869,2022,6,25,5,2,1,13632.0,16418.0,16708.0,15202.57142857143,15150.07142857143
5,2022-06-27,16039,1751,1,1,0,0,b,a,869,2022,6,26,0,2,0,12312.0,15364.0,15464.0,15136.0,15023.57142857143
5,2022-06-28,16036,1286,1,0,0,0,b,a,869,2022,6,26,1,2,0,15794.0,13108.0,15214.0,15668.42857142857,15044.107142857143
5,2022-06-29,16821,1235,1,1,0,0,b,a,869,2022,6,26,2,2,0,16107.0,16054.0,15029.0,15703.0,15073.464285714286
5,2022-06-30,16994,1603,1,1,0,0,b,a,869,2022,6,26,3,2,0,18307.0,15408.0,13589.0,15805.0,15137.464285714286
5,2022-07-01,16948,1227,1,1,0,1,b,a,869,2022,7,26,4,3,0,15990.0,14566.0,13744.0,15617.42857142857,15259.07142857143
5,2022-07-02,14222,1238,1,0,0,1,b,a,869,2022,7,26,5,3,1,14276.0,14267.0,17741.0,15754.285714285714,15373.5
5,2022-07-04,17049,1313,1,1,0,1,b,a,869,2022,7,27,0,3,0,13166.0,13632.0,14559.0,15746.57142857143,15247.82142857143
5,2022-07-05,16341,1551,1,0,0,1,b,a,869,2022,7,27,1,3,0,16039.0,12312.0,15263.0,16301.285714285714,15336.75
5,2022-07-06,16621,1208,1,0,0,1,b,a,869,2022,7,27,2,3,0,16036.0,15794.0,12096.0,16344.42857142857,15375.25
5,2022-07-07,16372,1942,1,0,0,1,b,a,869,2022,7,27,3,3,0,16821.0,16107.0,13729.0,16428.0,15536.857142857143
5,2022-07-08,14220,1624,1,0,0,1,b,a,869,2022,7,27,4,3,0,16994.0,18307.0,16106.0,16363.857142857143,15631.25
5,2022-07-09,13362,1547,1,0,0,1,b,a,869,2022,7,27,5,3,1,16948.0,15990.0,16170.0,15967.57142857143,15563.892857142857
5,2022-07-11,16715,1248,1,1,0,1,b,a,869,2022,7,28,0,3,0,14222.0,14276.0,17187.0,15455.285714285714,15463.607142857143
5,2022-07-12,16904,1443,1,1,0,1,b,a,869,2022,7,28,1,3,0,17049.0,13166.0,16418.0,15811.42857142857,15446.75
5,2022-07-13,18903,1685,1,1,0,1,b,a,869,2022,7,28,2,3,0,16341.0,16039.0,15364.0,15790.714285714286,15464.107142857143
5,2022-07-14,15728,1184,1,0,0,1,b,a,869,2022,7,28,3,3,0,16621.0,16036.0,13108.0,16156.714285714286,15590.5
5,2022-07-15,14711,1548,1,0,0,1,b,a,869,2022,7,28,4,3,0,16372.0,16821.0,16054.0,16029.142857142857,15684.07142857143
5,2022-07-16,15543,1132,1,1,0,1,b,a,869,2022,7,28,5,3,1,14220.0,16994.0,15408.0,15791.857142857143,15636.107142857143
5,2022-07-18,18305,1384,1,1,0,1,b,a,869,2022,7,29,0,3,0,13362.0,16948.0,14566.0,15980.857142857143,15640.92857142857
5,2022-07-19,18607,1579,1,1,0,1,b,a,869,2022,7,29,1,3,0,16715.0,14222.0,14267.0,16687.0,15774.464285714286
5,2022-07-20,16781,1321,1,1,0,1,b,a,869,2022,7,29,2,3,0,16904.0,17049.0,13632.0,16957.285714285714,15929.464285714286
5,2022-07-21,14820,1069,1,0,0,1,b,a,869,2022,7,29,3,3,0,18903.0,16341.0,12312.0,16939.714285714286,16041.92857142857
5,2022-07-22,13104,1141,1,0,0,1,b,a,869,2022,7,29,4,3,0,15728.0,16621.0,15794.0,16356.42857142857,16131.5
5,2022-07-23,13123,1474,1,0,0,1,b,a,869,2022,7,29,5,3,1,14711.0,16372.0,16107.0,15981.57142857143,16035.42857142857
5,2022-07-25,16469,1290,1,1,0,1,b,a,869,2022,7,30,0,3,0,15543.0,14220.0,18307.0,15754.714285714286,15928.857142857143
5,2022-07-26,15390,1448,1,0,0,1,b,a,869,2022,7,30,1,3,0,18305.0,13362.0,15990.0,15887.0,15863.214285714286
5,2022-07-27,17015,1992,1,0,0,1,b,a,869,2022,7,30,2,3,0,18607.0,16715.0,14276.0,15470.57142857143,15841.785714285714
5,2022-07-28,16716,1242,1,1,0,1,b,a,869,2022,7,30,3,3,0,16781.0,16904.0,13166.0,15243.142857142857,15939.607142857143
5,2022-07-29,15340,1535,1,0,0,1,b,a,869,2022,7,30,4,3,0,14820.0,18903.0,16039.0,15233.857142857143,16066.392857142857
5,2022-07-30,14586,1185,1,1,0,1,b,a,869,2022,7,30,5,3,1,13104.0,15728.0,16036.0,15308.142857142857,16041.42857142857
5,2022-08-01,14731,1721,1,0,0,1,b,a,869,2022,8,31,0,3,0,13123.0,14711.0,16821.0,15519.857142857143,15989.642857142857
5,2022-08-02,15763,1462,1,0,0,1,b,a,869,2022,8,31,1,3,0,16469.0,15543.0,16994.0,15749.57142857143,15915.0
5,2022-08-03,14701,1224,1,0,0,1,b,a,869,2022,8,31,2,3,0,15390.0,18305.0,16948.0,15648.714285714286,15871.035714285714
5,2022-08-04,17550,1530,1,1,0,1,b,a,869,2022,8,31,3,3,0,17015.0,18607.0,14222.0,15550.285714285714,15790.785714285714
5,2022-08-05,12483,1140,1,0,0,1,b,a,869,2022,8,31,4,3,0,16716.0,16781.0,17049.0,15626.714285714286,15909.642857142857
5,2022-08-06,15052,1383,1,1,0,1,b,a,869,2022,8,31,5,3,1,15340.0,14820.0,16341.0,15022.0,15746.57142857143
5,2022-08-08,15408,1215,1,0,0,1,b,a,869,2022,8,32,0,3,0,14586.0,13104.0,16621.0,14980.857142857143,15700.535714285714
5,2022-08-09,15410,1622,1,0,0,1,b,a,869,2022,8,32,1,3,0,14731.0,13123.0,16372.0,15098.285714285714,15657.214285714286
5,2022-08-10,16763,1531,1,0,0,1,b,a,869,2022,8,32,2,3,0,15763.0,16469.0,14220.0,15195.285714285714,15622.857142857143
5,2022-08-11,15749,1222,1,0,0,1,b,a,869,2022,8,32,3,3,0,14701.0,15390.0,13362.0,15338.142857142857,15713.67857142857
5,2022-08-12,13818,1643,1,0,0,1,b,a,869,2022,8,32,4,3,0,17550.0,17015.0,16715.0,15487.857142857143,15798.92857142857
5,2022-08-13,15238,1840,1,1,0,1,b,a,869,2022,8,32,5,3,1,12483.0,16716.0,16904.0,14954.714285714286,15695.464285714286
5,2022-08-15,15241,1389,1,0,0,1,b,a,869,2022,8,33,0,3,0,15052.0,15340.0,18903.0,15348.285714285714,15635.964285714286
5,2022-08-16,14851,1269,1,0,0,1,b,a,869,2022,8,33,1,3,0,15408.0,14586.0,15728.0,15375.285714285714,15505.17857142857
5,2022-08-17,15635,1275,1,0,0,1,b,a,869,2022,8,33,2,3,0,15410.0,14731.0,14711.0,15295.714285714286,15473.857142857143
5,2022-08-18,15430,1227,1,0,0,1,b,a,869,2022,8,33,3,3,0,16763.0,15763.0,15543.0,15327.857142857143,15506.857142857143
5,2022-08-19,17017,1985,1,1,0,1,b,a,869,2022,8,33,4,3,0,15749.0,14701.0,18305.0,15137.42857142857,15502.82142857143
5,2022-08-20,12477,913,1,0,0,1,b,a,869,2022,8,33,5,3,1,13818.0,17550.0,18607.0,15318.57142857143,15456.82142857143
5,2022-08-22,14566,1323,1,0,0,1,b,a,869,2022,8,34,0,3,0,15238.0,12483.0,16781.0,15127.0,15237.892857142857
5,2022-08-23,18391,2095,1,1,0,1,b,a,869,2022,8,34,1,3,0,15241.0,15052.0,14820.0,15031.0,15158.785714285714
5,2022-08-24,16743,1248,1,1,0,1,b,a,869,2022,8,34,2,3,0,14851.0,15408.0,13104.0,15481.0,15286.32142857143
5,2022-08-25,15248,1183,1,0,0,1,b,a,869,2022,8,34,3,3,0,15635.0,15410.0,13123.0,15751.285714285714,15416.285714285714
5,2022-08-26,13689,1547,1,0,0,1,b,a,869,2022,8,34,4,3,0,15430.0,16763.0,16469.0,15696.0,15492.17857142857
5,2022-08-27,15396,1682,1,1,0,1,b,a,869,2022,8,34,5,3,1,17017.0,15749.0,15390.0,15447.285714285714,15392.892857142857
5,2022-08-29,14050,1290,1,0,0,1,b,a,869,2022,8,35,0,3,0,12477.0,13818.0,17015.0,15215.714285714286,15393.107142857143
5,2022-08-30,13960,1471,1,0,0,1,b,a,869,2022,8,35,1,3,0,14566.0,15238.0,16716.0,15440.42857142857,15287.214285714286
5,2022-08-31,16610,1250,1,1,0,1,b,a,869,2022,8,35,2,3,0,18391.0,15241.0,15340.0,15353.857142857143,15188.785714285714
5,2022-09-01,16514,1344,1,1,0,0,b,a,869,2022,9,35,3,3,0,16743.0,14851.0,14586.0,15099.42857142857,15234.142857142857
5,2022-09-02,12176,1188,1,0,0,0,b,a,869,2022,9,35,4,3,0,15248.0,15635.0,14731.0,15066.714285714286,15303.0
5,2022-09-03,13639,1144,1,1,0,0,b,a,869,2022,9,35,5,3,1,13689.0,15430.0,15763.0,14627.857142857143,15211.75
5,2022-09-05,14685,1710,1,1,0,0,b,a,869,2022,9,36,0,3,0,15396.0,17017.0,14701.0,14620.714285714286,15135.892857142857
5,2022-09-06,13052,1613,1,0,0,0,b,a,869,2022,9,36,1,3,0,14050.0,12477.0,17550.0,14519.142857142857,15135.32142857143
5,2022-09-07,16922,2024,1,1,0,0,b,a,869,2022,9,36,2,3,0,13960.0,14566.0,12483.0,14376.57142857143,14974.67857142857
5,2022-09-08,13318,1393,1,0,0,0,b,a,869,2022,9,36,3,3,0,16610.0,18391.0,15052.0,14799.714285714286,15133.214285714286
5,2022-09-09,11703,1268,1,0,0,0,b,a,869,2022,9,36,4,3,0,16514.0,16743.0,15408.0,14329.42857142857,15071.285714285714
5,2022-09-10,12092,1426,1,0,0,0,b,a,869,2022,9,36,5,3,1,12176.0,15248.0,15410.0,13642.142857142857,14938.964285714286
5,2022-09-12,15748,1302,1,1,0,0,b,a,869,2022,9,37,0,3,0,13639.0,13689.0,16763.0,13630.142857142857,14820.464285714286
5,2022-09-13,13264,1497,1,0,0,0,b,a,869,2022,9,37,1,3,0,14685.0,15396.0,15749.0,13931.42857142857,14784.214285714286
5,2022-09-14,15296,1807,1,1,0,0,b,a,869,2022,9,37,2,3,0,13052.0,14050.0,13818.0,13728.42857142857,14695.464285714286
5,2022-09-15,13992,1438,1,0,0,0,b,a,869,2022,9,37,3,3,0,16922.0,13960.0,15238.0,14049.0,14748.25
5,2022-09-16,11463,1313,1,0,0,0,b,a,869,2022,9,37,4,3,0,13318.0,16610.0,15241.0,13630.42857142857,14703.75
5,2022-09-17,9977,745,1,0,0,0,b,a,869,2022,9,37,5,3,1,11703.0,16514.0,14851.0,13365.42857142857,14568.82142857143
5,2022-09-19,14181,1175,1,1,0,0,b,a,869,2022,9,38,0,3,0,12092.0,12176.0,15635.0,13118.857142857143,14394.75
5,2022-09-20,13654,1166,1,0,0,0,b,a,869,2022,9,38,1,3,0,15748.0,13639.0,15430.0,13417.285714285714,14342.82142857143
5,2022-09-21,14040,1403,1,0,0,0,b,a,869,2022,9,38,2,3,0,13264.0,14685.0,17017.0,13118.142857142857,14279.392857142857
5,2022-09-22,12795,1229,1,0,0,0,b,a,869,2022,9,38,3,3,0,15296.0,13052.0,12477.0,13229.0,14173.07142857143
5,2022-09-23,14087,1727,1,1,0,0,b,a,869,2022,9,38,4,3,0,13992.0,16922.0,14566.0,12871.714285714286,14184.42857142857
5,2022-09-24,12856,1287,1,1,0,0,b,a,869,2022,9,38,5,3,1,11463.0,13318.0,18391.0,12885.285714285714,14167.32142857143
5,2022-09-26,13144,1489,1,0,0,0,b,a,869,2022,9,39,0,3,0,9977.0,11703.0,16743.0,13084.285714285714,13969.642857142857
5,2022-09-27,15416,1475,1,0,0,0,b,a,869,2022,9,39,1,3,0,14181.0,12092.0,15248.0,13536.714285714286,13841.107142857143
5,2022-09-28,12647,1575,1,0,0,0,b,a,869,2022,9,39,2,3,0,13654.0,15748.0,13689.0,13713.142857142857,13847.107142857143
5,2022-09-29,14214,1040,1,1,0,0,b,a,869,2022,9,39,3,3,0,14040.0,13264.0,15396.0,13569.285714285714,13809.892857142857
5,2022-09-30,11370,870,1,0,0,0,b,a,869,2022,9,39,4,3,0,12795.0,15296.0,14050.0,13594.142857142857,13767.67857142857
5,2022-10-01,12988,1215,1,1,0,0,b,a,869,2022,10,39,5,4,1,14087.0,13992.0,13960.0,13390.57142857143,13671.964285714286
5,2022-10-03,11447,1314,1,0,0,0,b,a,869,2022,10,40,0,4,0,12856.0,11463.0,16610.0,13233.57142857143,13637.25
5,2022-10-04,11864,1111,1,0,0,0,b,a,869,2022,10,40,1,4,0,13144.0,9977.0,16514.0,13032.285714285714,13452.857142857143
5,2022-10-05,11254,948,1,0,0,0,b,a,869,2022,10,40,2,4,0,15416.0,14181.0,12176.0,12849.42857142857,13286.785714285714
5,2022-10-06,13466,1557,1,1,0,0,b,a,869,2022,10,40,3,4,0,12647.0,13654.0,13639.0,12254.857142857143,13253.857142857143
5,2022-10-07,10959,869,1,0,0,0,b,a,869,2022,10,40,4,4,0,14214.0,14040.0,14685.0,12371.857142857143,13247.67857142857
5,2022-10-08,10973,845,1,0,0,0,b,a,869,2022,10,40,5,4,1,11370.0,12795.0,13052.0,11906.857142857143,13114.607142857143
5,2022-10-10,12936,967,1,1,0,0,b,a,869,2022,10,41,0,4,0,12988.0,14087.0,16922.0,11850.142857142857,13040.357142857143
5,2022-10-11,14723,1177,1,1,0,0,b,a,869,2022,10,41,1,4,0,11447.0,12856.0,13318.0,11842.714285714286,12898.0
5,2022-10-12,12425,1331,1,0,0,0,b,a,869,2022,10,41,2,4,0,11864.0,13144.0,11703.0,12310.714285714286,12948.17857142857
5,2022-10-13,14195,1480,1,1,0,0,b,a,869,2022,10,41,3,4,0,11254.0,15416.0,12092.0,12390.857142857143,12973.964285714286
5,2022-10-14,12136,1016,1,1,0,0,b,a,869,2022,10,41,4,4,0,13466.0,12647.0,15748.0,12811.0,13049.07142857143
5,2022-10-15,12123,1352,1,1,0,0,b,a,869,2022,10,41,5,4,1,10959.0,14214.0,13264.0,12621.0,12920.07142857143
5,2022-10-17,12864,1323,1,1,0,0,b,a,869,2022,10,42,0,4,0,10973.0,11370.0,15296.0,12787.285714285714,12879.32142857143
5,2022-10-18,10784,1319,1,0,0,0,b,a,869,2022,10,42,1,4,0,12936.0,12988.0,13992.0,13057.42857142857,12792.464285714286
5,2022-10-19,14503,1407,1,1,0,0,b,a,869,2022,10,42,2,4,0,14723.0,11447.0,11463.0,12750.0,12677.892857142857
5,2022-10-20,13267,1290,1,0,0,0,b,a,869,2022,10,42,3,4,0,12425.0,11864.0,9977.0,12718.57142857143,12786.464285714286
5,2022-10-21,9200,1013,1,0,0,0,b,a,869,2022,10,42,4,4,0,14195.0,11254.0,14181.0,12838.857142857143,12903.964285714286
5,2022-10-22,11500,880,1,1,0,0,b,a,869,2022,10,42,5,4,1,12136.0,13466.0,13654.0,12125.285714285714,12726.07142857143
5,2022-10-24,11380,1066,1,0,0,0,b,a,869,2022,10,43,0,4,0,12123.0,10959.0,14040.0,12034.42857142857,12649.142857142857
5,2022-10-25,14115,1443,1,1,0,0,b,a,869,2022,10,43,1,4,0,12864.0,10973.0,12795.0,11928.285714285714,12554.142857142857
5,2022-10-26,11259,957,1,0,0,0,b,a,869,2022,10,43,2,4,0,10784.0,12936.0,14087.0,12107.0,12601.285714285714
5,2022-10-27,12422,1061,1,0,0,0,b,a,869,2022,10,43,3,4,0,14503.0,14723.0,12856.0,12174.857142857143,12500.285714285714
5,2022-10-28,10828,953,1,0,0,0,b,a,869,2022,10,43,4,4,0,13267.0,12425.0,13144.0,11877.57142857143,12484.785714285714
5,2022-10-29,10172,1113,1,0,0,0,b,a,869,2022,10,43,5,4,1,9200.0,14195.0,15416.0,11529.142857142857,12402.07142857143
5,2022-10-31,10683,869,1,0,0,0,b,a,869,2022,10,44,0,4,0,11500.0,12136.0,12647.0,11668.0,12214.785714285714
5,2022-11-01,12257,1274,1,0,0,0,b,a,869,2022,11,44,1,4,0,11380.0,12123.0,14214.0,11551.285714285714,12144.642857142857
5,2022-11-02,13371,1455,1,1,0,0,b,a,869,2022,11,44,2,4,0,14115.0,12864.0,11370.0,11676.57142857143,12074.75
5,2022-11-03,10431,1109,1,0,0,0,b,a,869,2022,11,44,3,4,0,11259.0,10784.0,12988.0,11570.285714285714,12146.214285714286
5,2022-11-04,13477,1543,1,1,0,0,b,a,869,2022,11,44,4,4,0,12422.0,14503.0,11447.0,11452.0,12054.892857142857
5,2022-11-05,9976,785,1,1,0,0,b,a,869,2022,11,44,5,4,1,10828.0,13267.0,11864.0,11602.714285714286,12127.392857142857
5,2022-11-07,9977,782,1,0,0,0,b,a,869,2022,11,45,0,4,0,10172.0,9200.0,11254.0,11481.0,12059.964285714286
5,2022-11-08,13417,1000,1,1,0,0,b,a,869,2022,11,45,1,4,0,10683.0,11500.0,13466.0,11453.142857142857,12014.357142857143
5,2022-11-09,10789,1054,1,0,0,0,b,a,869,2022,11,45,2,4,0,12257.0,11380.0,10959.0,11843.714285714286,12012.607142857143
5,2022-11-10,10802,1298,1,0,0,0,b,a,869,2022,11,45,3,4,0,13371.0,14115.0,10973.0,11634.0,12006.535714285714
5,2022-11-11,12646,1313,1,1,0,0,b,a,869,2022,11,45,4,4,0,10431.0,11259.0,12936.0,11267.0,12000.42857142857
5,2022-11-12,11111,794,1,1,0,0,b,a,869,2022,11,45,5,4,1,13477.0,12422.0,14723.0,11583.42857142857,11990.07142857143
5,2022-11-14,12717,1111,1,1,0,0,b,a,869,2022,11,46,0,4,0,9976.0,10828.0,12425.0,11245.42857142857,11861.07142857143
5,2022-11-15,11651,965,1,0,0,0,b,a,869,2022,11,46,1,4,0,9977.0,10172.0,14195.0,11637.0,11871.5
5,2022-11-16,13589,1411,1,1,0,0,b,a,869,2022,11,46,2,4,0,13417.0,10683.0,12136.0,11876.142857142857,11780.642857142857
5,2022-11-17,13019,938,1,1,0,0,b,a,869,2022,11,46,3,4,0,10789.0,12257.0,12123.0,11900.714285714286,11832.535714285714
5,2022-11-18,9834,1090,1,0,0,0,b,a,869,2022,11,46,4,4,0,10802.0,13371.0,12864.0,12219.285714285714,11864.535714285714
5,2022-11-19,7377,736,1,0,0,0,b,a,869,2022,11,46,5,4,1,12646.0,10431.0,10784.0,12081.0,11756.32142857143
5,2022-11-21,12036,957,1,1,0,0,b,a,869,2022,11,47,0,4,0,11111.0,13477.0,14503.0,11328.285714285714,11634.642857142857
5,2022-11-22,12766,917,1,1,0,0,b,a,869,2022,11,47,1,4,0,12717.0,9976.0,13267.0,11460.42857142857,11546.535714285714
5,2022-11-23,11843,1247,1,0,0,0,b,a,869,2022,11,47,2,4,0,11651.0,9977.0,9200.0,11467.42857142857,11528.642857142857
5,2022-11-24,11450,1304,1,0,0,0,b,a,869,2022,11,47,3,4,0,13589.0,13417.0,11500.0,11494.857142857143,11623.035714285714
5,2022-11-25,12302,1374,1,1,0,0,b,a,869,2022,11,47,4,4,0,13019.0,10789.0,11380.0,11189.285714285714,11621.25
5,2022-11-26,7553,541,1,0,0,0,b,a,869,2022,11,47,5,4,1,9834.0,10802.0,14115.0,11086.857142857143,11654.17857142857
5,2022-11-28,11943,1088,1,1,0,0,b,a,869,2022,11,48,0,4,0,7377.0,12646.0,11259.0,10761.0,11419.82142857143
5,2022-11-29,10054,810,1,0,0,0,b,a,869,2022,11,48,1,4,0,12036.0,11111.0,12422.0,11413.285714285714,11444.25
5,2022-11-30,10791,948,1,0,0,0,b,a,869,2022,11,48,2,4,0,12766.0,12717.0,10828.0,11130.142857142857,11359.67857142857
5,2022-12-01,11764,1080,1,1,0,0,b,a,869,2022,12,48,3,4,0,11843.0,11651.0,10172.0,10848.0,11358.357142857143
5,2022-12-02,9334,1151,1,0,0,0,b,a,869,2022,12,48,4,4,0,11450.0,13589.0,10683.0,10836.714285714286,11415.214285714286
5,2022-12-03,8761,744,1,0,0,0,b,a,869,2022,12,48,5,4,1,12302.0,13019.0,12257.0,10534.42857142857,11367.035714285714
5,2022-12-05,12661,1212,1,1,0,0,b,a,869,2022,12,49,0,4,0,7553.0,9834.0,13371.0,10028.57142857143,11242.17857142857
5,2022-12-06,11118,1031,1,0,0,0,b,a,869,2022,12,49,1,4,0,11943.0,7377.0,10431.0,10758.285714285714,11216.82142857143
5,2022-12-07,11701,1422,1,0,0,0,b,a,869,2022,12,49,2,4,0,10054.0,12036.0,13477.0,10640.42857142857,11241.357142857143
5,2022-12-08,10024,1145,1,0,0,0,b,a,869,2022,12,49,3,4,0,10791.0,12766.0,9976.0,10875.714285714286,11177.92857142857
5,2022-12-09,9600,761,1,0,0,0,b,a,869,2022,12,49,4,4,0,11764.0,11843.0,9977.0,10766.142857142857,11179.642857142857
5,2022-12-10,9165,657,1,0,0,0,b,a,869,2022,12,49,5,4,1,9334.0,11450.0,13417.0,10457.0,11166.17857142857
5,2022-12-12,9258,865,1,0,0,0,b,a,869,2022,12,50,0,4,0,8761.0,12302.0,10789.0,10432.857142857143,11014.32142857143
5,2022-12-13,11803,1038,1,1,0,0,b,a,869,2022,12,50,1,4,0,12661.0,7553.0,10802.0,10503.857142857143,10959.642857142857
5,2022-12-14,9861,714,1,0,0,0,b,a,869,2022,12,50,2,4,0,11118.0,11943.0,12646.0,10381.285714285714,10995.392857142857
5,2022-12-15,11059,936,1,1,0,0,b,a,869,2022,12,50,3,4,0,11701.0,10054.0,11111.0,10201.714285714286,10895.92857142857
5,2022-12-16,11496,1219,1,1,0,0,b,a,869,2022,12,50,4,4,0,10024.0,10791.0,12717.0,10110.0,10894.07142857143
5,2022-12-17,11178,901,1,1,0,0,b,a,869,2022,12,50,5,4,1,9600.0,11764.0,11651.0,10320.285714285714,10850.464285714286
5,2022-12-19,11624,1012,1,1,0,0,b,a,869,2022,12,51,0,4,0,9165.0,9334.0,13589.0,10545.714285714286,10833.57142857143
5,2022-12-20,9805,752,1,0,0,0,b,a,869,2022,12,51,1,4,0,9258.0,8761.0,13019.0,10897.0,10763.392857142857
5,2022-12-21,13565,1199,1,1,0,0,b,a,869,2022,12,51,2,4,0,11803.0,12661.0,9834.0,10975.142857142857,10648.607142857143
5,2022-12-22,9520,1062,1,0,0,0,b,a,869,2022,12,51,3,4,0,9861.0,11118.0,7377.0,11226.857142857143,10781.857142857143
5,2022-12-23,11831,1049,1,1,0,0,b,a,869,2022,12,51,4,4,0,11059.0,11701.0,12036.0,11178.142857142857,10858.392857142857
5,2022-12-24,8430,840,1,0,0,0,b,a,869,2022,12,51,5,4,1,11496.0,10024.0,12766.0,11288.42857142857,10851.07142857143
5,2022-12-26,9519,690,1,0,0,0,b,a,869,2022,12,52,0,4,0,11178.0,9600.0,11843.0,10850.42857142857,10696.214285714286
5,2022-12-27,10711,1312,1,0,0,0,b,a,869,2022,12,52,1,4,0,11624.0,9165.0,11450.0,10613.42857142857,10613.214285714286
5,2022-12-28,10318,1061,1,0,0,0,b,a,869,2022,12,52,2,4,0,9805.0,9258.0,12302.0,10483.0,10586.82142857143
5,2022-12-29,10175,773,1,0,0,0,b,a,869,2022,12,52,3,4,0,13565.0,11803.0,7553.0,10556.285714285714,10515.964285714286
5,2022-12-30,11188,809,1,1,0,0,b,a,869,2022,12,52,4,4,0,9520.0,9861.0,11943.0,10072.0,10609.607142857143
5,2022-12-31,8603,727,1,0,0,0,b,a,869,2022,12,52,5,4,1,11831.0,11059.0,10054.0,10310.285714285714,10582.642857142857
5,2023-01-02,12421,1046,1,1,0,0,b,a,869,2023,1,1,0,1,0,8430.0,11496.0,10791.0,9849.142857142857,10530.82142857143
5,2023-01-03,12628,992,1,1,0,0,b,a,869,2023,1,1,1,1,0,9519.0,11178.0,11764.0,10419.285714285714,10589.035714285714
5,2023-01-04,10089,877,1,0,0,0,b,a,869,2023,1,1,2,1,0,10711.0,11624.0,9334.0,10863.42857142857,10619.892857142857
5,2023-01-05,12581,899,1,1,0,0,b,a,869,2023,1,1,3,1,0,10318.0,9805.0,8761.0,10774.57142857143,10646.857142857143
5,2023-01-06,9757,746,1,0,0,0,b,a,869,2023,1,1,4,1,0,10175.0,13565.0,12661.0,11097.857142857143,10783.285714285714
5,2023-01-07,9999,747,1,1,0,0,b,a,869,2023,1,1,5,1,1,11188.0,9520.0,11118.0,11038.142857142857,10679.57142857143
5,2023-01-09,9860,808,1,0,0,0,b,a,869,2023,1,2,0,1,0,8603.0,11831.0,11701.0,10868.285714285714,10639.607142857143
5,2023-01-10,11110,1080,1,0,0,0,b,a,869,2023,1,2,1,1,0,12421.0,8430.0,10024.0,11047.857142857143,10573.857142857143
5,2023-01-11,12908,1036,1,1,0,0,b,a,869,2023,1,2,2,1,0,12628.0,9519.0,9600.0,10860.57142857143,10612.642857142857
5,2023-01-12,10141,822,1,0,0,0,b,a,869,2023,1,2,3,1,0,10089.0,10711.0,9165.0,10900.57142857143,10730.785714285714
5,2023-01-13,12090,1052,1,1,0,0,b,a,869,2023,1,2,4,1,0,12581.0,10318.0,9258.0,10908.0,10765.642857142857
5,2023-01-14,8374,675,1,0,0,0,b,a,869,2023,1,2,5,1,1,9757.0,10175.0,11803.0,10837.857142857143,10866.785714285714
5,2023-01-16,12421,934,1,1,0,0,b,a,869,2023,1,3,0,1,0,9999.0,11188.0,9861.0,10640.285714285714,10744.32142857143
5,2023-01-17,10790,976,1,0,0,0,b,a,869,2023,1,3,1,1,0,9860.0,8603.0,11059.0,10986.285714285714,10835.75
5,2023-01-18,11627,913,1,0,0,0,b,a,869,2023,1,3,2,1,0,11110.0,12421.0,11496.0,11119.142857142857,10826.142857142857
5,2023-01-19,10159,871,1,0,0,0,b,a,869,2023,1,3,3,1,0,12908.0,12628.0,11178.0,11193.0,10830.82142857143
5,2023-01-20,12057,955,1,1,0,0,b,a,869,2023,1,3,4,1,0,10141.0,10089.0,11624.0,10800.285714285714,10794.42857142857
5,2023-01-21,8639,844,1,0,0,0,b,a,869,2023,1,3,5,1,1,12090.0,12581.0,9805.0,11074.0,10809.892857142857
5,2023-01-23,13698,1115,1,1,0,0,b,a,869,2023,1,4,0,1,0,8374.0,9757.0,13565.0,10581.0,10768.25
5,2023-01-24,12862,1335,1,1,0,0,b,a,869,2023,1,4,1,1,0,12421.0,9999.0,9520.0,11341.57142857143,10773.0
5,2023-01-25,11124,1106,1,0,0,0,b,a,869,2023,1,4,2,1,0,10790.0,9860.0,11831.0,11404.57142857143,10892.357142857143
5,2023-01-26,11128,1337,1,1,0,0,b,a,869,2023,1,4,3,1,0,11627.0,11110.0,8430.0,11452.285714285714,10867.107142857143
5,2023-01-27,9569,908,1,0,0,0,b,a,869,2023,1,4,4,1,0,10159.0,12908.0,9519.0,11381.0,10963.464285714286
5,2023-01-28,6924,515,1,0,0,0,b,a,869,2023,1,4,5,1,1,12057.0,10141.0,10711.0,11296.714285714286,10965.25
5,2023-01-30,10183,906,1,0,0,0,b,a,869,2023,1,5,0,1,0,8639.0,12090.0,10318.0,10563.42857142857,10830.0
5,2023-01-31,13143,1502,1,1,0,0,b,a,869,2023,1,5,1,1,0,13698.0,8374.0,10175.0,10784.0,10825.17857142857
5,2023-02-01,11056,1037,1,0,0,0,b,a,869,2023,2,5,2,1,0,12862.0,12421.0,11188.0,10704.714285714286,10931.17857142857
5,2023-02-02,10472,871,1,0,0,0,b,a,869,2023,2,5,3,1,0,11124.0,10790.0,8603.0,10446.714285714286,10926.464285714286
5,2023-02-03,11204,1050,1,1,0,0,b,a,869,2023,2,5,4,1,0,11128.0,11627.0,12421.0,10353.57142857143,10993.214285714286
5,2023-02-04,8169,645,1,0,0,0,b,a,869,2023,2,5,5,1,1,9569.0,10159.0,12628.0,10364.42857142857,10949.75
5,2023-02-06,10004,870,1,0,0,0,b,a,869,2023,2,6,0,1,0,6924.0,12057.0,10089.0,10164.42857142857,10790.5
5,2023-02-07,11784,1263,1,0,0,0,b,a,869,2023,2,6,1,1,0,10183.0,8639.0,12581.0,10604.42857142857,10787.464285714286
5,2023-02-08,11884,1067,1,0,0,0,b,a,869,2023,2,6,2,1,0,13143.0,13698.0,9757.0,10833.142857142857,10759.0
5,2023-02-09,10567,1101,1,0,0,0,b,a,869,2023,2,6,3,1,0,11056.0,12862.0,9999.0,10653.285714285714,10834.964285714286
5,2023-02-10,8794,849,1,0,0,0,b,a,869,2023,2,6,4,1,0,10472.0,11124.0,9860.0,10583.42857142857,10855.25
5,2023-02-11,12238,1294,1,1,0,0,b,a,869,2023,2,6,5,1,1,11204.0,11128.0,11110.0,10343.714285714286,10817.17857142857
5,2023-02-13,9975,789,1,0,0,0,b,a,869,2023,2,7,0,1,0,8169.0,9569.0,12908.0,10491.42857142857,10857.464285714286
5,2023-02-14,12873,1103,1,1,0,0,b,a,869,2023,2,7,1,1,0,10004.0,6924.0,10141.0,10749.42857142857,10752.714285714286
5,2023-02-15,14045,1351,1,1,0,0,b,a,869,2023,2,7,2,1,0,11784.0,10183.0,12090.0,11159.285714285714,10850.285714285714
5,2023-02-16,10603,1016,1,0,0,0,b,a,869,2023,2,7,3,1,0,11884.0,13143.0,8374.0,11482.285714285714,10920.107142857143
5,2023-02-17,8789,1040,1,0,0,0,b,a,869,2023,2,7,4,1,0,10567.0,11056.0,12421.0,11299.285714285714,10999.714285714286
5,2023-02-18,8179,989,1,0,0,0,b,a,869,2023,2,7,5,1,1,8794.0,10472.0,10790.0,11045.285714285714,10870.0
5,2023-02-20,10101,1155,1,0,0,0,b,a,869,2023,2,8,0,1,0,12238.0,11204.0,11627.0,10957.42857142857,10776.75
5,2023-02-21,14134,1011,1,1,0,0,b,a,869,2023,2,8,1,1,0,9975.0,8169.0,10159.0,10652.142857142857,10722.25
5,2023-02-22,11800,1250,1,0,0,0,b,a,869,2023,2,8,2,1,0,12873.0,10004.0,12057.0,11246.285714285714,10864.214285714286
5,2023-02-23,12206,878,1,1,0,0,b,a,869,2023,2,8,3,1,0,14045.0,11784.0,8639.0,11093.0,10855.035714285714
5,2023-02-24,11363,1201,1,1,0,0,b,a,869,2023,2,8,4,1,0,10603.0,11884.0,13698.0,10830.285714285714,10982.42857142857
5,2023-02-25,10102,748,1,1,0,0,b,a,869,2023,2,8,5,1,1,8789.0,10567.0,12862.0,10938.857142857143,10899.035714285714
5,2023-02-27,9900,933,1,0,0,0,b,a,869,2023,2,9,0,1,0,8179.0,8794.0,11124.0,11126.42857142857,10800.464285714286
5,2023-02-28,14088,1366,1,1,0,0,b,a,869,2023,2,9,1,1,0,10101.0,12238.0,11128.0,11372.285714285714,10756.75
5,2023-03-01,12267,1275,1,0,0,0,b,a,869,2023,3,9,2,1,0,14134.0,9975.0,9569.0,11941.857142857143,10862.464285714286
5,2023-03-02,14558,1261,1,1,0,0,b,a,869,2023,3,9,3,1,0,11800.0,12873.0,6924.0,11675.142857142857,10958.82142857143
5,2023-03-03,12800,1588,1,1,0,0,b,a,869,2023,3,9,4,1,0,12206.0,14045.0,10183.0,12069.142857142857,11231.464285714286
5,2023-03-04,9736,811,1,0,0,0,b,a,869,2023,3,9,5,1,1,11363.0,10603.0,13143.0,12154.0,11324.92857142857
5,2023-03-06,12347,1214,1,1,0,0,b,a,869,2023,3,10,0,1,0,10102.0,8789.0,11056.0,11921.57142857143,11203.25
5,2023-03-07,15192,1220,1,1,0,0,b,a,869,2023,3,10,1,1,0,9900.0,8179.0,10472.0,12242.285714285714,11249.357142857143
5,2023-03-08,14603,1291,1,1,0,0,b,a,869,2023,3,10,2,1,0,14088.0,10101.0,11204.0,12998.285714285714,11417.92857142857
5,2023-03-09,13463,1449,1,1,0,0,b,a,869,2023,3,10,3,1,0,12267.0,14134.0,8169.0,13071.857142857143,11539.32142857143
5,2023-03-10,8358,668,1,0,0,0,b,a,869,2023,3,10,4,1,0,14558.0,11800.0,10004.0,13242.714285714286,11728.392857142857
5,2023-03-11,11029,1184,1,0,0,0,b,a,869,2023,3,10,5,1,1,12800.0,12206.0,11784.0,12357.0,11669.607142857143
5,2023-03-13,12521,1367,1,1,0,0,b,a,869,2023,3,11,0,1,0,9736.0,11363.0,11884.0,12104.0,11642.642857142857
5,2023-03-14,14386,1568,1,1,0,0,b,a,869,2023,3,11,1,1,0,12347.0,10102.0,10567.0,12501.857142857143,11665.392857142857
5,2023-03-15,15235,1215,1,1,0,0,b,a,869,2023,3,11,2,1,0,15192.0,9900.0,8794.0,12793.142857142857,11801.785714285714
5,2023-03-16,13731,1702,1,1,0,0,b,a,869,2023,3,11,3,1,0,14603.0,14088.0,12238.0,12799.285714285714,12031.82142857143
5,2023-03-17,13220,1204,1,1,0,0,b,a,869,2023,3,11,4,1,0,13463.0,12267.0,9975.0,12674.714285714286,12085.142857142857
5,2023-03-18,11938,1418,1,1,0,0,b,a,869,2023,3,11,5,1,1,8358.0,14558.0,12873.0,12640.0,12201.035714285714
5,2023-03-20,12580,1443,1,1,0,0,b,a,869,2023,3,12,0,1,0,11029.0,12800.0,14045.0,13151.42857142857,12167.642857142857
5,2023-03-21,11553,1267,1,0,0,0,b,a,869,2023,3,12,1,1,0,12521.0,9736.0,10603.0,13373.0,12115.32142857143
5,2023-03-22,12587,1019,1,0,0,0,b,a,869,2023,3,12,2,1,0,14386.0,12347.0,8789.0,13234.714285714286,12149.25
5,2023-03-23,12642,1094,1,0,0,0,b,a,869,2023,3,12,3,1,0,15235.0,15192.0,8179.0,12977.714285714286,12284.892857142857
5,2023-03-24,11955,1305,1,0,0,0,b,a,869,2023,3,12,4,1,0,13731.0,14603.0,10101.0,12607.285714285714,12444.285714285714
5,2023-03-25,12106,1433,1,1,0,0,b,a,869,2023,3,12,5,1,1,13220.0,13463.0,14134.0,12353.57142857143,12510.5
5,2023-03-27,12144,1109,1,0,0,0,b,a,869,2023,3,13,0,1,0,11938.0,8358.0,11800.0,12194.42857142857,12438.07142857143
5,2023-03-28,14176,1278,1,1,0,0,b,a,869,2023,3,13,1,1,0,12580.0,11029.0,12206.0,12223.857142857143,12450.357142857143
5,2023-03-29,13563,1010,1,0,0,0,b,a,869,2023,3,13,2,1,0,11553.0,12521.0,11363.0,12451.857142857143,12520.714285714286
5,2023-03-30,14776,1180,1,1,0,0,b,a,869,2023,3,13,3,1,0,12587.0,14386.0,10102.0,12739.0,12599.285714285714
5,2023-03-31,13071,1551,1,1,0,0,b,a,869,2023,3,13,4,1,0,12642.0,15235.0,9900.0,13051.714285714286,12766.214285714286
5,2023-04-01,10293,949,1,0,0,0,b,a,869,2023,4,13,5,2,1,11955.0,13731.0,14088.0,13113.0,12879.464285714286
5,2023-04-03,15119,1243,1,1,0,0,b,a,869,2023,4,14,0,2,0,12106.0,13220.0,12267.0,12875.57142857143,12743.92857142857
5,2023-04-04,12681,1518,1,0,0,0,b,a,869,2023,4,14,1,2,0,12144.0,11938.0,14558.0,13306.0,12845.785714285714
5,2023-04-05,13873,1347,1,0,0,0,b,a,869,2023,4,14,2,2,0,14176.0,12580.0,12800.0,13382.714285714286,12778.75
5,2023-04-06,14504,1251,1,1,0,0,b,a,869,2023,4,14,3,2,0,13563.0,11553.0,9736.0,13339.42857142857,12817.07142857143
5,2023-04-08,11702,1294,1,0,0,0,b,a,869,2023,4,14,5,2,1,14776.0,12587.0,12347.0,13473.857142857143,12987.357142857143
5,2023-04-10,13764,1414,1,1,0,0,b,a,869,2023,4,15,0,2,0,13071.0,12642.0,15192.0,13034.714285714286,12964.32142857143
5,2023-04-11,15800,1417,1,1,0,0,b,a,869,2023,4,15,1,2,0,10293.0,11955.0,14603.0,13133.714285714286,12913.32142857143
5,2023-04-12,14073,1094,1,0,0,0,b,a,869,2023,4,15,2,2,0,15119.0,12106.0,13463.0,13920.42857142857,12956.07142857143
5,2023-04-13,12302,1021,1,0,0,0,b,a,869,2023,4,15,3,2,0,12681.0,12144.0,8358.0,13771.0,12977.857142857143
5,2023-04-14,13414,1125,1,1,0,0,b,a,869,2023,4,15,4,2,0,13873.0,14176.0,11029.0,13716.857142857143,13118.714285714286
5,2023-04-15,9261,803,1,0,0,0,b,a,869,2023,4,15,5,2,1,14504.0,13563.0,12521.0,13651.285714285714,13203.892857142857
5,2023-04-17,12609,1433,1,0,0,0,b,a,869,2023,4,16,0,2,0,11702.0,14776.0,14386.0,12902.285714285714,13087.464285714286
5,2023-04-18,13069,978,1,0,0,0,b,a,869,2023,4,16,1,2,0,13764.0,13071.0,15235.0,13031.857142857143,13024.0
5,2023-04-19,13339,1223,1,0,0,0,b,a,869,2023,4,16,2,2,0,15800.0,10293.0,13731.0,12932.57142857143,12946.642857142857
5,2023-04-20,15447,1740,1,1,0,0,b,a,869,2023,4,16,3,2,0,14073.0,15119.0,13220.0,12581.0,12932.642857142857
5,2023-04-21,12833,1177,1,0,0,0,b,a,869,2023,4,16,4,2,0,12302.0,12681.0,11938.0,12777.285714285714,13012.17857142857
5,2023-04-22,13524,1116,1,1,0,0,b,a,869,2023,4,16,5,2,1,13414.0,13873.0,12580.0,12853.142857142857,13044.142857142857
5,2023-04-24,11620,881,1,0,0,0,b,a,869,2023,4,17,0,2,0,9261.0,14504.0,11553.0,12868.857142857143,13077.857142857143
5,2023-04-25,16226,1919,1,1,0,0,b,a,869,2023,4,17,1,2,0,12609.0,11702.0,12587.0,13205.857142857143,13080.25
5,2023-04-26,14122,1373,1,0,0,0,b,a,869,2023,4,17,2,2,0,13069.0,13764.0,12642.0,13722.57142857143,13210.214285714286
5,2023-04-27,15214,1738,1,1,0,0,b,a,869,2023,4,17,3,2,0,13339.0,15800.0,11955.0,13873.0,13263.07142857143
5,2023-04-28,13840,1055,1,0,0,0,b,a,869,2023,4,17,4,2,0,15447.0,14073.0,12106.0,14140.857142857143,13379.464285714286
5,2023-04-29,14442,1246,1,1,0,0,b,a,869,2023,4,17,5,2,1,12833.0,12302.0,12144.0,13911.285714285714,13441.392857142857
5,2023-05-01,13837,1309,1,0,0,0,b,a,869,2023,5,18,0,2,0,13524.0,13414.0,14176.0,14141.142857142857,13523.464285714286
5,2023-05-02,15899,1158,1,1,0,0,b,a,869,2023,5,18,1,2,0,11620.0,9261.0,13563.0,14185.857142857143,13511.357142857143
5,2023-05-03,16476,1722,1,1,0,0,b,a,869,2023,5,18,2,2,0,16226.0,12609.0,14776.0,14797.142857142857,13594.785714285714
5,2023-05-04,13599,1299,1,1,0,0,b,a,869,2023,5,18,3,2,0,14122.0,13069.0,13071.0,14832.857142857143,13655.5
5,2023-05-05,14730,1432,1,1,0,0,b,a,869,2023,5,18,4,2,0,15214.0,13339.0,10293.0,14758.142857142857,13674.357142857143
5,2023-05-06,12903,1399,1,0,0,0,b,a,869,2023,5,18,5,2,1,13840.0,15447.0,15119.0,14689.0,13832.82142857143
5,2023-05-08,14820,1222,1,1,0,0,b,a,869,2023,5,19,0,2,0,14442.0,12833.0,12681.0,14555.142857142857,13753.67857142857
5,2023-05-09,15447,1430,1,0,0,0,b,a,869,2023,5,19,1,2,0,13837.0,13524.0,13873.0,14609.142857142857,13830.07142857143
5,2023-05-10,15231,1300,1,0,0,0,b,a,869,2023,5,19,2,2,0,15899.0,11620.0,14504.0,14839.142857142857,13886.285714285714
5,2023-05-11,14648,1358,1,1,0,0,b,a,869,2023,5,19,3,2,0,16476.0,16226.0,11702.0,14743.714285714286,13912.25
5,2023-05-12,11844,1046,1,0,0,0,b,a,869,2023,5,19,4,2,0,13599.0,14122.0,13764.0,14482.57142857143,14017.464285714286
5,2023-05-13,11959,1491,1,0,0,0,b,a,869,2023,5,19,5,2,1,14730.0,15214.0,15800.0,14231.857142857143,13948.892857142857
5,2023-05-15,12707,1471,1,0,0,0,b,a,869,2023,5,20,0,2,0,12903.0,13840.0,14073.0,13836.0,13811.714285714286
5,2023-05-16,14666,1517,1,0,0,0,b,a,869,2023,5,20,1,2,0,14820.0,14442.0,12302.0,13808.0,13762.92857142857
5,2023-05-17,13834,1302,1,0,0,0,b,a,869,2023,5,20,2,2,0,15447.0,13837.0,13414.0,13786.0,13847.357142857143
5,2023-05-18,13615,1636,1,0,0,0,b,a,869,2023,5,20,3,2,0,15231.0,15899.0,9261.0,13555.57142857143,13862.357142857143
5,2023-05-19,15273,1273,1,1,0,0,b,a,869,2023,5,20,4,2,0,14648.0,16476.0,12609.0,13324.714285714286,14017.857142857143
5,2023-05-20,12039,1133,1,0,0,0,b,a,869,2023,5,20,5,2,1,11844.0,13599.0,13069.0,13414.0,14113.0
5,2023-05-22,11344,1031,1,0,0,0,b,a,869,2023,5,21,0,2,0,11959.0,14730.0,13339.0,13441.857142857143,14076.214285714286
5,2023-05-23,15485,1508,1,0,0,0,b,a,869,2023,5,21,1,2,0,12707.0,12903.0,15447.0,13354.0,14004.964285714286
5,2023-05-24,15706,1533,1,0,0,0,b,a,869,2023,5,21,2,2,0,14666.0,14820.0,12833.0,13750.857142857143,14006.32142857143
5,2023-05-25,14964,1228,1,0,0,0,b,a,869,2023,5,21,3,2,0,13834.0,15447.0,13524.0,13899.42857142857,14108.92857142857
5,2023-05-26,15105,1232,1,1,0,0,b,a,869,2023,5,21,4,2,0,13615.0,15231.0,11620.0,14060.857142857143,14160.357142857143
5,2023-05-27,14709,1643,1,1,0,0,b,a,869,2023,5,21,5,2,1,15273.0,14648.0,16226.0,14273.714285714286,14284.82142857143
5,2023-05-29,13856,1207,1,0,0,0,b,a,869,2023,5,22,0,2,0,12039.0,11844.0,14122.0,14193.142857142857,14230.642857142857
5,2023-05-30,16002,1437,1,1,0,0,b,a,869,2023,5,22,1,2,0,11344.0,11959.0,15214.0,14452.714285714286,14221.142857142857
5,2023-05-31,16967,1715,1,1,0,0,b,a,869,2023,5,22,2,2,0,15485.0,12707.0,13840.0,15118.142857142857,14249.285714285714
5,2023-06-01,15823,1546,1,1,0,0,b,a,869,2023,6,22,3,2,0,15706.0,14666.0,14442.0,15329.857142857143,14360.964285714286
5,2023-06-02,12440,1446,1,0,0,0,b,a,869,2023,6,22,4,2,0,14964.0,13834.0,13837.0,15346.57142857143,14410.285714285714
5,2023-06-03,15214,1121,1,1,0,0,b,a,869,2023,6,22,5,2,1,15105.0,13615.0,15899.0,14986.0,14360.392857142857
5,2023-06-05,13709,984,1,0,0,0,b,a,869,2023,6,23,0,2,0,14709.0,15273.0,16476.0,15001.57142857143,14335.92857142857
5,2023-06-06,15429,1388,1,1,0,0,b,a,869,2023,6,23,1,2,0,13856.0,12039.0,13599.0,14858.714285714286,14237.107142857143
5,2023-06-07,15607,1329,1,0,0,0,b,a,869,2023,6,23,2,2,0,16002.0,11344.0,14730.0,15083.42857142857,14302.464285714286
5,2023-06-08,13577,1674,1,0,0,0,b,a,869,2023,6,23,3,2,0,16967.0,15485.0,12903.0,15027.0,14333.785714285714
5,2023-06-09,15995,1394,1,1,0,0,b,a,869,2023,6,23,4,2,0,15823.0,15706.0,14820.0,14542.714285714286,14357.857142857143
5,2023-06-10,12035,1087,1,0,0,0,b,a,869,2023,6,23,5,2,1,12440.0,14964.0,15447.0,14567.285714285714,14399.82142857143
5,2023-06-12,14213,1699,1,0,0,0,b,a,869,2023,6,24,0,2,0,15214.0,15105.0,15231.0,14509.42857142857,14277.964285714286
5,2023-06-13,17607,1910,1,1,0,0,b,a,869,2023,6,24,1,2,0,13709.0,14709.0,14648.0,14366.42857142857,14241.607142857143
5,2023-06-14,17985,1788,1,1,0,0,b,a,869,2023,6,24,2,2,0,15429.0,13856.0,11844.0,14923.285714285714,14347.285714285714
5,2023-06-15,16717,1443,1,1,0,0,b,a,869,2023,6,24,3,2,0,15607.0,16002.0,11959.0,15288.42857142857,14566.607142857143
5,2023-06-16,12941,1024,1,0,0,0,b,a,869,2023,6,24,4,2,0,13577.0,16967.0,12707.0,15447.0,14736.535714285714
5,2023-06-17,14848,1356,1,1,0,0,b,a,869,2023,6,24,5,2,1,15995.0,15823.0,14666.0,15356.142857142857,14744.892857142857
5,2023-06-19,13961,999,1,0,0,0,b,a,869,2023,6,25,0,2,0,12035.0,12440.0,13834.0,15192.285714285714,14751.392857142857
5,2023-06-20,17511,1768,1,1,0,0,b,a,869,2023,6,25,1,2,0,14213.0,15214.0,13615.0,15467.42857142857,14755.92857142857
5,2023-06-21,16283,1198,1,1,0,0,b,a,869,2023,6,25,2,2,0,17607.0,13709.0,15273.0,15938.57142857143,14895.07142857143
5,2023-06-22,14725,1418,1,0,0,0,b,a,869,2023,6,25,3,2,0,17985.0,15429.0,12039.0,15749.42857142857,14931.142857142857
5,2023-06-23,16575,1498,1,1,0,0,b,a,869,2023,6,25,4,2,0,16717.0,15607.0,11344.0,15283.714285714286,15027.07142857143
5,2023-06-24,11988,1204,1,0,0,0,b,a,869,2023,6,25,5,2,1,12941.0,13577.0,15485.0,15263.42857142857,15213.892857142857
5,2023-06-26,16809,1392,1,1,0,0,b,a,869,2023,6,26,0,2,0,14848.0,15995.0,15706.0,15127.285714285714,15089.0
5,2023-06-27,17529,1267,1,1,0,0,b,a,869,2023,6,26,1,2,0,13961.0,12035.0,14964.0,15407.42857142857,15128.392857142857
5,2023-06-28,14322,1597,1,0,0,0,b,a,869,2023,6,26,2,2,0,17511.0,14213.0,15105.0,15917.142857142857,15220.0
5,2023-06-29,14006,1050,1,0,0,0,b,a,869,2023,6,26,3,2,0,16283.0,17607.0,14709.0,15461.57142857143,15192.035714285714
5,2023-06-30,15385,1348,1,1,0,0,b,a,869,2023,6,26,4,2,0,14725.0,17985.0,13856.0,15136.285714285714,15166.92857142857
5,2023-07-01,16106,1948,1,1,0,1,b,a,869,2023,7,26,5,3,1,16575.0,16717.0,16002.0,15230.57142857143,15221.535714285714
5,2023-07-03,15615,1853,1,0,0,1,b,a,869,2023,7,27,0,3,0,11988.0,12941.0,16967.0,15163.57142857143,15225.25
5,2023-07-04,15558,1647,1,0,0,1,b,a,869,2023,7,27,1,3,0,16809.0,14848.0,15823.0,15681.714285714286,15176.964285714286
5,2023-07-05,15339,1372,1,0,0,1,b,a,869,2023,7,27,2,3,0,17529.0,13961.0,12440.0,15503.0,15167.5
5,2023-07-06,16357,1202,1,0,0,1,b,a,869,2023,7,27,3,3,0,14322.0,17511.0,15214.0,15190.142857142857,15271.035714285714
5,2023-07-07,15107,1081,1,0,0,1,b,a,869,2023,7,27,4,3,0,14006.0,16283.0,13709.0,15480.857142857143,15311.857142857143
5,2023-07-08,15223,1350,1,1,0,1,b,a,869,2023,7,27,5,3,1,15385.0,14725.0,15429.0,15638.142857142857,15361.785714285714
5,2023-07-10,18064,1541,1,1,0,1,b,a,869,2023,7,28,0,3,0,16106.0,16575.0,15607.0,15615.0,15354.42857142857
5,2023-07-11,18044,1701,1,1,0,1,b,a,869,2023,7,28,1,3,0,15615.0,11988.0,13577.0,15894.714285714286,15442.17857142857
5,2023-07-12,15936,1763,1,0,0,1,b,a,869,2023,7,28,2,3,0,15558.0,16809.0,15995.0,16241.714285714286,15601.714285714286
5,2023-07-13,15564,1857,1,0,0,1,b,a,869,2023,7,28,3,3,0,15339.0,17529.0,12035.0,16295.714285714286,15599.607142857143
5,2023-07-14,14924,1185,1,1,0,1,b,a,869,2023,7,28,4,3,0,16357.0,14322.0,14213.0,16327.857142857143,15725.642857142857
5,2023-07-15,16007,1431,1,1,0,1,b,a,869,2023,7,28,5,3,1,15107.0,14006.0,17607.0,16123.142857142857,15751.035714285714
5,2023-07-17,16270,1303,1,1,0,1,b,a,869,2023,7,29,0,3,0,15223.0,15385.0,17985.0,16251.714285714286,15693.892857142857
5,2023-07-18,18020,2227,1,1,0,1,b,a,869,2023,7,29,1,3,0,18064.0,16106.0,16717.0,16401.285714285714,15632.642857142857
5,2023-07-19,18523,2156,1,1,0,1,b,a,869,2023,7,29,2,3,0,18044.0,15615.0,12941.0,16395.0,15679.17857142857
5,2023-07-20,14977,1272,1,0,0,1,b,a,869,2023,7,29,3,3,0,15936.0,15558.0,14848.0,16463.428571428572,15878.535714285714
5,2023-07-21,17067,1724,1,1,0,1,b,a,869,2023,7,29,4,3,0,15564.0,15339.0,13961.0,16326.42857142857,15883.142857142857
5,2023-07-22,12344,1008,1,0,0,1,b,a,869,2023,7,29,5,3,1,14924.0,16357.0,17511.0,16541.14285714286,15994.07142857143
5,2023-07-24,16510,1299,1,1,0,1,b,a,869,2023,7,30,0,3,0,16007.0,15107.0,16283.0,16172.57142857143,15809.535714285714
5,2023-07-25,16194,1591,1,0,0,1,b,a,869,2023,7,30,1,3,0,16270.0,15223.0,14725.0,16244.42857142857,15817.642857142857
5,2023-07-26,15837,1213,1,0,0,1,b,a,869,2023,7,30,2,3,0,18020.0,18064.0,16575.0,16233.57142857143,15870.107142857143
5,2023-07-27,15763,1175,1,0,0,1,b,a,869,2023,7,30,3,3,0,18523.0,18044.0,11988.0,15921.714285714286,15843.75
5,2023-07-28,14040,1386,1,0,0,1,b,a,869,2023,7,30,4,3,0,14977.0,15936.0,16809.0,15527.42857142857,15978.57142857143
5,2023-07-29,15446,1336,1,1,0,1,b,a,869,2023,7,30,5,3,1,17067.0,15564.0,17529.0,15393.57142857143,15879.67857142857
5,2023-07-31,16934,1769,1,1,0,1,b,a,869,2023,7,31,0,3,0,12344.0,14924.0,14322.0,15162.0,15805.285714285714
5,2023-08-01,17374,1398,1,1,0,1,b,a,869,2023,8,31,1,3,0,16510.0,16007.0,14006.0,15817.714285714286,15898.57142857143
5,2023-08-02,18716,1973,1,1,0,1,b,a,869,2023,8,31,2,3,0,16194.0,16270.0,15385.0,15941.142857142857,16018.857142857143
5,2023-08-03,17060,1894,1,1,0,1,b,a,869,2023,8,31,3,3,0,15837.0,18020.0,16106.0,16301.42857142857,16137.82142857143
5,2023-08-04,14897,1300,1,0,0,1,b,a,869,2023,8,31,4,3,0,15763.0,18523.0,15615.0,16476.14285714286,16171.892857142857
5,2023-08-05,15252,1359,1,1,0,1,b,a,869,2023,8,31,5,3,1,14040.0,14977.0,15558.0,16352.42857142857,16146.25
5,2023-08-07,15531,1729,1,0,0,1,b,a,869,2023,8,32,0,3,0,15446.0,17067.0,15339.0,16525.571428571428,16135.32142857143
5,2023-08-08,16826,1226,1,0,0,1,b,a,869,2023,8,32,1,3,0,16934.0,12344.0,16357.0,16537.714285714286,16142.17857142857
5,2023-08-09,16167,1389,1,1,0,1,b,a,869,2023,8,32,2,3,0,17374.0,16510.0,15107.0,16522.285714285714,16158.92857142857
5,2023-08-10,15029,1364,1,0,0,1,b,a,869,2023,8,32,3,3,0,18716.0,16194.0,15223.0,16349.857142857143,16196.785714285714
5,2023-08-11,14644,1597,1,0,0,1,b,a,869,2023,8,32,4,3,0,17060.0,15837.0,18064.0,15823.142857142857,16189.857142857143
5,2023-08-12,15407,1598,1,1,0,1,b,a,869,2023,8,32,5,3,1,14897.0,15763.0,18044.0,15478.0,16067.714285714286
5,2023-08-14,16294,1338,1,1,0,1,b,a,869,2023,8,33,0,3,0,15252.0,14040.0,15936.0,15550.857142857143,15973.535714285714
5,2023-08-15,15679,1186,1,0,0,1,b,a,869,2023,8,33,1,3,0,15531.0,15446.0,15564.0,15699.714285714286,15986.32142857143
5,2023-08-16,18753,1419,1,1,0,1,b,a,869,2023,8,33,2,3,0,16826.0,16934.0,14924.0,15720.857142857143,15990.42857142857
5,2023-08-17,14786,1388,1,0,0,1,b,a,869,2023,8,33,3,3,0,16167.0,17374.0,16007.0,15996.142857142857,16127.17857142857
5,2023-08-18,15709,1453,1,1,0,1,b,a,869,2023,8,33,4,3,0,15029.0,18716.0,16270.0,15798.857142857143,16083.57142857143
5,2023-08-19,14255,1065,1,1,0,1,b,a,869,2023,8,33,5,3,1,14644.0,17060.0,18020.0,15896.0,16063.535714285714
5,2023-08-21,13410,1052,1,0,0,1,b,a,869,2023,8,34,0,3,0,15407.0,14897.0,18523.0,15840.42857142857,15929.07142857143
5,2023-08-22,15402,1226,1,0,0,1,b,a,869,2023,8,34,1,3,0,16294.0,15252.0,14977.0,15555.142857142857,15746.464285714286
5,2023-08-23,15986,1459,1,0,0,1,b,a,869,2023,8,34,2,3,0,15679.0,15531.0,17067.0,15427.714285714286,15761.642857142857
5,2023-08-24,16497,1826,1,1,0,1,b,a,869,2023,8,34,3,3,0,18753.0,16826.0,12344.0,15471.57142857143,15723.035714285714
5,2023-08-25,14379,1578,1,1,0,1,b,a,869,2023,8,34,4,3,0,14786.0,16167.0,16510.0,15149.285714285714,15871.357142857143
5,2023-08-26,12628,1015,1,0,0,1,b,a,869,2023,8,34,5,3,1,15709.0,15029.0,16194.0,15091.142857142857,15795.25
5,2023-08-28,17579,2020,1,1,0,1,b,a,869,2023,8,35,0,3,0,14255.0,14644.0,15837.0,14651.0,15667.892857142857
5,2023-08-29,16863,2057,1,1,0,1,b,a,869,2023,8,35,1,3,0,13410.0,15407.0,15763.0,15125.857142857143,15730.107142857143
5,2023-08-30,14352,1446,1,0,0,1,b,a,869,2023,8,35,2,3,0,15402.0,16294.0,14040.0,15619.142857142857,15769.392857142857
5,2023-08-31,14750,1066,1,0,0,1,b,a,869,2023,8,35,3,3,0,15986.0,15679.0,15446.0,15469.142857142857,15780.535714285714
5,2023-09-01,14790,1565,1,1,0,0,b,a,869,2023,9,35,4,3,0,16497.0,18753.0,16934.0,15292.57142857143,15755.67857142857
5,2023-09-02,10839,900,1,0,0,0,b,a,869,2023,9,35,5,3,1,14379.0,14786.0,17374.0,15048.714285714286,15679.107142857143
5,2023-09-04,12083,1171,1,0,0,0,b,a,869,2023,9,36,0,3,0,12628.0,15709.0,18716.0,14543.0,15445.714285714286
5,2023-09-05,14091,1624,1,0,0,0,b,a,869,2023,9,36,1,3,0,17579.0,14255.0,17060.0,14465.142857142857,15208.82142857143
5,2023-09-06,16057,1556,1,1,0,0,b,a,869,2023,9,36,2,3,0,16863.0,13410.0,14897.0,13966.857142857143,15102.785714285714
5,2023-09-07,13625,1447,1,0,0,0,b,a,869,2023,9,36,3,3,0,14352.0,15402.0,15252.0,13851.714285714286,15144.214285714286
5,2023-09-08,15119,1827,1,1,0,0,b,a,869,2023,9,36,4,3,0,14750.0,15986.0,15531.0,13747.857142857143,15086.107142857143
5,2023-09-09,11959,1228,1,0,0,0,b,a,869,2023,9,36,5,3,1,14790.0,16497.0,16826.0,13800.57142857143,15071.392857142857
5,2023-09-11,13345,1014,1,0,0,0,b,a,869,2023,9,37,0,3,0,10839.0,14379.0,16167.0,13396.142857142857,14897.57142857143
5,2023-09-12,13748,1021,1,0,0,0,b,a,869,2023,9,37,1,3,0,12083.0,12628.0,15029.0,13754.142857142857,14796.785714285714
5,2023-09-13,12957,1028,1,0,0,0,b,a,869,2023,9,37,2,3,0,14091.0,17579.0,14644.0,13992.0,14751.035714285714
5,2023-09-14,16291,1180,1,1,0,0,b,a,869,2023,9,37,3,3,0,16057.0,16863.0,15407.0,13830.0,14690.785714285714
5,2023-09-15,11578,1306,1,0,0,0,b,a,869,2023,9,37,4,3,0,13625.0,14352.0,16294.0,13863.42857142857,14722.357142857143
5,2023-09-16,12712,1111,1,1,0,0,b,a,869,2023,9,37,5,3,1,15119.0,14750.0,15679.0,13571.0,14553.92857142857
5,2023-09-18,15768,1247,1,1,0,0,b,a,869,2023,9,38,0,3,0,11959.0,14790.0,18753.0,13227.142857142857,14447.964285714286
5,2023-09-19,14319,1209,1,1,0,0,b,a,869,2023,9,38,1,3,0,13345.0,10839.0,14786.0,13771.285714285714,14341.357142857143
5,2023-09-20,13241,1144,1,0,0,0,b,a,869,2023,9,38,2,3,0,13748.0,12083.0,15709.0,13910.42857142857,14324.67857142857
5,2023-09-21,12802,1054,1,0,0,0,b,a,869,2023,9,38,3,3,0,12957.0,14091.0,14255.0,13838.0,14236.535714285714
5,2023-09-22,12882,1175,1,1,0,0,b,a,869,2023,9,38,4,3,0,16291.0,16057.0,13410.0,13815.857142857143,14184.642857142857
5,2023-09-23,11804,1126,1,0,0,0,b,a,869,2023,9,38,5,3,1,11578.0,13625.0,15402.0,13328.857142857143,14165.785714285714
5,2023-09-25,13906,1259,1,1,0,0,b,a,869,2023,9,39,0,3,0,12712.0,15119.0,15986.0,13361.142857142857,14037.285714285714
5,2023-09-26,12153,1446,1,0,0,0,b,a,869,2023,9,39,1,3,0,15768.0,11959.0,16497.0,13531.714285714286,13963.0
5,2023-09-27,13473,1225,1,0,0,0,b,a,869,2023,9,39,2,3,0,14319.0,13345.0,14379.0,13015.285714285714,13807.857142857143
5,2023-09-28,15265,1459,1,1,0,0,b,a,869,2023,9,39,3,3,0,13241.0,13748.0,12628.0,12894.42857142857,13775.5
5,2023-09-29,14074,1227,1,1,0,0,b,a,869,2023,9,39,4,3,0,12802.0,12957.0,17579.0,13183.57142857143,13869.67857142857
5,2023-09-30,10982,1199,1,0,0,0,b,a,869,2023,9,39,5,3,1,12882.0,16291.0,16863.0,13365.285714285714,13744.5
5,2023-10-02,14002,1682,1,1,0,0,b,a,869,2023,10,40,0,4,0,11804.0,11578.0,14352.0,13093.857142857143,13534.464285714286
5,2023-10-03,13479,1533,1,0,0,0,b,a,869,2023,10,40,1,4,0,13906.0,12712.0,14750.0,13407.857142857143,13521.964285714286
5,2023-10-04,14185,1093,1,1,0,0,b,a,869,2023,10,40,2,4,0,12153.0,15768.0,14790.0,13346.857142857143,13476.57142857143
5,2023-10-05,14907,1148,1,1,0,0,b,a,869,2023,10,40,3,4,0,13473.0,14319.0,10839.0,13637.142857142857,13454.964285714286
5,2023-10-06,11043,904,1,0,0,0,b,a,869,2023,10,40,4,4,0,15265.0,13241.0,12083.0,13842.0,13600.25
5,2023-10-07,11174,1037,1,1,0,0,b,a,869,2023,10,40,5,4,1,14074.0,12802.0,14091.0,13238.857142857143,13563.107142857143
5,2023-10-09,12198,1202,1,0,0,0,b,a,869,2023,10,41,0,4,0,10982.0,12882.0,16057.0,12824.57142857143,13458.92857142857
5,2023-10-10,16138,1770,1,1,0,0,b,a,869,2023,10,41,1,4,0,14002.0,11804.0,13625.0,12998.285714285714,13321.107142857143
5,2023-10-11,15669,1860,1,1,0,0,b,a,869,2023,10,41,2,4,0,13479.0,13906.0,15119.0,13303.42857142857,13410.857142857143
5,2023-10-12,11206,1350,1,0,0,0,b,a,869,2023,10,41,3,4,0,14185.0,12153.0,11959.0,13616.285714285714,13430.5
5,2023-10-13,13642,1383,1,1,0,0,b,a,869,2023,10,41,4,4,0,14907.0,13473.0,13345.0,13190.714285714286,13403.607142857143
5,2023-10-14,9951,1097,1,0,0,0,b,a,869,2023,10,41,5,4,1,11043.0,15265.0,13748.0,13010.0,13414.214285714286
5,2023-10-16,13224,1331,1,1,0,0,b,a,869,2023,10,42,0,4,0,11174.0,14074.0,12957.0,12854.0,13278.607142857143
5,2023-10-17,14392,1186,1,1,0,0,b,a,869,2023,10,42,1,4,0,12198.0,10982.0,16291.0,13146.857142857143,13288.142857142857
5,2023-10-18,13740,1183,1,1,0,0,b,a,869,2023,10,42,2,4,0,16138.0,14002.0,11578.0,13460.285714285714,13220.32142857143
5,2023-10-19,13832,1039,1,1,0,0,b,a,869,2023,10,42,3,4,0,15669.0,13479.0,12712.0,13117.714285714286,13297.535714285714
5,2023-10-20,9480,1137,1,0,0,0,b,a,869,2023,10,42,4,4,0,11206.0,14185.0,15768.0,12855.285714285714,13337.535714285714
5,2023-10-21,8840,967,1,0,0,0,b,a,869,2023,10,42,5,4,1,13642.0,14907.0,14319.0,12608.714285714286,13112.964285714286
5,2023-10-23,11562,989,1,0,0,0,b,a,869,2023,10,43,0,4,0,9951.0,11043.0,13241.0,11922.714285714286,12917.285714285714
5,2023-10-24,12688,927,1,0,0,0,b,a,869,2023,10,43,1,4,0,13224.0,11174.0,12802.0,12152.857142857143,12857.32142857143
5,2023-10-25,13326,1049,1,1,0,0,b,a,869,2023,10,43,2,4,0,14392.0,12198.0,12882.0,12076.285714285714,12853.25
5,2023-10-26,11297,879,1,0,0,0,b,a,869,2023,10,43,3,4,0,13740.0,16138.0,11804.0,11924.0,12869.107142857143
5,2023-10-27,9120,697,1,0,0,0,b,a,869,2023,10,43,4,4,0,13832.0,15669.0,13906.0,11575.0,12851.0
5,2023-10-28,11351,1291,1,1,0,0,b,a,869,2023,10,43,5,4,1,9480.0,11206.0,12153.0,10901.857142857143,12680.07142857143
5,2023-10-30,12142,1491,1,1,0,0,b,a,869,2023,10,44,0,4,0,8840.0,13642.0,13473.0,11169.142857142857,12651.42857142857
5,2023-10-31,12273,887,1,0,0,0,b,a,869,2023,10,44,1,4,0,11562.0,9951.0,15265.0,11640.857142857143,12603.892857142857
5,2023-11-01,12250,1302,1,0,0,0,b,a,869,2023,11,44,2,4,0,12688.0,13224.0,14074.0,11742.42857142857,12497.035714285714
5,2023-11-02,11794,1430,1,0,0,0,b,a,869,2023,11,44,3,4,0,13326.0,14392.0,10982.0,11679.857142857143,12431.892857142857
5,2023-11-03,9398,806,1,0,0,0,b,a,869,2023,11,44,4,4,0,11297.0,13740.0,14002.0,11461.0,12460.892857142857
5,2023-11-04,10564,823,1,1,0,0,b,a,869,2023,11,44,5,4,1,9120.0,13832.0,13479.0,11189.714285714286,12296.464285714286
5,2023-11-06,11582,1341,1,0,0,0,b,a,869,2023,11,45,0,4,0,11351.0,9480.0,14185.0,11396.0,12192.357142857143
5,2023-11-07,13484,1518,1,1,0,0,b,a,869,2023,11,45,1,4,0,12142.0,8840.0,14907.0,11429.0,12099.392857142857
5,2023-11-08,12225,1259,1,1,0,0,b,a,869,2023,11,45,2,4,0,12273.0,11562.0,11043.0,11620.714285714286,12048.57142857143
5,2023-11-09,13798,1507,1,1,0,0,b,a,869,2023,11,45,3,4,0,12250.0,12688.0,11174.0,11613.857142857143,12090.785714285714
5,2023-11-10,10996,1327,1,0,0,0,b,a,869,2023,11,45,4,4,0,11794.0,13326.0,12198.0,11835.0,12184.5
5,2023-11-11,9762,957,1,0,0,0,b,a,869,2023,11,45,5,4,1,9398.0,11297.0,16138.0,11721.0,12141.57142857143
5,2023-11-13,12098,1137,1,1,0,0,b,a,869,2023,11,46,0,4,0,10564.0,9120.0,15669.0,11773.0,11913.857142857143
5,2023-11-14,13697,1061,1,1,0,0,b,a,869,2023,11,46,1,4,0,11582.0,11351.0,11206.0,11992.142857142857,11786.32142857143
5,2023-11-15,14384,1364,1,1,0,0,b,a,869,2023,11,46,2,4,0,13484.0,12142.0,13642.0,12294.285714285714,11875.285714285714
5,2023-11-16,10910,782,1,0,0,0,b,a,869,2023,11,46,3,4,0,12225.0,12273.0,9951.0,12422.857142857143,11901.785714285714
5,2023-11-17,11183,1122,1,1,0,0,b,a,869,2023,11,46,4,4,0,13798.0,12250.0,13224.0,12235.0,11936.035714285714
5,2023-11-18,10412,1287,1,1,0,0,b,a,869,2023,11,46,5,4,1,10996.0,11794.0,14392.0,11861.42857142857,11863.142857142857
5,2023-11-20,10811,815,1,0,0,0,b,a,869,2023,11,47,0,4,0,9762.0,9398.0,13740.0,11778.0,11721.0
5,2023-11-21,12562,984,1,1,0,0,b,a,869,2023,11,47,1,4,0,12098.0,10564.0,13832.0,11927.857142857143,11616.392857142857
5,2023-11-22,12837,1012,1,1,0,0,b,a,869,2023,11,47,2,4,0,13697.0,11582.0,9480.0,11994.142857142857,11571.035714285714
5,2023-11-23,12866,1368,1,1,0,0,b,a,869,2023,11,47,3,4,0,14384.0,13484.0,8840.0,11871.285714285714,11690.92857142857
5,2023-11-24,10421,1009,1,1,0,0,b,a,869,2023,11,47,4,4,0,10910.0,12225.0,11562.0,11654.42857142857,11834.714285714286
5,2023-11-25,11555,1155,1,1,0,0,b,a,869,2023,11,47,5,4,1,11183.0,13798.0,12688.0,11584.57142857143,11793.964285714286
5,2023-11-27,9711,830,1,0,0,0,b,a,869,2023,11,48,0,4,0,10412.0,10996.0,13326.0,11637.714285714286,11753.5
5,2023-11-28,11124,1006,1,0,0,0,b,a,869,2023,11,48,1,4,0,10811.0,9762.0,11297.0,11537.57142857143,11624.392857142857
5,2023-11-29,13789,1045,1,1,0,0,b,a,869,2023,11,48,2,4,0,12562.0,12098.0,9120.0,11582.285714285714,11618.214285714286
5,2023-11-30,10694,1056,1,0,0,0,b,a,869,2023,11,48,3,4,0,12837.0,13697.0,11351.0,11757.57142857143,11784.964285714286
5,2023-12-01,8683,871,1,0,0,0,b,a,869,2023,12,48,4,4,0,12866.0,14384.0,12142.0,11451.42857142857,11761.5
5,2023-12-02,8796,629,1,0,0,0,b,a,869,2023,12,48,5,4,1,10421.0,10910.0,12273.0,10853.857142857143,11637.964285714286
5,2023-12-04,12764,1323,1,1,0,0,b,a,869,2023,12,49,0,4,0,11555.0,11183.0,12250.0,10621.714285714286,11513.785714285714
5,2023-12-05,11572,1417,1,0,0,0,b,a,869,2023,12,49,1,4,0,9711.0,10412.0,11794.0,10794.42857142857,11532.142857142857
5,2023-12-06,10861,808,1,0,0,0,b,a,869,2023,12,49,2,4,0,11124.0,10811.0,9398.0,11060.285714285714,11524.214285714286
5,2023-12-07,11990,910,1,1,0,0,b,a,869,2023,12,49,3,4,0,13789.0,12562.0,10564.0,11022.714285714286,11576.464285714286
5,2023-12-08,10792,1131,1,1,0,0,b,a,869,2023,12,49,4,4,0,10694.0,12837.0,11582.0,10765.714285714286,11627.392857142857
5,2023-12-09,8774,681,1,0,0,0,b,a,869,2023,12,49,5,4,1,8683.0,12866.0,13484.0,10779.714285714286,11599.17857142857
5,2023-12-11,10169,754,1,0,0,0,b,a,869,2023,12,50,0,4,0,8796.0,10421.0,12225.0,10792.714285714286,11430.964285714286
5,2023-12-12,11155,992,1,0,0,0,b,a,869,2023,12,50,1,4,0,12764.0,11555.0,13798.0,10988.857142857143,11357.535714285714
5,2023-12-13,12591,1483,1,1,0,0,b,a,869,2023,12,50,2,4,0,11572.0,9711.0,10996.0,10759.0,11263.142857142857
5,2023-12-14,13056,1584,1,1,0,0,b,a,869,2023,12,50,3,4,0,10861.0,11124.0,9762.0,10904.57142857143,11320.107142857143
5,2023-12-15,10281,835,1,1,0,0,b,a,869,2023,12,50,4,4,0,11990.0,13789.0,12098.0,11218.142857142857,11437.75
5,2023-12-16,8489,653,1,0,0,0,b,a,869,2023,12,50,5,4,1,10792.0,10694.0,13697.0,10974.0,11372.857142857143
5,2023-12-18,8662,910,1,0,0,0,b,a,869,2023,12,51,0,4,0,8774.0,8683.0,14384.0,10645.0,11186.857142857143
5,2023-12-19,10648,1327,1,0,0,0,b,a,869,2023,12,51,1,4,0,10169.0,8796.0,10910.0,10629.0,10982.5
5,2023-12-20,13399,1098,1,1,0,0,b,a,869,2023,12,51,2,4,0,11155.0,12764.0,11183.0,10697.42857142857,10973.142857142857
5,2023-12-21,10279,934,1,0,0,0,b,a,869,2023,12,51,3,4,0,12591.0,11572.0,10412.0,11018.0,11052.285714285714
5,2023-12-22,9161,684,1,0,0,0,b,a,869,2023,12,51,4,4,0,13056.0,10861.0,10811.0,10687.714285714286,11047.535714285714
5,2023-12-23,7851,625,1,0,0,0,b,a,869,2023,12,51,5,4,1,10281.0,11990.0,12562.0,10131.285714285714,10988.607142857143
5,2023-12-26,12523,1074,1,1,0,0,b,a,869,2023,12,52,1,4,0,8489.0,10792.0,12837.0,9784.142857142857,10820.357142857143
5,2023-12-27,11815,1164,1,0,0,0,b,a,869,2023,12,52,2,4,0,8662.0,8774.0,12866.0,10360.42857142857,10809.142857142857
5,2023-12-28,12773,1265,1,1,0,0,b,a,869,2023,12,52,3,4,0,10648.0,10169.0,10421.0,10810.857142857143,10771.607142857143
5,2023-12-29,11135,805,1,1,0,0,b,a,869,2023,12,52,4,4,0,13399.0,11155.0,11555.0,11114.42857142857,10855.607142857143
5,2023-12-30,10004,1032,1,1,0,0,b,a,869,2023,12,52,5,4,1,10279.0,12591.0,9711.0,10791.0,10840.607142857143
