Store,Date,Sales,Customers,Open,Promo,StateHoliday,SchoolHoliday,StoreType,Assortment,CompetitionDistance
1,2020-01-01,0,0,0,0,a,0,c,a,5490
1,2020-01-02,6374,700,1,1,0,0,c,a,5490
1,2020-01-03,4580,410,1,0,0,0,c,a,5490
1,2020-01-04,4682,529,1,0,0,0,c,a,5490
1,2020-01-05,0,0,0,0,0,0,c,a,5490
1,2020-01-06,4536,444,1,0,0,0,c,a,5490
1,2020-01-07,5482,494,1,0,0,0,c,a,5490
1,2020-01-08,7254,876,1,1,0,0,c,a,5490
1,2020-01-09,6383,743,1,1,0,0,c,a,5490
1,2020-01-10,6315,593,1,1,0,0,c,a,5490
1,2020-01-11,4186,311,1,0,0,0,c,a,5490
1,2020-01-12,0,0,0,0,0,0,c,a,5490
1,2020-01-13,5146,429,1,0,0,0,c,a,5490
1,2020-01-14,6818,748,1,0,0,0,c,a,5490
1,2020-01-15,7515,594,1,1,0,0,c,a,5490
1,2020-01-16,6732,497,1,1,0,0,c,a,5490
1,2020-01-17,5177,564,1,0,0,0,c,a,5490
1,2020-01-18,4044,420,1,0,0,0,c,a,5490
1,2020-01-19,0,0,0,0,0,0,c,a,5490
1,2020-01-20,5736,565,1,1,0,0,c,a,5490
1,2020-01-21,5367,418,1,0,0,0,c,a,5490
1,2020-01-22,6008,431,1,0,0,0,c,a,5490
1,2020-01-23,6924,559,1,1,0,0,c,a,5490
1,2020-01-24,6385,756,1,1,0,0,c,a,5490
1,2020-01-25,3910,466,1,0,0,0,c,a,5490
1,2020-01-26,0,0,0,0,0,0,c,a,5490
1,2020-01-27,5677,570,1,0,0,0,c,a,5490
1,2020-01-28,7336,677,1,1,0,0,c,a,5490
1,2020-01-29,6138,499,1,0,0,0,c,a,5490
1,2020-01-30,7344,669,1,1,0,0,c,a,5490
1,2020-01-31,5096,482,1,0,0,0,c,a,5490
1,2020-02-01,4019,363,1,0,0,0,c,a,5490
1,2020-02-02,0,0,0,0,0,0,c,a,5490
1,2020-02-03,6885,725,1,1,0,0,c,a,5490
1,2020-02-04,5645,667,1,0,0,0,c,a,5490
1,2020-02-05,6393,712,1,0,0,0,c,a,5490
1,2020-02-06,7049,532,1,1,0,0,c,a,5490
1,2020-02-07,6649,729,1,1,0,0,c,a,5490
1,2020-02-08,6330,473,1,1,0,0,c,a,5490
1,2020-02-09,0,0,0,0,0,0,c,a,5490
1,2020-02-10,5497,634,1,0,0,0,c,a,5490
1,2020-02-11,6532,496,1,0,0,0,c,a,5490
1,2020-02-12,6095,550,1,0,0,0,c,a,5490
1,2020-02-13,5656,564,1,0,0,0,c,a,5490
1,2020-02-14,6197,623,1,1,0,0,c,a,5490
1,2020-02-15,4397,317,1,0,0,0,c,a,5490
1,2020-02-16,0,0,0,0,0,0,c,a,5490
1,2020-02-17,7227,759,1,1,0,0,c,a,5490
1,2020-02-18,5743,698,1,0,0,0,c,a,5490
1,2020-02-19,7089,643,1,1,0,0,c,a,5490
1,2020-02-20,6105,646,1,0,0,0,c,a,5490
1,2020-02-21,5174,473,1,0,0,0,c,a,5490
1,2020-02-22,6321,502,1,1,0,0,c,a,5490
1,2020-02-23,0,0,0,0,0,0,c,a,5490
1,2020-02-24,5219,421,1,0,0,0,c,a,5490
1,2020-02-25,6817,607,1,0,0,0,c,a,5490
1,2020-02-26,6978,536,1,0,0,0,c,a,5490
1,2020-02-27,6702,827,1,0,0,0,c,a,5490
1,2020-02-28,5736,612,1,0,0,0,c,a,5490
1,2020-02-29,6362,616,1,1,0,0,c,a,5490
1,2020-03-01,0,0,0,0,0,0,c,a,5490
1,2020-03-02,6592,746,1,1,0,0,c,a,5490
1,2020-03-03,6275,524,1,0,0,0,c,a,5490
1,2020-03-04,7943,700,1,1,0,0,c,a,5490
1,2020-03-05,6060,452,1,0,0,0,c,a,5490
1,2020-03-06,6610,560,1,1,0,0,c,a,5490
1,2020-03-07,5643,421,1,0,0,0,c,a,5490
1,2020-03-08,0,0,0,0,0,0,c,a,5490
1,2020-03-09,6751,532,1,1,0,0,c,a,5490
1,2020-03-10,7791,967,1,1,0,0,c,a,5490
1,2020-03-11,7048,588,1,0,0,0,c,a,5490
1,2020-03-12,6396,526,1,0,0,0,c,a,5490
1,2020-03-13,6368,681,1,1,0,0,c,a,5490
1,2020-03-14,6153,493,1,1,0,0,c,a,5490
1,2020-03-15,0,0,0,0,0,0,c,a,5490
1,2020-03-16,6798,519,1,1,0,0,c,a,5490
1,2020-03-17,7520,736,1,1,0,0,c,a,5490
1,2020-03-18,6928,732,1,0,0,0,c,a,5490
1,2020-03-19,7966,675,1,1,0,0,c,a,5490
1,2020-03-20,6894,625,1,1,0,0,c,a,5490
1,2020-03-21,6054,490,1,1,0,0,c,a,5490
1,2020-03-22,0,0,0,0,0,0,c,a,5490
1,2020-03-23,6221,763,1,0,0,0,c,a,5490
1,2020-03-24,7959,576,1,1,0,0,c,a,5490
1,2020-03-25,8460,644,1,1,0,0,c,a,5490
1,2020-03-26,7034,710,1,0,0,0,c,a,5490
1,2020-03-27,5859,516,1,0,0,0,c,a,5490
1,2020-03-28,6989,814,1,1,0,0,c,a,5490
1,2020-03-29,0,0,0,0,0,0,c,a,5490
1,2020-03-30,8216,589,1,1,0,0,c,a,5490
1,2020-03-31,7417,596,1,0,0,0,c,a,5490
1,2020-04-01,8352,683,1,1,0,0,c,a,5490
1,2020-04-02,7136,554,1,0,0,0,c,a,5490
1,2020-04-03,7065,524,1,1,0,0,c,a,5490
1,2020-04-04,6305,529,1,0,0,0,c,a,5490
1,2020-04-05,0,0,0,0,0,0,c,a,5490
1,2020-04-06,7699,602,1,1,0,0,c,a,5490
1,2020-04-07,7876,919,1,1,0,0,c,a,5490
1,2020-04-08,7913,963,1,1,0,0,c,a,5490
1,2020-04-09,6259,542,1,0,0,0,c,a,5490
1,2020-04-10,0,0,0,0,a,0,c,a,5490
1,2020-04-11,6045,735,1,0,0,0,c,a,5490
1,2020-04-12,0,0,0,0,0,0,c,a,5490
1,2020-04-13,7508,674,1,1,0,0,c,a,5490
1,2020-04-14,8343,897,1,1,0,0,c,a,5490
1,2020-04-15,9557,808,1,1,0,0,c,a,5490
1,2020-04-16,8955,646,1,1,0,0,c,a,5490
1,2020-04-17,6855,712,1,0,0,0,c,a,5490
1,2020-04-18,5819,686,1,0,0,0,c,a,5490
1,2020-04-19,0,0,0,0,0,0,c,a,5490
1,2020-04-20,6554,725,1,0,0,0,c,a,5490
1,2020-04-21,8107,853,1,0,0,0,c,a,5490
1,2020-04-22,8002,826,1,0,0,0,c,a,5490
1,2020-04-23,8881,714,1,1,0,0,c,a,5490
1,2020-04-24,7242,763,1,1,0,0,c,a,5490
1,2020-04-25,6913,550,1,0,0,0,c,a,5490
1,2020-04-26,0,0,0,0,0,0,c,a,5490
1,2020-04-27,6903,803,1,0,0,0,c,a,5490
1,2020-04-28,8331,768,1,0,0,0,c,a,5490
1,2020-04-29,7016,599,1,0,0,0,c,a,5490
1,2020-04-30,8037,971,1,1,0,0,c,a,5490
1,2020-05-01,6762,514,1,0,0,0,c,a,5490
1,2020-05-02,8394,934,1,1,0,0,c,a,5490
1,2020-05-03,0,0,0,0,0,0,c,a,5490
1,2020-05-04,7052,612,1,0,0,0,c,a,5490
1,2020-05-05,8921,778,1,1,0,0,c,a,5490
1,2020-05-06,7678,681,1,0,0,0,c,a,5490
1,2020-05-07,9477,918,1,1,0,0,c,a,5490
1,2020-05-08,7833,790,1,1,0,0,c,a,5490
1,2020-05-09,7702,946,1,1,0,0,c,a,5490
1,2020-05-10,0,0,0,0,0,0,c,a,5490
1,2020-05-11,8166,670,1,1,0,0,c,a,5490
1,2020-05-12,8885,669,1,1,0,0,c,a,5490
1,2020-05-13,8945,986,1,1,0,0,c,a,5490
1,2020-05-14,9124,710,1,1,0,0,c,a,5490
1,2020-05-15,7453,588,1,1,0,0,c,a,5490
1,2020-05-16,6121,450,1,0,0,0,c,a,5490
1,2020-05-17,0,0,0,0,0,0,c,a,5490
1,2020-05-18,9114,727,1,1,0,0,c,a,5490
1,2020-05-19,7814,582,1,0,0,0,c,a,5490
1,2020-05-20,7945,594,1,0,0,0,c,a,5490
1,2020-05-21,8109,1005,1,0,0,0,c,a,5490
1,2020-05-22,8141,594,1,1,0,0,c,a,5490
1,2020-05-23,7609,665,1,1,0,0,c,a,5490
1,2020-05-24,0,0,0,0,0,0,c,a,5490
1,2020-05-25,7931,795,1,1,0,0,c,a,5490
1,2020-05-26,9060,723,1,1,0,0,c,a,5490
1,2020-05-27,9124,807,1,1,0,0,c,a,5490
1,2020-05-28,7836,588,1,0,0,0,c,a,5490
1,2020-05-29,7421,862,1,0,0,0,c,a,5490
1,2020-05-30,7303,598,1,0,0,0,c,a,5490
1,2020-05-31,0,0,0,0,0,0,c,a,5490
1,2020-06-01,7767,915,1,0,0,0,c,a,5490
1,2020-06-02,8498,610,1,0,0,0,c,a,5490
1,2020-06-03,8765,640,1,0,0,0,c,a,5490
1,2020-06-04,8885,709,1,1,0,0,c,a,5490
1,2020-06-05,6480,482,1,0,0,0,c,a,5490
1,2020-06-06,7458,680,1,0,0,0,c,a,5490
1,2020-06-07,0,0,0,0,0,0,c,a,5490
1,2020-06-08,7360,844,1,0,0,0,c,a,5490
1,2020-06-09,8211,690,1,0,0,0,c,a,5490
1,2020-06-10,9725,948,1,1,0,0,c,a,5490
1,2020-06-11,8013,606,1,0,0,0,c,a,5490
1,2020-06-12,7347,526,1,0,0,0,c,a,5490
1,2020-06-13,7290,643,1,0,0,0,c,a,5490
1,2020-06-14,0,0,0,0,0,0,c,a,5490
1,2020-06-15,9696,796,1,1,0,0,c,a,5490
1,2020-06-16,8435,716,1,0,0,0,c,a,5490
1,2020-06-17,9540,813,1,1,0,0,c,a,5490
1,2020-06-18,8397,919,1,0,0,0,c,a,5490
1,2020-06-19,7758,916,1,0,0,0,c,a,5490
1,2020-06-20,7408,532,1,1,0,0,c,a,5490
1,2020-06-21,0,0,0,0,0,0,c,a,5490
1,2020-06-22,8124,630,1,1,0,0,c,a,5490
1,2020-06-23,9599,1069,1,1,0,0,c,a,5490
1,2020-06-24,9896,941,1,1,0,0,c,a,5490
1,2020-06-25,9765,739,1,1,0,0,c,a,5490
1,2020-06-26,7357,571,1,0,0,0,c,a,5490
1,2020-06-27,8014,900,1,1,0,0,c,a,5490
1,2020-06-28,0,0,0,0,0,0,c,a,5490
1,2020-06-29,9003,689,1,1,0,0,c,a,5490
1,2020-06-30,9440,873,1,1,0,0,c,a,5490
1,2020-07-01,8941,677,1,0,0,1,c,a,5490
1,2020-07-02,9696,692,1,1,0,1,c,a,5490
1,2020-07-03,9633,704,1,1,0,1,c,a,5490
1,2020-07-04,8756,923,1,1,0,1,c,a,5490
1,2020-07-05,0,0,0,0,0,1,c,a,5490
1,2020-07-06,7706,640,1,0,0,1,c,a,5490
1,2020-07-07,10184,1003,1,1,0,1,c,a,5490
1,2020-07-08,9067,717,1,0,0,1,c,a,5490
1,2020-07-09,9341,712,1,0,0,1,c,a,5490
1,2020-07-10,9432,905,1,1,0,1,c,a,5490
1,2020-07-11,7533,921,1,0,0,1,c,a,5490
1,2020-07-12,0,0,0,0,0,1,c,a,5490
1,2020-07-13,9930,1070,1,1,0,1,c,a,5490
1,2020-07-14,9140,1130,1,0,0,1,c,a,5490
1,2020-07-15,8283,779,1,0,0,1,c,a,5490
1,2020-07-16,10231,1014,1,1,0,1,c,a,5490
1,2020-07-17,7669,653,1,0,0,1,c,a,5490
1,2020-07-18,9097,664,1,1,0,1,c,a,5490
1,2020-07-19,0,0,0,0,0,1,c,a,5490
1,2020-07-20,8163,854,1,0,0,1,c,a,5490
1,2020-07-21,9067,653,1,0,0,1,c,a,5490
1,2020-07-22,9333,988,1,0,0,1,c,a,5490
1,2020-07-23,7927,903,1,0,0,1,c,a,5490
1,2020-07-24,7383,732,1,0,0,1,c,a,5490
1,2020-07-25,8719,804,1,1,0,1,c,a,5490
1,2020-07-26,0,0,0,0,0,1,c,a,5490
1,2020-07-27,9091,1102,1,1,0,1,c,a,5490
1,2020-07-28,8519,880,1,0,0,1,c,a,5490
1,2020-07-29,8290,813,1,0,0,1,c,a,5490
1,2020-07-30,8341,686,1,0,0,1,c,a,5490
1,2020-07-31,7936,934,1,0,0,1,c,a,5490
1,2020-08-01,8925,659,1,1,0,1,c,a,5490
1,2020-08-02,0,0,0,0,0,1,c,a,5490
1,2020-08-03,8364,669,1,0,0,1,c,a,5490
1,2020-08-04,8388,906,1,0,0,1,c,a,5490
1,2020-08-05,9672,946,1,0,0,1,c,a,5490
1,2020-08-06,8215,657,1,0,0,1,c,a,5490
1,2020-08-07,7982,596,1,0,0,1,c,a,5490
1,2020-08-08,6849,611,1,0,0,1,c,a,5490
1,2020-08-09,0,0,0,0,0,1,c,a,5490
1,2020-08-10,8533,902,1,0,0,1,c,a,5490
1,2020-08-11,7592,739,1,0,0,1,c,a,5490
1,2020-08-12,8261,829,1,0,0,1,c,a,5490
1,2020-08-13,7987,598,1,0,0,1,c,a,5490
1,2020-08-14,9113,829,1,1,0,1,c,a,5490
1,2020-08-15,7379,657,1,0,0,1,c,a,5490
1,2020-08-16,0,0,0,0,0,1,c,a,5490
1,2020-08-17,8826,1006,1,1,0,1,c,a,5490
1,2020-08-18,9035,887,1,0,0,1,c,a,5490
1,2020-08-19,8977,644,1,1,0,1,c,a,5490
1,2020-08-20,9640,1022,1,1,0,1,c,a,5490
1,2020-08-21,7271,811,1,0,0,1,c,a,5490
1,2020-08-22,6775,697,1,0,0,1,c,a,5490
1,2020-08-23,0,0,0,0,0,1,c,a,5490
1,2020-08-24,6769,487,1,0,0,1,c,a,5490
1,2020-08-25,8573,825,1,0,0,1,c,a,5490
1,2020-08-26,9682,1014,1,1,0,1,c,a,5490
1,2020-08-27,8113,675,1,0,0,1,c,a,5490
1,2020-08-28,9258,956,1,1,0,1,c,a,5490
1,2020-08-29,8662,949,1,1,0,1,c,a,5490
1,2020-08-30,0,0,0,0,0,1,c,a,5490
1,2020-08-31,7708,815,1,0,0,1,c,a,5490
1,2020-09-01,6619,567,1,0,0,0,c,a,5490
1,2020-09-02,7363,676,1,0,0,0,c,a,5490
1,2020-09-03,7468,898,1,0,0,0,c,a,5490
1,2020-09-04,6449,533,1,0,0,0,c,a,5490
1,2020-09-05,7687,664,1,1,0,0,c,a,5490
1,2020-09-06,0,0,0,0,0,0,c,a,5490
1,2020-09-07,6275,462,1,0,0,0,c,a,5490
1,2020-09-08,8287,600,1,1,0,0,c,a,5490
1,2020-09-09,7726,850,1,0,0,0,c,a,5490
1,2020-09-10,7260,583,1,0,0,0,c,a,5490
1,2020-09-11,7644,598,1,1,0,0,c,a,5490
1,2020-09-12,6147,684,1,0,0,0,c,a,5490
1,2020-09-13,0,0,0,0,0,0,c,a,5490
1,2020-09-14,7018,630,1,0,0,0,c,a,5490
1,2020-09-15,7785,586,1,0,0,0,c,a,5490
1,2020-09-16,7420,723,1,0,0,0,c,a,5490
1,2020-09-17,7578,772,1,0,0,0,c,a,5490
1,2020-09-18,6937,517,1,1,0,0,c,a,5490
1,2020-09-19,5963,529,1,0,0,0,c,a,5490
1,2020-09-20,0,0,0,0,0,0,c,a,5490
1,2020-09-21,7473,547,1,1,0,0,c,a,5490
1,2020-09-22,8500,849,1,1,0,0,c,a,5490
1,2020-09-23,7562,675,1,0,0,0,c,a,5490
1,2020-09-24,8558,672,1,1,0,0,c,a,5490
1,2020-09-25,5824,467,1,0,0,0,c,a,5490
1,2020-09-26,5493,481,1,0,0,0,c,a,5490
1,2020-09-27,0,0,0,0,0,0,c,a,5490
1,2020-09-28,7527,582,1,1,0,0,c,a,5490
1,2020-09-29,7406,566,1,0,0,0,c,a,5490
1,2020-09-30,7708,866,1,0,0,0,c,a,5490
1,2020-10-01,6607,535,1,0,0,0,c,a,5490
1,2020-10-02,7773,690,1,1,0,0,c,a,5490
1,2020-10-03,6041,599,1,0,0,0,c,a,5490
1,2020-10-04,0,0,0,0,0,0,c,a,5490
1,2020-10-05,6424,617,1,0,0,0,c,a,5490
1,2020-10-06,7257,530,1,0,0,0,c,a,5490
1,2020-10-07,7132,611,1,0,0,0,c,a,5490
1,2020-10-08,7640,577,1,0,0,0,c,a,5490
1,2020-10-09,7773,574,1,1,0,0,c,a,5490
1,2020-10-10,6880,771,1,1,0,0,c,a,5490
1,2020-10-11,0,0,0,0,0,0,c,a,5490
1,2020-10-12,6844,551,1,1,0,0,c,a,5490
1,2020-10-13,8661,639,1,1,0,0,c,a,5490
1,2020-10-14,7887,758,1,0,0,0,c,a,5490
1,2020-10-15,6679,667,1,0,0,0,c,a,5490
1,2020-10-16,7269,537,1,1,0,0,c,a,5490
1,2020-10-17,4466,442,1,0,0,0,c,a,5490
1,2020-10-18,0,0,0,0,0,0,c,a,5490
1,2020-10-19,6636,619,1,1,0,0,c,a,5490
1,2020-10-20,6541,722,1,0,0,0,c,a,5490
1,2020-10-21,7078,695,1,0,0,0,c,a,5490
1,2020-10-22,7424,629,1,1,0,0,c,a,5490
1,2020-10-23,5258,381,1,0,0,0,c,a,5490
1,2020-10-24,5412,516,1,0,0,0,c,a,5490
1,2020-10-25,0,0,0,0,0,0,c,a,5490
1,2020-10-26,5922,511,1,0,0,0,c,a,5490
1,2020-10-27,6563,525,1,0,0,0,c,a,5490
1,2020-10-28,6587,720,1,0,0,0,c,a,5490
1,2020-10-29,6257,577,1,0,0,0,c,a,5490
1,2020-10-30,7196,676,1,1,0,0,c,a,5490
1,2020-10-31,4059,357,1,0,0,0,c,a,5490
1,2020-11-01,0,0,0,0,0,0,c,a,5490
1,2020-11-02,5901,431,1,0,0,0,c,a,5490
1,2020-11-03,6274,651,1,0,0,0,c,a,5490
1,2020-11-04,7513,840,1,1,0,0,c,a,5490
1,2020-11-05,7193,601,1,1,0,0,c,a,5490
1,2020-11-06,5116,425,1,0,0,0,c,a,5490
1,2020-11-07,4675,542,1,0,0,0,c,a,5490
1,2020-11-08,0,0,0,0,0,0,c,a,5490
1,2020-11-09,7010,743,1,1,0,0,c,a,5490
1,2020-11-10,5847,618,1,0,0,0,c,a,5490
1,2020-11-11,7623,734,1,1,0,0,c,a,5490
1,2020-11-12,7199,779,1,1,0,0,c,a,5490
1,2020-11-13,4630,346,1,0,0,0,c,a,5490
1,2020-11-14,6667,663,1,1,0,0,c,a,5490
1,2020-11-15,0,0,0,0,0,0,c,a,5490
1,2020-11-16,6062,630,1,0,0,0,c,a,5490
1,2020-11-17,6621,633,1,1,0,0,c,a,5490
1,2020-11-18,6754,493,1,1,0,0,c,a,5490
1,2020-11-19,6789,767,1,1,0,0,c,a,5490
1,2020-11-20,6691,522,1,1,0,0,c,a,5490
1,2020-11-21,4728,581,1,0,0,0,c,a,5490
1,2020-11-22,0,0,0,0,0,0,c,a,5490
1,2020-11-23,6287,658,1,0,0,0,c,a,5490
1,2020-11-24,6306,484,1,0,0,0,c,a,5490
1,2020-11-25,6840,709,1,1,0,0,c,a,5490
1,2020-11-26,5795,429,1,0,0,0,c,a,5490
1,2020-11-27,4455,393,1,0,0,0,c,a,5490
1,2020-11-28,6015,463,1,1,0,0,c,a,5490
1,2020-11-29,0,0,0,0,0,0,c,a,5490
1,2020-11-30,6001,500,1,0,0,0,c,a,5490
1,2020-12-01,6571,487,1,0,0,0,c,a,5490
1,2020-12-02,6254,755,1,0,0,0,c,a,5490
1,2020-12-03,4773,384,1,0,0,0,c,a,5490
1,2020-12-04,4457,431,1,0,0,0,c,a,5490
1,2020-12-05,4806,474,1,0,0,0,c,a,5490
1,2020-12-06,0,0,0,0,0,0,c,a,5490
1,2020-12-07,6684,615,1,1,0,0,c,a,5490
1,2020-12-08,6383,468,1,1,0,0,c,a,5490
1,2020-12-09,7429,894,1,1,0,0,c,a,5490
1,2020-12-10,5041,435,1,0,0,0,c,a,5490
1,2020-12-11,4816,569,1,0,0,0,c,a,5490
1,2020-12-12,5773,526,1,1,0,0,c,a,5490
1,2020-12-13,0,0,0,0,0,0,c,a,5490
1,2020-12-14,5818,450,1,1,0,0,c,a,5490
1,2020-12-15,6856,563,1,1,0,0,c,a,5490
1,2020-12-16,5326,622,1,0,0,0,c,a,5490
1,2020-12-17,7171,812,1,1,0,0,c,a,5490
1,2020-12-18,5557,493,1,1,0,0,c,a,5490
1,2020-12-19,5557,448,1,1,0,0,c,a,5490
1,2020-12-20,0,0,0,0,0,0,c,a,5490
1,2020-12-21,6878,525,1,1,0,0,c,a,5490
1,2020-12-22,6238,570,1,0,0,0,c,a,5490
1,2020-12-23,6290,766,1,0,0,0,c,a,5490
1,2020-12-24,6761,691,1,1,0,0,c,a,5490
1,2020-12-25,0,0,0,0,a,0,c,a,5490
1,2020-12-26,6059,463,1,1,0,0,c,a,5490
1,2020-12-27,0,0,0,0,0,0,c,a,5490
1,2020-12-28,5191,400,1,0,0,0,c,a,5490
1,2020-12-29,5282,605,1,0,0,0,c,a,5490
1,2020-12-30,6161,505,1,0,0,0,c,a,5490
1,2020-12-31,5455,551,1,0,0,0,c,a,5490
1,2021-01-01,0,0,0,0,a,0,c,a,5490
1,2021-01-02,4527,355,1,0,0,0,c,a,5490
1,2021-01-03,0,0,0,0,0,0,c,a,5490
1,2021-01-04,5559,475,1,0,0,0,c,a,5490
1,2021-01-05,5936,728,1,0,0,0,c,a,5490
1,2021-01-06,7402,578,1,1,0,0,c,a,5490
1,2021-01-07,6734,666,1,1,0,0,c,a,5490
1,2021-01-08,5858,497,1,1,0,0,c,a,5490
1,2021-01-09,4690,337,1,1,0,0,c,a,5490
1,2021-01-10,0,0,0,0,0,0,c,a,5490
1,2021-01-11,5753,462,1,1,0,0,c,a,5490
1,2021-01-12,5178,597,1,0,0,0,c,a,5490
1,2021-01-13,5619,597,1,0,0,0,c,a,5490
1,2021-01-14,5193,640,1,0,0,0,c,a,5490
1,2021-01-15,5345,442,1,1,0,0,c,a,5490
1,2021-01-16,4064,296,1,0,0,0,c,a,5490
1,2021-01-17,0,0,0,0,0,0,c,a,5490
1,2021-01-18,6375,480,1,1,0,0,c,a,5490
1,2021-01-19,6729,622,1,1,0,0,c,a,5490
1,2021-01-20,7648,690,1,1,0,0,c,a,5490
1,2021-01-21,6265,691,1,0,0,0,c,a,5490
1,2021-01-22,5199,514,1,0,0,0,c,a,5490
1,2021-01-23,4341,314,1,0,0,0,c,a,5490
1,2021-01-24,0,0,0,0,0,0,c,a,5490
1,2021-01-25,6353,506,1,1,0,0,c,a,5490
1,2021-01-26,6655,745,1,1,0,0,c,a,5490
1,2021-01-27,6993,623,1,1,0,0,c,a,5490
1,2021-01-28,6589,573,1,1,0,0,c,a,5490
1,2021-01-29,4915,559,1,0,0,0,c,a,5490
1,2021-01-30,6024,438,1,1,0,0,c,a,5490
1,2021-01-31,0,0,0,0,0,0,c,a,5490
1,2021-02-01,6779,599,1,1,0,0,c,a,5490
1,2021-02-02,6448,616,1,0,0,0,c,a,5490
1,2021-02-03,6531,595,1,0,0,0,c,a,5490
1,2021-02-04,5426,582,1,0,0,0,c,a,5490
1,2021-02-05,4953,428,1,1,0,0,c,a,5490
1,2021-02-06,5553,550,1,1,0,0,c,a,5490
1,2021-02-07,0,0,0,0,0,0,c,a,5490
1,2021-02-08,6033,454,1,1,0,0,c,a,5490
1,2021-02-09,7452,623,1,1,0,0,c,a,5490
1,2021-02-10,7593,583,1,1,0,0,c,a,5490
1,2021-02-11,7311,605,1,1,0,0,c,a,5490
1,2021-02-12,6138,462,1,1,0,0,c,a,5490
1,2021-02-13,6171,754,1,1,0,0,c,a,5490
1,2021-02-14,0,0,0,0,0,0,c,a,5490
1,2021-02-15,6624,531,1,1,0,0,c,a,5490
1,2021-02-16,5912,458,1,0,0,0,c,a,5490
1,2021-02-17,7460,767,1,1,0,0,c,a,5490
1,2021-02-18,7149,514,1,1,0,0,c,a,5490
1,2021-02-19,6788,603,1,1,0,0,c,a,5490
1,2021-02-20,5584,646,1,1,0,0,c,a,5490
1,2021-02-21,0,0,0,0,0,0,c,a,5490
1,2021-02-22,7090,705,1,1,0,0,c,a,5490
1,2021-02-23,7520,553,1,1,0,0,c,a,5490
1,2021-02-24,6585,783,1,0,0,0,c,a,5490
1,2021-02-25,6277,512,1,0,0,0,c,a,5490
1,2021-02-26,4780,407,1,0,0,0,c,a,5490
1,2021-02-27,5447,411,1,0,0,0,c,a,5490
1,2021-02-28,0,0,0,0,0,0,c,a,5490
1,2021-03-01,7154,878,1,1,0,0,c,a,5490
1,2021-03-02,6280,631,1,0,0,0,c,a,5490
1,2021-03-03,6930,649,1,0,0,0,c,a,5490
1,2021-03-04,6668,476,1,0,0,0,c,a,5490
1,2021-03-05,5137,402,1,0,0,0,c,a,5490
1,2021-03-06,6296,675,1,1,0,0,c,a,5490
1,2021-03-07,0,0,0,0,0,0,c,a,5490
1,2021-03-08,6432,667,1,0,0,0,c,a,5490
1,2021-03-09,8275,929,1,1,0,0,c,a,5490
1,2021-03-10,6747,570,1,0,0,0,c,a,5490
1,2021-03-11,6639,688,1,0,0,0,c,a,5490
1,2021-03-12,7247,772,1,1,0,0,c,a,5490
1,2021-03-13,5279,644,1,0,0,0,c,a,5490
1,2021-03-14,0,0,0,0,0,0,c,a,5490
1,2021-03-15,7663,706,1,1,0,0,c,a,5490
1,2021-03-16,7788,854,1,1,0,0,c,a,5490
1,2021-03-17,8361,639,1,1,0,0,c,a,5490
1,2021-03-18,7973,678,1,1,0,0,c,a,5490
1,2021-03-19,6381,585,1,0,0,0,c,a,5490
1,2021-03-20,5697,651,1,0,0,0,c,a,5490
1,2021-03-21,0,0,0,0,0,0,c,a,5490
1,2021-03-22,6929,632,1,1,0,0,c,a,5490
1,2021-03-23,6800,591,1,0,0,0,c,a,5490
1,2021-03-24,6848,638,1,0,0,0,c,a,5490
1,2021-03-25,7081,839,1,0,0,0,c,a,5490
1,2021-03-26,7004,718,1,0,0,0,c,a,5490
1,2021-03-27,6623,503,1,1,0,0,c,a,5490
1,2021-03-28,0,0,0,0,0,0,c,a,5490
1,2021-03-29,7596,880,1,1,0,0,c,a,5490
1,2021-03-30,6858,492,1,0,0,0,c,a,5490
1,2021-03-31,8168,668,1,0,0,0,c,a,5490
1,2021-04-01,7996,992,1,1,0,0,c,a,5490
1,2021-04-02,0,0,0,0,a,0,c,a,5490
1,2021-04-03,5483,542,1,0,0,0,c,a,5490
1,2021-04-04,0,0,0,0,0,0,c,a,5490
1,2021-04-05,6625,782,1,0,0,0,c,a,5490
1,2021-04-06,7308,602,1,0,0,0,c,a,5490
1,2021-04-07,8146,885,1,1,0,0,c,a,5490
1,2021-04-08,7116,581,1,0,0,0,c,a,5490
1,2021-04-09,6061,445,1,0,0,0,c,a,5490
1,2021-04-10,6669,504,1,0,0,0,c,a,5490
1,2021-04-11,0,0,0,0,0,0,c,a,5490
1,2021-04-12,8053,628,1,1,0,0,c,a,5490
1,2021-04-13,7431,575,1,0,0,0,c,a,5490
1,2021-04-14,7922,667,1,0,0,0,c,a,5490
1,2021-04-15,7022,839,1,0,0,0,c,a,5490
1,2021-04-16,6599,736,1,0,0,0,c,a,5490
1,2021-04-17,6882,540,1,1,0,0,c,a,5490
1,2021-04-18,0,0,0,0,0,0,c,a,5490
1,2021-04-19,7865,715,1,1,0,0,c,a,5490
1,2021-04-20,8331,596,1,1,0,0,c,a,5490
1,2021-04-21,9146,768,1,1,0,0,c,a,5490
1,2021-04-22,7121,870,1,0,0,0,c,a,5490
1,2021-04-23,6750,626,1,0,0,0,c,a,5490
1,2021-04-24,7782,737,1,1,0,0,c,a,5490
1,2021-04-25,0,0,0,0,0,0,c,a,5490
1,2021-04-26,7398,723,1,0,0,0,c,a,5490
1,2021-04-27,8234,666,1,1,0,0,c,a,5490
1,2021-04-28,8619,650,1,0,0,0,c,a,5490
1,2021-04-29,7980,690,1,1,0,0,c,a,5490
1,2021-04-30,7741,835,1,1,0,0,c,a,5490
1,2021-05-01,8093,920,1,1,0,0,c,a,5490
1,2021-05-02,0,0,0,0,0,0,c,a,5490
1,2021-05-03,8650,642,1,1,0,0,c,a,5490
1,2021-05-04,7944,725,1,0,0,0,c,a,5490
1,2021-05-05,7875,595,1,0,0,0,c,a,5490
1,2021-05-06,6734,582,1,0,0,0,c,a,5490
1,2021-05-07,7033,679,1,0,0,0,c,a,5490
1,2021-05-08,8006,804,1,1,0,0,c,a,5490
1,2021-05-09,0,0,0,0,0,0,c,a,5490
1,2021-05-10,8002,910,1,1,0,0,c,a,5490
1,2021-05-11,8501,1007,1,1,0,0,c,a,5490
1,2021-05-12,8008,720,1,0,0,0,c,a,5490
1,2021-05-13,7615,802,1,0,0,0,c,a,5490
1,2021-05-14,8689,709,1,1,0,0,c,a,5490
1,2021-05-15,6992,644,1,0,0,0,c,a,5490
1,2021-05-16,0,0,0,0,0,0,c,a,5490
1,2021-05-17,9066,706,1,1,0,0,c,a,5490
1,2021-05-18,9096,1048,1,1,0,0,c,a,5490
1,2021-05-19,8371,1003,1,0,0,0,c,a,5490
1,2021-05-20,7776,571,1,0,0,0,c,a,5490
1,2021-05-21,6778,613,1,0,0,0,c,a,5490
1,2021-05-22,6828,516,1,0,0,0,c,a,5490
1,2021-05-23,0,0,0,0,0,0,c,a,5490
1,2021-05-24,7724,696,1,0,0,0,c,a,5490
1,2021-05-25,7830,957,1,0,0,0,c,a,5490
1,2021-05-26,8480,693,1,0,0,0,c,a,5490
1,2021-05-27,8030,753,1,0,0,0,c,a,5490
1,2021-05-28,8172,901,1,1,0,0,c,a,5490
1,2021-05-29,8007,683,1,1,0,0,c,a,5490
1,2021-05-30,0,0,0,0,0,0,c,a,5490
1,2021-05-31,9559,836,1,1,0,0,c,a,5490
1,2021-06-01,8327,690,1,0,0,0,c,a,5490
1,2021-06-02,8583,718,1,0,0,0,c,a,5490
1,2021-06-03,7710,645,1,0,0,0,c,a,5490
1,2021-06-04,8616,1039,1,1,0,0,c,a,5490
1,2021-06-05,8482,668,1,1,0,0,c,a,5490
1,2021-06-06,0,0,0,0,0,0,c,a,5490
1,2021-06-07,8767,705,1,1,0,0,c,a,5490
1,2021-06-08,8827,735,1,1,0,0,c,a,5490
1,2021-06-09,9272,737,1,1,0,0,c,a,5490
1,2021-06-10,9718,1114,1,1,0,0,c,a,5490
1,2021-06-11,7315,910,1,0,0,0,c,a,5490
1,2021-06-12,6518,535,1,0,0,0,c,a,5490
1,2021-06-13,0,0,0,0,0,0,c,a,5490
1,2021-06-14,7140,667,1,0,0,0,c,a,5490
1,2021-06-15,7881,933,1,0,0,0,c,a,5490
1,2021-06-16,9451,786,1,1,0,0,c,a,5490
1,2021-06-17,8410,638,1,1,0,0,c,a,5490
1,2021-06-18,7200,662,1,0,0,0,c,a,5490
1,2021-06-19,6608,635,1,0,0,0,c,a,5490
1,2021-06-20,0,0,0,0,0,0,c,a,5490
1,2021-06-21,8372,747,1,1,0,0,c,a,5490
1,2021-06-22,9824,798,1,1,0,0,c,a,5490
1,2021-06-23,9935,1225,1,1,0,0,c,a,5490
1,2021-06-24,8056,594,1,0,0,0,c,a,5490
1,2021-06-25,7641,561,1,0,0,0,c,a,5490
1,2021-06-26,7065,740,1,0,0,0,c,a,5490
1,2021-06-27,0,0,0,0,0,0,c,a,5490
1,2021-06-28,7465,758,1,0,0,0,c,a,5490
1,2021-06-29,8848,758,1,1,0,0,c,a,5490
1,2021-06-30,9882,1025,1,1,0,0,c,a,5490
1,2021-07-01,8625,713,1,0,0,1,c,a,5490
1,2021-07-02,7951,713,1,0,0,1,c,a,5490
1,2021-07-03,8808,923,1,1,0,1,c,a,5490
1,2021-07-04,0,0,0,0,0,1,c,a,5490
1,2021-07-05,9134,837,1,1,0,1,c,a,5490
1,2021-07-06,9870,836,1,1,0,1,c,a,5490
1,2021-07-07,10263,884,1,1,0,1,c,a,5490
1,2021-07-08,9712,1047,1,1,0,1,c,a,5490
1,2021-07-09,9307,889,1,1,0,1,c,a,5490
1,2021-07-10,8630,916,1,1,0,1,c,a,5490
1,2021-07-11,0,0,0,0,0,1,c,a,5490
1,2021-07-12,9765,1012,1,1,0,1,c,a,5490
1,2021-07-13,10770,1256,1,1,0,1,c,a,5490
1,2021-07-14,9899,924,1,1,0,1,c,a,5490
1,2021-07-15,9998,758,1,1,0,1,c,a,5490
1,2021-07-16,7694,897,1,0,0,1,c,a,5490
1,2021-07-17,8026,711,1,0,0,1,c,a,5490
1,2021-07-18,0,0,0,0,0,1,c,a,5490
1,2021-07-19,8914,861,1,0,0,1,c,a,5490
1,2021-07-20,10156,1151,1,1,0,1,c,a,5490
1,2021-07-21,10176,976,1,1,0,1,c,a,5490
1,2021-07-22,8979,643,1,0,0,1,c,a,5490
1,2021-07-23,8355,968,1,0,0,1,c,a,5490
1,2021-07-24,8037,948,1,1,0,1,c,a,5490
1,2021-07-25,0,0,0,0,0,1,c,a,5490
1,2021-07-26,8456,632,1,0,0,1,c,a,5490
1,2021-07-27,8408,830,1,0,0,1,c,a,5490
1,2021-07-28,8696,782,1,0,0,1,c,a,5490
1,2021-07-29,8306,738,1,0,0,1,c,a,5490
1,2021-07-30,9289,780,1,1,0,1,c,a,5490
1,2021-07-31,6994,582,1,0,0,1,c,a,5490
1,2021-08-01,0,0,0,0,0,1,c,a,5490
1,2021-08-02,8848,739,1,1,0,1,c,a,5490
1,2021-08-03,9809,1173,1,1,0,1,c,a,5490
1,2021-08-04,10708,779,1,1,0,1,c,a,5490
1,2021-08-05,8089,721,1,0,0,1,c,a,5490
1,2021-08-06,8032,750,1,0,0,1,c,a,5490
1,2021-08-07,9018,706,1,1,0,1,c,a,5490
1,2021-08-08,0,0,0,0,0,1,c,a,5490
1,2021-08-09,8770,932,1,1,0,1,c,a,5490
1,2021-08-10,8699,666,1,0,0,1,c,a,5490
1,2021-08-11,9105,775,1,0,0,1,c,a,5490
1,2021-08-12,8175,630,1,0,0,1,c,a,5490
1,2021-08-13,8986,733,1,1,0,1,c,a,5490
1,2021-08-14,6857,674,1,0,0,1,c,a,5490
1,2021-08-15,0,0,0,0,0,1,c,a,5490
1,2021-08-16,7644,561,1,0,0,1,c,a,5490
1,2021-08-17,9395,879,1,1,0,1,c,a,5490
1,2021-08-18,9239,832,1,1,0,1,c,a,5490
1,2021-08-19,9518,726,1,1,0,1,c,a,5490
1,2021-08-20,7589,558,1,0,0,1,c,a,5490
1,2021-08-21,6990,526,1,0,0,1,c,a,5490
1,2021-08-22,0,0,0,0,0,1,c,a,5490
1,2021-08-23,9470,737,1,1,0,1,c,a,5490
1,2021-08-24,9411,903,1,1,0,1,c,a,5490
1,2021-08-25,8495,698,1,0,0,1,c,a,5490
1,2021-08-26,8173,631,1,0,0,1,c,a,5490
1,2021-08-27,7535,572,1,0,0,1,c,a,5490
1,2021-08-28,9133,725,1,1,0,1,c,a,5490
1,2021-08-29,0,0,0,0,0,1,c,a,5490
1,2021-08-30,7633,692,1,0,0,1,c,a,5490
1,2021-08-31,8187,973,1,0,0,1,c,a,5490
1,2021-09-01,7567,858,1,0,0,0,c,a,5490
1,2021-09-02,8858,836,1,1,0,0,c,a,5490
1,2021-09-03,6849,620,1,0,0,0,c,a,5490
1,2021-09-04,6503,699,1,0,0,0,c,a,5490
1,2021-09-05,0,0,0,0,0,0,c,a,5490
1,2021-09-06,7949,667,1,1,0,0,c,a,5490
1,2021-09-07,7419,531,1,0,0,0,c,a,5490
1,2021-09-08,7787,639,1,0,0,0,c,a,5490
1,2021-09-09,8310,952,1,1,0,0,c,a,5490
1,2021-09-10,6532,758,1,0,0,0,c,a,5490
1,2021-09-11,7411,530,1,1,0,0,c,a,5490
1,2021-09-12,0,0,0,0,0,0,c,a,5490
1,2021-09-13,7832,669,1,1,0,0,c,a,5490
1,2021-09-14,7732,732,1,0,0,0,c,a,5490
1,2021-09-15,8545,641,1,0,0,0,c,a,5490
1,2021-09-16,7037,671,1,0,0,0,c,a,5490
1,2021-09-17,7246,584,1,1,0,0,c,a,5490
1,2021-09-18,7248,665,1,1,0,0,c,a,5490
1,2021-09-19,0,0,0,0,0,0,c,a,5490
1,2021-09-20,6747,705,1,0,0,0,c,a,5490
1,2021-09-21,8584,923,1,1,0,0,c,a,5490
1,2021-09-22,7090,750,1,0,0,0,c,a,5490
1,2021-09-23,7852,695,1,1,0,0,c,a,5490
1,2021-09-24,6384,488,1,0,0,0,c,a,5490
1,2021-09-25,5502,553,1,0,0,0,c,a,5490
1,2021-09-26,0,0,0,0,0,0,c,a,5490
1,2021-09-27,7798,718,1,1,0,0,c,a,5490
1,2021-09-28,6906,543,1,0,0,0,c,a,5490
1,2021-09-29,7645,556,1,1,0,0,c,a,5490
1,2021-09-30,8520,801,1,1,0,0,c,a,5490
1,2021-10-01,5814,445,1,0,0,0,c,a,5490
1,2021-10-02,5773,488,1,0,0,0,c,a,5490
1,2021-10-03,0,0,0,0,0,0,c,a,5490
1,2021-10-04,8015,599,1,1,0,0,c,a,5490
1,2021-10-05,7994,719,1,1,0,0,c,a,5490
1,2021-10-06,7281,586,1,0,0,0,c,a,5490
1,2021-10-07,6692,786,1,0,0,0,c,a,5490
1,2021-10-08,7277,862,1,1,0,0,c,a,5490
1,2021-10-09,5348,546,1,0,0,0,c,a,5490
1,2021-10-10,0,0,0,0,0,0,c,a,5490
1,2021-10-11,6859,542,1,0,0,0,c,a,5490
1,2021-10-12,7916,921,1,1,0,0,c,a,5490
1,2021-10-13,8049,639,1,1,0,0,c,a,5490
1,2021-10-14,6863,666,1,0,0,0,c,a,5490
1,2021-10-15,6446,738,1,0,0,0,c,a,5490
1,2021-10-16,6904,617,1,1,0,0,c,a,5490
1,2021-10-17,0,0,0,0,0,0,c,a,5490
1,2021-10-18,6683,483,1,0,0,0,c,a,5490
1,2021-10-19,8501,680,1,1,0,0,c,a,5490
1,2021-10-20,8760,733,1,1,0,0,c,a,5490
1,2021-10-21,6698,716,1,0,0,0,c,a,5490
1,2021-10-22,5718,539,1,0,0,0,c,a,5490
1,2021-10-23,5586,591,1,0,0,0,c,a,5490
1,2021-10-24,0,0,0,0,0,0,c,a,5490
1,2021-10-25,6128,667,1,0,0,0,c,a,5490
1,2021-10-26,7287,565,1,1,0,0,c,a,5490
1,2021-10-27,8280,633,1,1,0,0,c,a,5490
1,2021-10-28,7817,726,1,1,0,0,c,a,5490
1,2021-10-29,6499,525,1,1,0,0,c,a,5490
1,2021-10-30,5979,530,1,1,0,0,c,a,5490
1,2021-10-31,0,0,0,0,0,0,c,a,5490
1,2021-11-01,7280,534,1,1,0,0,c,a,5490
1,2021-11-02,6482,524,1,0,0,0,c,a,5490
1,2021-11-03,7765,836,1,1,0,0,c,a,5490
1,2021-11-04,6404,569,1,0,0,0,c,a,5490
1,2021-11-05,6959,629,1,1,0,0,c,a,5490
1,2021-11-06,5793,437,1,0,0,0,c,a,5490
1,2021-11-07,0,0,0,0,0,0,c,a,5490
1,2021-11-08,7201,573,1,1,0,0,c,a,5490
1,2021-11-09,6298,664,1,0,0,0,c,a,5490
1,2021-11-10,7668,549,1,1,0,0,c,a,5490
1,2021-11-11,6588,714,1,0,0,0,c,a,5490
1,2021-11-12,6400,516,1,1,0,0,c,a,5490
1,2021-11-13,5934,467,1,1,0,0,c,a,5490
1,2021-11-14,0,0,0,0,0,0,c,a,5490
1,2021-11-15,6422,799,1,1,0,0,c,a,5490
1,2021-11-16,6877,773,1,1,0,0,c,a,5490
1,2021-11-17,5991,451,1,0,0,0,c,a,5490
1,2021-11-18,6823,553,1,1,0,0,c,a,5490
1,2021-11-19,5653,489,1,1,0,0,c,a,5490
1,2021-11-20,5521,688,1,0,0,0,c,a,5490
1,2021-11-21,0,0,0,0,0,0,c,a,5490
1,2021-11-22,6459,637,1,1,0,0,c,a,5490
1,2021-11-23,7403,680,1,1,0,0,c,a,5490
1,2021-11-24,7148,852,1,1,0,0,c,a,5490
1,2021-11-25,7755,667,1,1,0,0,c,a,5490
1,2021-11-26,7087,552,1,1,0,0,c,a,5490
1,2021-11-27,4783,565,1,0,0,0,c,a,5490
1,2021-11-28,0,0,0,0,0,0,c,a,5490
1,2021-11-29,6014,601,1,0,0,0,c,a,5490
1,2021-11-30,7613,685,1,1,0,0,c,a,5490
1,2021-12-01,6498,731,1,0,0,0,c,a,5490
1,2021-12-02,5488,588,1,0,0,0,c,a,5490
1,2021-12-03,6234,502,1,1,0,0,c,a,5490
1,2021-12-04,5934,563,1,1,0,0,c,a,5490
1,2021-12-05,0,0,0,0,0,0,c,a,5490
1,2021-12-06,6812,535,1,1,0,0,c,a,5490
1,2021-12-07,6471,628,1,0,0,0,c,a,5490
1,2021-12-08,7205,625,1,1,0,0,c,a,5490
1,2021-12-09,5207,638,1,0,0,0,c,a,5490
1,2021-12-10,4624,355,1,0,0,0,c,a,5490
1,2021-12-11,3926,287,1,0,0,0,c,a,5490
1,2021-12-12,0,0,0,0,0,0,c,a,5490
1,2021-12-13,5452,515,1,0,0,0,c,a,5490
1,2021-12-14,6989,545,1,1,0,0,c,a,5490
1,2021-12-15,6276,575,1,0,0,0,c,a,5490
1,2021-12-16,5781,526,1,0,0,0,c,a,5490
1,2021-12-17,4886,394,1,0,0,0,c,a,5490
1,2021-12-18,5898,669,1,1,0,0,c,a,5490
1,2021-12-19,0,0,0,0,0,0,c,a,5490
1,2021-12-20,6080,509,1,1,0,0,c,a,5490
1,2021-12-21,6723,709,1,1,0,0,c,a,5490
1,2021-12-22,6900,726,1,1,0,0,c,a,5490
1,2021-12-23,5557,438,1,0,0,0,c,a,5490
1,2021-12-24,5607,513,1,0,0,0,c,a,5490
1,2021-12-25,0,0,0,0,a,0,c,a,5490
1,2021-12-26,0,0,0,0,0,0,c,a,5490
1,2021-12-27,5372,513,1,0,0,0,c,a,5490
1,2021-12-28,5498,410,1,0,0,0,c,a,5490
1,2021-12-29,6174,543,1,0,0,0,c,a,5490
1,2021-12-30,6848,823,1,1,0,0,c,a,5490
1,2021-12-31,5338,384,1,0,0,0,c,a,5490
1,2022-01-01,0,0,0,0,a,0,c,a,5490
1,2022-01-02,0,0,0,0,0,0,c,a,5490
1,2022-01-03,4981,417,1,0,0,0,c,a,5490
1,2022-01-04,5424,392,1,0,0,0,c,a,5490
1,2022-01-05,8162,808,1,1,0,0,c,a,5490
1,2022-01-06,5509,579,1,0,0,0,c,a,5490
1,2022-01-07,5953,523,1,1,0,0,c,a,5490
1,2022-01-08,4485,366,1,0,0,0,c,a,5490
1,2022-01-09,0,0,0,0,0,0,c,a,5490
1,2022-01-10,5412,637,1,0,0,0,c,a,5490
1,2022-01-11,5471,400,1,0,0,0,c,a,5490
1,2022-01-12,7238,602,1,1,0,0,c,a,5490
1,2022-01-13,6378,565,1,0,0,0,c,a,5490
1,2022-01-14,4643,419,1,0,0,0,c,a,5490
1,2022-01-15,5533,435,1,1,0,0,c,a,5490
1,2022-01-16,0,0,0,0,0,0,c,a,5490
1,2022-01-17,5368,561,1,0,0,0,c,a,5490
1,2022-01-18,6443,579,1,0,0,0,c,a,5490
1,2022-01-19,5858,441,1,0,0,0,c,a,5490
1,2022-01-20,6757,631,1,1,0,0,c,a,5490
1,2022-01-21,6434,509,1,1,0,0,c,a,5490
1,2022-01-22,4657,346,1,0,0,0,c,a,5490
1,2022-01-23,0,0,0,0,0,0,c,a,5490
1,2022-01-24,5164,470,1,0,0,0,c,a,5490
1,2022-01-25,6453,627,1,0,0,0,c,a,5490
1,2022-01-26,7557,548,1,1,0,0,c,a,5490
1,2022-01-27,5106,400,1,0,0,0,c,a,5490
1,2022-01-28,6380,540,1,1,0,0,c,a,5490
1,2022-01-29,6192,552,1,1,0,0,c,a,5490
1,2022-01-30,0,0,0,0,0,0,c,a,5490
1,2022-01-31,5445,447,1,0,0,0,c,a,5490
1,2022-02-01,7600,565,1,1,0,0,c,a,5490
1,2022-02-02,6126,440,1,0,0,0,c,a,5490
1,2022-02-03,5677,424,1,0,0,0,c,a,5490
1,2022-02-04,6187,694,1,1,0,0,c,a,5490
1,2022-02-05,4550,342,1,0,0,0,c,a,5490
1,2022-02-06,0,0,0,0,0,0,c,a,5490
1,2022-02-07,6835,619,1,1,0,0,c,a,5490
1,2022-02-08,7472,622,1,1,0,0,c,a,5490
1,2022-02-09,7515,835,1,1,0,0,c,a,5490
1,2022-02-10,6676,826,1,1,0,0,c,a,5490
1,2022-02-11,6383,571,1,1,0,0,c,a,5490
1,2022-02-12,5773,439,1,1,0,0,c,a,5490
1,2022-02-13,0,0,0,0,0,0,c,a,5490
1,2022-02-14,7089,630,1,1,0,0,c,a,5490
1,2022-02-15,7359,569,1,1,0,0,c,a,5490
1,2022-02-16,5739,565,1,0,0,0,c,a,5490
1,2022-02-17,5899,652,1,0,0,0,c,a,5490
1,2022-02-18,6973,538,1,1,0,0,c,a,5490
1,2022-02-19,4827,478,1,0,0,0,c,a,5490
1,2022-02-20,0,0,0,0,0,0,c,a,5490
1,2022-02-21,5668,453,1,0,0,0,c,a,5490
1,2022-02-22,7011,537,1,1,0,0,c,a,5490
1,2022-02-23,7086,510,1,0,0,0,c,a,5490
1,2022-02-24,7505,754,1,1,0,0,c,a,5490
1,2022-02-25,6412,761,1,1,0,0,c,a,5490
1,2022-02-26,5014,385,1,0,0,0,c,a,5490
1,2022-02-27,0,0,0,0,0,0,c,a,5490
1,2022-02-28,6155,519,1,0,0,0,c,a,5490
1,2022-03-01,6980,752,1,1,0,0,c,a,5490
1,2022-03-02,6788,690,1,0,0,0,c,a,5490
1,2022-03-03,7772,648,1,1,0,0,c,a,5490
1,2022-03-04,5954,442,1,0,0,0,c,a,5490
1,2022-03-05,6083,569,1,1,0,0,c,a,5490
1,2022-03-06,0,0,0,0,0,0,c,a,5490
1,2022-03-07,6149,466,1,0,0,0,c,a,5490
1,2022-03-08,6808,785,1,0,0,0,c,a,5490
1,2022-03-09,6855,830,1,0,0,0,c,a,5490
1,2022-03-10,7551,574,1,1,0,0,c,a,5490
1,2022-03-11,6002,445,1,0,0,0,c,a,5490
1,2022-03-12,6938,716,1,1,0,0,c,a,5490
1,2022-03-13,0,0,0,0,0,0,c,a,5490
1,2022-03-14,7185,828,1,1,0,0,c,a,5490
1,2022-03-15,7658,810,1,1,0,0,c,a,5490
1,2022-03-16,7062,653,1,0,0,0,c,a,5490
1,2022-03-17,6017,614,1,0,0,0,c,a,5490
1,2022-03-18,7439,897,1,1,0,0,c,a,5490
1,2022-03-19,6911,597,1,1,0,0,c,a,5490
1,2022-03-20,0,0,0,0,0,0,c,a,5490
1,2022-03-21,7883,865,1,1,0,0,c,a,5490
1,2022-03-22,7291,888,1,0,0,0,c,a,5490
1,2022-03-23,8081,578,1,1,0,0,c,a,5490
1,2022-03-24,7655,589,1,1,0,0,c,a,5490
1,2022-03-25,7307,840,1,1,0,0,c,a,5490
1,2022-03-26,5852,450,1,0,0,0,c,a,5490
1,2022-03-27,0,0,0,0,0,0,c,a,5490
1,2022-03-28,7939,694,1,1,0,0,c,a,5490
1,2022-03-29,6470,609,1,0,0,0,c,a,5490
1,2022-03-30,8221,708,1,1,0,0,c,a,5490
1,2022-03-31,8899,754,1,1,0,0,c,a,5490
1,2022-04-01,7022,574,1,1,0,0,c,a,5490
1,2022-04-02,5536,537,1,0,0,0,c,a,5490
1,2022-04-03,0,0,0,0,0,0,c,a,5490
1,2022-04-04,6710,563,1,0,0,0,c,a,5490
1,2022-04-05,9038,818,1,1,0,0,c,a,5490
1,2022-04-06,8875,1053,1,1,0,0,c,a,5490
1,2022-04-07,6929,837,1,0,0,0,c,a,5490
1,2022-04-08,5608,580,1,0,0,0,c,a,5490
1,2022-04-09,7127,776,1,1,0,0,c,a,5490
1,2022-04-10,0,0,0,0,0,0,c,a,5490
1,2022-04-11,7211,744,1,1,0,0,c,a,5490
1,2022-04-12,7396,919,1,0,0,0,c,a,5490
1,2022-04-13,7648,930,1,0,0,0,c,a,5490
1,2022-04-14,7668,670,1,0,0,0,c,a,5490
1,2022-04-15,0,0,0,0,a,0,c,a,5490
1,2022-04-16,5993,613,1,0,0,0,c,a,5490
1,2022-04-17,0,0,0,0,0,0,c,a,5490
1,2022-04-18,7857,671,1,1,0,0,c,a,5490
1,2022-04-19,7552,749,1,0,0,0,c,a,5490
1,2022-04-20,7789,637,1,0,0,0,c,a,5490
1,2022-04-21,8965,1020,1,1,0,0,c,a,5490
1,2022-04-22,6229,595,1,0,0,0,c,a,5490
1,2022-04-23,6801,553,1,1,0,0,c,a,5490
1,2022-04-24,0,0,0,0,0,0,c,a,5490
1,2022-04-25,8656,630,1,1,0,0,c,a,5490
1,2022-04-26,8715,1088,1,1,0,0,c,a,5490
1,2022-04-27,9146,754,1,1,0,0,c,a,5490
1,2022-04-28,7310,709,1,0,0,0,c,a,5490
1,2022-04-29,6560,623,1,0,0,0,c,a,5490
1,2022-04-30,7538,894,1,1,0,0,c,a,5490
1,2022-05-01,0,0,0,0,0,0,c,a,5490
1,2022-05-02,7488,623,1,0,0,0,c,a,5490
1,2022-05-03,8996,884,1,1,0,0,c,a,5490
1,2022-05-04,9307,702,1,1,0,0,c,a,5490
1,2022-05-05,9123,1045,1,1,0,0,c,a,5490
1,2022-05-06,8207,927,1,1,0,0,c,a,5490
1,2022-05-07,6352,603,1,0,0,0,c,a,5490
1,2022-05-08,0,0,0,0,0,0,c,a,5490
1,2022-05-09,8449,1022,1,0,0,0,c,a,5490
1,2022-05-10,7853,691,1,0,0,0,c,a,5490
1,2022-05-11,8532,652,1,0,0,0,c,a,5490
1,2022-05-12,9451,893,1,1,0,0,c,a,5490
1,2022-05-13,7947,624,1,1,0,0,c,a,5490
1,2022-05-14,6340,495,1,0,0,0,c,a,5490
1,2022-05-15,0,0,0,0,0,0,c,a,5490
1,2022-05-16,7993,695,1,1,0,0,c,a,5490
1,2022-05-17,7890,679,1,0,0,0,c,a,5490
1,2022-05-18,9092,1010,1,1,0,0,c,a,5490
1,2022-05-19,8489,958,1,0,0,0,c,a,5490
1,2022-05-20,8050,987,1,1,0,0,c,a,5490
1,2022-05-21,7855,664,1,1,0,0,c,a,5490
1,2022-05-22,0,0,0,0,0,0,c,a,5490
1,2022-05-23,7589,769,1,0,0,0,c,a,5490
1,2022-05-24,9137,785,1,1,0,0,c,a,5490
1,2022-05-25,9147,1034,1,0,0,0,c,a,5490
1,2022-05-26,7843,960,1,0,0,0,c,a,5490
1,2022-05-27,7329,890,1,0,0,0,c,a,5490
1,2022-05-28,7122,689,1,0,0,0,c,a,5490
1,2022-05-29,0,0,0,0,0,0,c,a,5490
1,2022-05-30,7046,525,1,0,0,0,c,a,5490
1,2022-05-31,8213,597,1,0,0,0,c,a,5490
1,2022-06-01,8601,663,1,0,0,0,c,a,5490
1,2022-06-02,9602,986,1,1,0,0,c,a,5490
1,2022-06-03,8010,797,1,1,0,0,c,a,5490
1,2022-06-04,6476,725,1,0,0,0,c,a,5490
1,2022-06-05,0,0,0,0,0,0,c,a,5490
1,2022-06-06,9567,735,1,1,0,0,c,a,5490
1,2022-06-07,8519,868,1,0,0,0,c,a,5490
1,2022-06-08,8096,586,1,0,0,0,c,a,5490
1,2022-06-09,8992,891,1,1,0,0,c,a,5490
1,2022-06-10,8601,731,1,1,0,0,c,a,5490
1,2022-06-11,6685,642,1,0,0,0,c,a,5490
1,2022-06-12,0,0,0,0,0,0,c,a,5490
1,2022-06-13,9135,800,1,1,0,0,c,a,5490
1,2022-06-14,9975,1083,1,1,0,0,c,a,5490
1,2022-06-15,8622,765,1,0,0,0,c,a,5490
1,2022-06-16,8008,580,1,0,0,0,c,a,5490
1,2022-06-17,8818,667,1,1,0,0,c,a,5490
1,2022-06-18,7835,614,1,0,0,0,c,a,5490
1,2022-06-19,0,0,0,0,0,0,c,a,5490
1,2022-06-20,7659,577,1,0,0,0,c,a,5490
1,2022-06-21,10003,1124,1,1,0,0,c,a,5490
1,2022-06-22,8665,657,1,0,0,0,c,a,5490
1,2022-06-23,9559,932,1,1,0,0,c,a,5490
1,2022-06-24,7842,759,1,0,0,0,c,a,5490
1,2022-06-25,6907,630,1,0,0,0,c,a,5490
1,2022-06-26,0,0,0,0,0,0,c,a,5490
1,2022-06-27,9545,758,1,1,0,0,c,a,5490
1,2022-06-28,9560,695,1,1,0,0,c,a,5490
1,2022-06-29,9135,683,1,0,0,0,c,a,5490
1,2022-06-30,8196,616,1,0,0,0,c,a,5490
1,2022-07-01,9015,664,1,0,0,1,c,a,5490
1,2022-07-02,7780,716,1,0,0,1,c,a,5490
1,2022-07-03,0,0,0,0,0,1,c,a,5490
1,2022-07-04,9969,1131,1,1,0,1,c,a,5490
1,2022-07-05,9474,933,1,0,0,1,c,a,5490
1,2022-07-06,10006,727,1,1,0,1,c,a,5490
1,2022-07-07,8520,609,1,0,0,1,c,a,5490
1,2022-07-08,9060,1120,1,1,0,1,c,a,5490
1,2022-07-09,9177,705,1,1,0,1,c,a,5490
1,2022-07-10,0,0,0,0,0,1,c,a,5490
1,2022-07-11,9751,773,1,1,0,1,c,a,5490
1,2022-07-12,9958,790,1,1,0,1,c,a,5490
1,2022-07-13,10036,918,1,1,0,1,c,a,5490
1,2022-07-14,8842,846,1,0,0,1,c,a,5490
1,2022-07-15,8017,925,1,0,0,1,c,a,5490
1,2022-07-16,8611,629,1,1,0,1,c,a,5490
1,2022-07-17,0,0,0,0,0,1,c,a,5490
1,2022-07-18,8419,859,1,0,0,1,c,a,5490
1,2022-07-19,9234,839,1,0,0,1,c,a,5490
1,2022-07-20,10224,1211,1,1,0,1,c,a,5490
1,2022-07-21,8753,895,1,0,0,1,c,a,5490
1,2022-07-22,8383,617,1,0,0,1,c,a,5490
1,2022-07-23,7384,549,1,0,0,1,c,a,5490
1,2022-07-24,0,0,0,0,0,1,c,a,5490
1,2022-07-25,7767,655,1,0,0,1,c,a,5490
1,2022-07-26,10048,864,1,1,0,1,c,a,5490
1,2022-07-27,8760,657,1,0,0,1,c,a,5490
1,2022-07-28,8792,821,1,0,0,1,c,a,5490
1,2022-07-29,8890,734,1,1,0,1,c,a,5490
1,2022-07-30,7636,621,1,0,0,1,c,a,5490
1,2022-07-31,0,0,0,0,0,1,c,a,5490
1,2022-08-01,9532,857,1,1,0,1,c,a,5490
1,2022-08-02,9405,743,1,0,0,1,c,a,5490
1,2022-08-03,8313,944,1,0,0,1,c,a,5490
1,2022-08-04,9729,1168,1,1,0,1,c,a,5490
1,2022-08-05,8823,913,1,1,0,1,c,a,5490
1,2022-08-06,8642,1031,1,1,0,1,c,a,5490
1,2022-08-07,0,0,0,0,0,1,c,a,5490
1,2022-08-08,9029,1048,1,1,0,1,c,a,5490
1,2022-08-09,9226,958,1,0,0,1,c,a,5490
1,2022-08-10,10473,784,1,1,0,1,c,a,5490
1,2022-08-11,8246,612,1,0,0,1,c,a,5490
1,2022-08-12,7796,754,1,0,0,1,c,a,5490
1,2022-08-13,9302,761,1,1,0,1,c,a,5490
1,2022-08-14,0,0,0,0,0,1,c,a,5490
1,2022-08-15,8310,692,1,0,0,1,c,a,5490
1,2022-08-16,9532,758,1,1,0,1,c,a,5490
1,2022-08-17,9573,1108,1,1,0,1,c,a,5490
1,2022-08-18,9953,838,1,1,0,1,c,a,5490
1,2022-08-19,7872,715,1,0,0,1,c,a,5490
1,2022-08-20,7236,673,1,0,0,1,c,a,5490
1,2022-08-21,0,0,0,0,0,1,c,a,5490
1,2022-08-22,7460,897,1,0,0,1,c,a,5490
1,2022-08-23,9189,875,1,1,0,1,c,a,5490
1,2022-08-24,9711,813,1,1,0,1,c,a,5490
1,2022-08-25,8465,637,1,0,0,1,c,a,5490
1,2022-08-26,7970,815,1,0,0,1,c,a,5490
1,2022-08-27,7779,653,1,0,0,1,c,a,5490
1,2022-08-28,0,0,0,0,0,1,c,a,5490
1,2022-08-29,9439,910,1,1,0,1,c,a,5490
1,2022-08-30,9083,987,1,1,0,1,c,a,5490
1,2022-08-31,9400,1125,1,1,0,1,c,a,5490
1,2022-09-01,7100,639,1,0,0,0,c,a,5490
1,2022-09-02,6372,785,1,0,0,0,c,a,5490
1,2022-09-03,6088,580,1,0,0,0,c,a,5490
1,2022-09-04,0,0,0,0,0,0,c,a,5490
1,2022-09-05,7531,650,1,0,0,0,c,a,5490
1,2022-09-06,6888,638,1,0,0,0,c,a,5490
1,2022-09-07,9864,999,1,1,0,0,c,a,5490
1,2022-09-08,8739,691,1,1,0,0,c,a,5490
1,2022-09-09,6729,701,1,0,0,0,c,a,5490
1,2022-09-10,6458,661,1,0,0,0,c,a,5490
1,2022-09-11,0,0,0,0,0,0,c,a,5490
1,2022-09-12,7413,724,1,1,0,0,c,a,5490
1,2022-09-13,7768,792,1,0,0,0,c,a,5490
1,2022-09-14,9205,856,1,1,0,0,c,a,5490
1,2022-09-15,7622,776,1,0,0,0,c,a,5490
1,2022-09-16,6391,586,1,0,0,0,c,a,5490
1,2022-09-17,7084,653,1,1,0,0,c,a,5490
1,2022-09-18,0,0,0,0,0,0,c,a,5490
1,2022-09-19,7151,845,1,0,0,0,c,a,5490
1,2022-09-20,7543,806,1,0,0,0,c,a,5490
1,2022-09-21,7780,613,1,0,0,0,c,a,5490
1,2022-09-22,7983,898,1,1,0,0,c,a,5490
1,2022-09-23,7179,596,1,1,0,0,c,a,5490
1,2022-09-24,6695,664,1,0,0,0,c,a,5490
1,2022-09-25,0,0,0,0,0,0,c,a,5490
1,2022-09-26,7844,587,1,1,0,0,c,a,5490
1,2022-09-27,7819,933,1,1,0,0,c,a,5490
1,2022-09-28,7081,515,1,0,0,0,c,a,5490
1,2022-09-29,7003,740,1,0,0,0,c,a,5490
1,2022-09-30,6172,639,1,0,0,0,c,a,5490
1,2022-10-01,7175,666,1,1,0,0,c,a,5490
1,2022-10-02,0,0,0,0,0,0,c,a,5490
1,2022-10-03,6427,714,1,0,0,0,c,a,5490
1,2022-10-04,7189,776,1,0,0,0,c,a,5490
1,2022-10-05,7519,795,1,0,0,0,c,a,5490
1,2022-10-06,8203,893,1,1,0,0,c,a,5490
1,2022-10-07,7392,773,1,1,0,0,c,a,5490
1,2022-10-08,5914,511,1,0,0,0,c,a,5490
1,2022-10-09,0,0,0,0,0,0,c,a,5490
1,2022-10-10,6554,717,1,0,0,0,c,a,5490
1,2022-10-11,8236,612,1,1,0,0,c,a,5490
1,2022-10-12,8357,602,1,1,0,0,c,a,5490
1,2022-10-13,8130,906,1,1,0,0,c,a,5490
1,2022-10-14,5705,481,1,0,0,0,c,a,5490
1,2022-10-15,7107,791,1,1,0,0,c,a,5490
1,2022-10-16,0,0,0,0,0,0,c,a,5490
1,2022-10-17,7492,928,1,1,0,0,c,a,5490
1,2022-10-18,7521,741,1,0,0,0,c,a,5490
1,2022-10-19,8441,904,1,1,0,0,c,a,5490
1,2022-10-20,6128,468,1,0,0,0,c,a,5490
1,2022-10-21,7020,858,1,1,0,0,c,a,5490
1,2022-10-22,5158,430,1,0,0,0,c,a,5490
1,2022-10-23,0,0,0,0,0,0,c,a,5490
1,2022-10-24,5910,437,1,0,0,0,c,a,5490
1,2022-10-25,7330,886,1,1,0,0,c,a,5490
1,2022-10-26,7544,602,1,1,0,0,c,a,5490
1,2022-10-27,7010,511,1,1,0,0,c,a,5490
1,2022-10-28,7397,778,1,1,0,0,c,a,5490
1,2022-10-29,6278,618,1,1,0,0,c,a,5490
1,2022-10-30,0,0,0,0,0,0,c,a,5490
1,2022-10-31,6943,513,1,1,0,0,c,a,5490
1,2022-11-01,6416,581,1,0,0,0,c,a,5490
1,2022-11-02,6857,707,1,0,0,0,c,a,5490
1,2022-11-03,7420,645,1,1,0,0,c,a,5490
1,2022-11-04,5869,467,1,0,0,0,c,a,5490
1,2022-11-05,6236,616,1,0,0,0,c,a,5490
1,2022-11-06,0,0,0,0,0,0,c,a,5490
1,2022-11-07,7630,702,1,1,0,0,c,a,5490
1,2022-11-08,6365,689,1,0,0,0,c,a,5490
1,2022-11-09,7591,578,1,1,0,0,c,a,5490
1,2022-11-10,5826,691,1,0,0,0,c,a,5490
1,2022-11-11,5542,530,1,0,0,0,c,a,5490
1,2022-11-12,6529,501,1,1,0,0,c,a,5490
1,2022-11-13,0,0,0,0,0,0,c,a,5490
1,2022-11-14,6220,521,1,0,0,0,c,a,5490
1,2022-11-15,6691,504,1,0,0,0,c,a,5490
1,2022-11-16,6320,768,1,0,0,0,c,a,5490
1,2022-11-17,5471,434,1,0,0,0,c,a,5490
1,2022-11-18,5694,683,1,0,0,0,c,a,5490
1,2022-11-19,5170,552,1,1,0,0,c,a,5490
1,2022-11-20,0,0,0,0,0,0,c,a,5490
1,2022-11-21,5325,664,1,0,0,0,c,a,5490
1,2022-11-22,7169,519,1,1,0,0,c,a,5490
1,2022-11-23,6908,527,1,0,0,0,c,a,5490
1,2022-11-24,6328,644,1,0,0,0,c,a,5490
1,2022-11-25,5666,623,1,0,0,0,c,a,5490
1,2022-11-26,5130,382,1,0,0,0,c,a,5490
1,2022-11-27,0,0,0,0,0,0,c,a,5490
1,2022-11-28,7342,613,1,1,0,0,c,a,5490
1,2022-11-29,5560,493,1,0,0,0,c,a,5490
1,2022-11-30,7691,668,1,1,0,0,c,a,5490
1,2022-12-01,6863,831,1,1,0,0,c,a,5490
1,2022-12-02,4646,378,1,0,0,0,c,a,5490
1,2022-12-03,6285,729,1,1,0,0,c,a,5490
1,2022-12-04,0,0,0,0,0,0,c,a,5490
1,2022-12-05,4673,343,1,0,0,0,c,a,5490
1,2022-12-06,7360,604,1,1,0,0,c,a,5490
1,2022-12-07,7752,637,1,1,0,0,c,a,5490
1,2022-12-08,6987,530,1,1,0,0,c,a,5490
1,2022-12-09,4986,495,1,0,0,0,c,a,5490
1,2022-12-10,4976,358,1,0,0,0,c,a,5490
1,2022-12-11,0,0,0,0,0,0,c,a,5490
1,2022-12-12,7059,620,1,1,0,0,c,a,5490
1,2022-12-13,7606,692,1,1,0,0,c,a,5490
1,2022-12-14,6412,516,1,0,0,0,c,a,5490
1,2022-12-15,5612,688,1,0,0,0,c,a,5490
1,2022-12-16,6273,666,1,1,0,0,c,a,5490
1,2022-12-17,6051,468,1,1,0,0,c,a,5490
1,2022-12-18,0,0,0,0,0,0,c,a,5490
1,2022-12-19,6162,467,1,0,0,0,c,a,5490
1,2022-12-20,6075,474,1,0,0,0,c,a,5490
1,2022-12-21,6973,528,1,1,0,0,c,a,5490
1,2022-12-22,5679,576,1,0,0,0,c,a,5490
1,2022-12-23,5262,411,1,0,0,0,c,a,5490
1,2022-12-24,5011,426,1,0,0,0,c,a,5490
1,2022-12-25,0,0,0,0,a,0,c,a,5490
1,2022-12-26,6621,680,1,1,0,0,c,a,5490
1,2022-12-27,5797,572,1,0,0,0,c,a,5490
1,2022-12-28,7807,748,1,1,0,0,c,a,5490
1,2022-12-29,5441,428,1,0,0,0,c,a,5490
1,2022-12-30,5803,580,1,0,0,0,c,a,5490
1,2022-12-31,4441,433,1,0,0,0,c,a,5490
1,2023-01-01,0,0,0,0,a,0,c,a,5490
1,2023-01-02,7124,604,1,1,0,0,c,a,5490
1,2023-01-03,6483,616,1,0,0,0,c,a,5490
1,2023-01-04,7230,748,1,1,0,0,c,a,5490
1,2023-01-05,5577,401,1,0,0,0,c,a,5490
1,2023-01-06,4607,333,1,0,0,0,c,a,5490
1,2023-01-07,4734,454,1,0,0,0,c,a,5490
1,2023-01-08,0,0,0,0,0,0,c,a,5490
1,2023-01-09,6363,631,1,1,0,0,c,a,5490
1,2023-01-10,6715,700,1,0,0,0,c,a,5490
1,2023-01-11,5545,570,1,0,0,0,c,a,5490
1,2023-01-12,6906,500,1,1,0,0,c,a,5490
1,2023-01-13,6262,732,1,1,0,0,c,a,5490
1,2023-01-14,5956,507,1,1,0,0,c,a,5490
1,2023-01-15,0,0,0,0,0,0,c,a,5490
1,2023-01-16,7100,608,1,1,0,0,c,a,5490
1,2023-01-17,6489,674,1,0,0,0,c,a,5490
1,2023-01-18,7323,635,1,1,0,0,c,a,5490
1,2023-01-19,7104,588,1,1,0,0,c,a,5490
1,2023-01-20,5206,546,1,0,0,0,c,a,5490
1,2023-01-21,4684,340,1,0,0,0,c,a,5490
1,2023-01-22,0,0,0,0,0,0,c,a,5490
1,2023-01-23,5399,448,1,0,0,0,c,a,5490
1,2023-01-24,7467,867,1,1,0,0,c,a,5490
1,2023-01-25,5981,478,1,0,0,0,c,a,5490
1,2023-01-26,7004,660,1,1,0,0,c,a,5490
1,2023-01-27,5895,731,1,0,0,0,c,a,5490
1,2023-01-28,5809,497,1,1,0,0,c,a,5490
1,2023-01-29,0,0,0,0,0,0,c,a,5490
1,2023-01-30,7077,827,1,1,0,0,c,a,5490
1,2023-01-31,5854,441,1,0,0,0,c,a,5490
1,2023-02-01,7270,766,1,1,0,0,c,a,5490
1,2023-02-02,5650,525,1,0,0,0,c,a,5490
1,2023-02-03,7101,836,1,1,0,0,c,a,5490
1,2023-02-04,6461,495,1,1,0,0,c,a,5490
1,2023-02-05,0,0,0,0,0,0,c,a,5490
1,2023-02-06,6316,539,1,1,0,0,c,a,5490
1,2023-02-07,7545,607,1,1,0,0,c,a,5490
1,2023-02-08,6407,473,1,0,0,0,c,a,5490
1,2023-02-09,6990,622,1,1,0,0,c,a,5490
1,2023-02-10,5736,478,1,0,0,0,c,a,5490
1,2023-02-11,6072,566,1,1,0,0,c,a,5490
1,2023-02-12,0,0,0,0,0,0,c,a,5490
1,2023-02-13,7272,688,1,1,0,0,c,a,5490
1,2023-02-14,6029,506,1,0,0,0,c,a,5490
1,2023-02-15,7549,928,1,1,0,0,c,a,5490
1,2023-02-16,5504,499,1,0,0,0,c,a,5490
1,2023-02-17,5839,676,1,0,0,0,c,a,5490
1,2023-02-18,6280,600,1,1,0,0,c,a,5490
1,2023-02-19,0,0,0,0,0,0,c,a,5490
1,2023-02-20,6800,758,1,1,0,0,c,a,5490
1,2023-02-21,6346,696,1,0,0,0,c,a,5490
1,2023-02-22,7903,652,1,1,0,0,c,a,5490
1,2023-02-23,6367,654,1,0,0,0,c,a,5490
1,2023-02-24,5694,507,1,0,0,0,c,a,5490
1,2023-02-25,4623,456,1,0,0,0,c,a,5490
1,2023-02-26,0,0,0,0,0,0,c,a,5490
1,2023-02-27,6938,514,1,1,0,0,c,a,5490
1,2023-02-28,8199,823,1,1,0,0,c,a,5490
1,2023-03-01,7101,535,1,0,0,0,c,a,5490
1,2023-03-02,6438,621,1,0,0,0,c,a,5490
1,2023-03-03,6401,486,1,1,0,0,c,a,5490
1,2023-03-04,6549,502,1,1,0,0,c,a,5490
1,2023-03-05,0,0,0,0,0,0,c,a,5490
1,2023-03-06,7181,615,1,1,0,0,c,a,5490
1,2023-03-07,7410,615,1,0,0,0,c,a,5490
1,2023-03-08,6571,754,1,0,0,0,c,a,5490
1,2023-03-09,6859,856,1,0,0,0,c,a,5490
1,2023-03-10,7123,794,1,1,0,0,c,a,5490
1,2023-03-11,6204,764,1,0,0,0,c,a,5490
1,2023-03-12,0,0,0,0,0,0,c,a,5490
1,2023-03-13,6217,613,1,0,0,0,c,a,5490
1,2023-03-14,7108,761,1,0,0,0,c,a,5490
1,2023-03-15,6571,787,1,0,0,0,c,a,5490
1,2023-03-16,6951,739,1,0,0,0,c,a,5490
1,2023-03-17,6120,539,1,0,0,0,c,a,5490
1,2023-03-18,5855,553,1,0,0,0,c,a,5490
1,2023-03-19,0,0,0,0,0,0,c,a,5490
1,2023-03-20,6892,763,1,0,0,0,c,a,5490
1,2023-03-21,7501,716,1,0,0,0,c,a,5490
1,2023-03-22,8627,992,1,1,0,0,c,a,5490
1,2023-03-23,8875,1019,1,1,0,0,c,a,5490
1,2023-03-24,6396,692,1,0,0,0,c,a,5490
1,2023-03-25,5528,413,1,0,0,0,c,a,5490
1,2023-03-26,0,0,0,0,0,0,c,a,5490
1,2023-03-27,5600,690,1,0,0,0,c,a,5490
1,2023-03-28,8501,1010,1,1,0,0,c,a,5490
1,2023-03-29,8200,675,1,0,0,0,c,a,5490
1,2023-03-30,7396,917,1,0,0,0,c,a,5490
1,2023-03-31,8013,619,1,1,0,0,c,a,5490
1,2023-04-01,7194,659,1,1,0,0,c,a,5490
1,2023-04-02,0,0,0,0,0,0,c,a,5490
1,2023-04-03,6694,735,1,0,0,0,c,a,5490
1,2023-04-04,9106,684,1,1,0,0,c,a,5490
1,2023-04-05,7507,585,1,0,0,0,c,a,5490
1,2023-04-06,8068,874,1,1,0,0,c,a,5490
1,2023-04-07,0,0,0,0,a,0,c,a,5490
1,2023-04-08,6043,537,1,0,0,0,c,a,5490
1,2023-04-09,0,0,0,0,0,0,c,a,5490
1,2023-04-10,8452,1006,1,1,0,0,c,a,5490
1,2023-04-11,8638,673,1,1,0,0,c,a,5490
1,2023-04-12,7478,534,1,0,0,0,c,a,5490
1,2023-04-13,8076,799,1,1,0,0,c,a,5490
1,2023-04-14,6432,764,1,0,0,0,c,a,5490
1,2023-04-15,6978,584,1,0,0,0,c,a,5490
1,2023-04-16,0,0,0,0,0,0,c,a,5490
1,2023-04-17,8135,1010,1,1,0,0,c,a,5490
1,2023-04-18,7634,950,1,0,0,0,c,a,5490
1,2023-04-19,9843,778,1,1,0,0,c,a,5490
1,2023-04-20,8026,641,1,0,0,0,c,a,5490
1,2023-04-21,8155,734,1,1,0,0,c,a,5490
1,2023-04-22,6864,551,1,0,0,0,c,a,5490
1,2023-04-23,0,0,0,0,0,0,c,a,5490
1,2023-04-24,7826,853,1,0,0,0,c,a,5490
1,2023-04-25,9148,728,1,1,0,0,c,a,5490
1,2023-04-26,9264,776,1,1,0,0,c,a,5490
1,2023-04-27,9500,1062,1,1,0,0,c,a,5490
1,2023-04-28,7415,602,1,0,0,0,c,a,5490
1,2023-04-29,6353,672,1,0,0,0,c,a,5490
1,2023-04-30,0,0,0,0,0,0,c,a,5490
1,2023-05-01,6995,663,1,0,0,0,c,a,5490
1,2023-05-02,8625,1019,1,1,0,0,c,a,5490
1,2023-05-03,9330,906,1,1,0,0,c,a,5490
1,2023-05-04,9347,970,1,1,0,0,c,a,5490
1,2023-05-05,8504,887,1,1,0,0,c,a,5490
1,2023-05-06,7334,762,1,1,0,0,c,a,5490
1,2023-05-07,0,0,0,0,0,0,c,a,5490
1,2023-05-08,7937,652,1,0,0,0,c,a,5490
1,2023-05-09,7546,630,1,0,0,0,c,a,5490
1,2023-05-10,9684,764,1,1,0,0,c,a,5490
1,2023-05-11,8685,819,1,1,0,0,c,a,5490
1,2023-05-12,7801,816,1,0,0,0,c,a,5490
1,2023-05-13,6725,592,1,0,0,0,c,a,5490
1,2023-05-14,0,0,0,0,0,0,c,a,5490
1,2023-05-15,7822,651,1,0,0,0,c,a,5490
1,2023-05-16,8507,608,1,0,0,0,c,a,5490
1,2023-05-17,9452,723,1,1,0,0,c,a,5490
1,2023-05-18,7743,903,1,0,0,0,c,a,5490
1,2023-05-19,8563,859,1,1,0,0,c,a,5490
1,2023-05-20,8256,590,1,1,0,0,c,a,5490
1,2023-05-21,0,0,0,0,0,0,c,a,5490
1,2023-05-22,7863,954,1,0,0,0,c,a,5490
1,2023-05-23,8821,773,1,0,0,0,c,a,5490
1,2023-05-24,8288,694,1,0,0,0,c,a,5490
1,2023-05-25,8628,1047,1,0,0,0,c,a,5490
1,2023-05-26,8856,755,1,1,0,0,c,a,5490
1,2023-05-27,8583,744,1,1,0,0,c,a,5490
1,2023-05-28,0,0,0,0,0,0,c,a,5490
1,2023-05-29,9112,653,1,1,0,0,c,a,5490
1,2023-05-30,10276,994,1,1,0,0,c,a,5490
1,2023-05-31,8418,726,1,0,0,0,c,a,5490
1,2023-06-01,9275,830,1,1,0,0,c,a,5490
1,2023-06-02,7764,555,1,0,0,0,c,a,5490
1,2023-06-03,8724,709,1,1,0,0,c,a,5490
1,2023-06-04,0,0,0,0,0,0,c,a,5490
1,2023-06-05,9274,1114,1,1,0,0,c,a,5490
1,2023-06-06,8979,876,1,0,0,0,c,a,5490
1,2023-06-07,10280,1141,1,1,0,0,c,a,5490
1,2023-06-08,8701,731,1,0,0,0,c,a,5490
1,2023-06-09,8031,898,1,0,0,0,c,a,5490
1,2023-06-10,7899,645,1,1,0,0,c,a,5490
1,2023-06-11,0,0,0,0,0,0,c,a,5490
1,2023-06-12,8118,676,1,0,0,0,c,a,5490
1,2023-06-13,9933,814,1,1,0,0,c,a,5490
1,2023-06-14,10398,811,1,1,0,0,c,a,5490
1,2023-06-15,9103,874,1,1,0,0,c,a,5490
1,2023-06-16,8843,773,1,0,0,0,c,a,5490
1,2023-06-17,7318,633,1,0,0,0,c,a,5490
1,2023-06-18,0,0,0,0,0,0,c,a,5490
1,2023-06-19,8312,1000,1,0,0,0,c,a,5490
1,2023-06-20,8314,714,1,0,0,0,c,a,5490
1,2023-06-21,9869,742,1,1,0,0,c,a,5490
1,2023-06-22,9680,726,1,1,0,0,c,a,5490
1,2023-06-23,7572,609,1,0,0,0,c,a,5490
1,2023-06-24,7402,686,1,0,0,0,c,a,5490
1,2023-06-25,0,0,0,0,0,0,c,a,5490
1,2023-06-26,9224,1101,1,1,0,0,c,a,5490
1,2023-06-27,8778,644,1,0,0,0,c,a,5490
1,2023-06-28,8915,864,1,0,0,0,c,a,5490
1,2023-06-29,8130,751,1,0,0,0,c,a,5490
1,2023-06-30,7448,865,1,0,0,0,c,a,5490
1,2023-07-01,7163,560,1,0,0,1,c,a,5490
1,2023-07-02,0,0,0,0,0,1,c,a,5490
1,2023-07-03,8386,856,1,0,0,1,c,a,5490
1,2023-07-04,9016,889,1,0,0,1,c,a,5490
1,2023-07-05,10238,1222,1,1,0,1,c,a,5490
1,2023-07-06,8748,869,1,0,0,1,c,a,5490
1,2023-07-07,9504,1064,1,1,0,1,c,a,5490
1,2023-07-08,7074,621,1,0,0,1,c,a,5490
1,2023-07-09,0,0,0,0,0,1,c,a,5490
1,2023-07-10,9645,1093,1,1,0,1,c,a,5490
1,2023-07-11,9852,838,1,1,0,1,c,a,5490
1,2023-07-12,9300,851,1,0,0,1,c,a,5490
1,2023-07-13,8151,630,1,0,0,1,c,a,5490
1,2023-07-14,8054,766,1,0,0,1,c,a,5490
1,2023-07-15,7993,665,1,0,0,1,c,a,5490
1,2023-07-16,0,0,0,0,0,1,c,a,5490
1,2023-07-17,10302,782,1,1,0,1,c,a,5490
1,2023-07-18,9586,687,1,0,0,1,c,a,5490
1,2023-07-19,10461,1022,1,1,0,1,c,a,5490
1,2023-07-20,9490,866,1,0,0,1,c,a,5490
1,2023-07-21,8136,624,1,0,0,1,c,a,5490
1,2023-07-22,7638,766,1,0,0,1,c,a,5490
1,2023-07-23,0,0,0,0,0,1,c,a,5490
1,2023-07-24,8880,706,1,0,0,1,c,a,5490
1,2023-07-25,9167,798,1,0,0,1,c,a,5490
1,2023-07-26,8725,735,1,0,0,1,c,a,5490
1,2023-07-27,7978,666,1,0,0,1,c,a,5490
1,2023-07-28,8439,738,1,0,0,1,c,a,5490
1,2023-07-29,7335,806,1,0,0,1,c,a,5490
1,2023-07-30,0,0,0,0,0,1,c,a,5490
1,2023-07-31,9287,956,1,1,0,1,c,a,5490
1,2023-08-01,10176,1148,1,1,0,1,c,a,5490
1,2023-08-02,9308,727,1,0,0,1,c,a,5490
1,2023-08-03,8755,669,1,0,0,1,c,a,5490
1,2023-08-04,8860,978,1,1,0,1,c,a,5490
1,2023-08-05,8496,641,1,1,0,1,c,a,5490
1,2023-08-06,0,0,0,0,0,1,c,a,5490
1,2023-08-07,8071,842,1,0,0,1,c,a,5490
1,2023-08-08,9030,767,1,0,0,1,c,a,5490
1,2023-08-09,10346,1160,1,1,0,1,c,a,5490
1,2023-08-10,8350,764,1,0,0,1,c,a,5490
1,2023-08-11,8994,1091,1,1,0,1,c,a,5490
1,2023-08-12,7264,540,1,0,0,1,c,a,5490
1,2023-08-13,0,0,0,0,0,1,c,a,5490
1,2023-08-14,7953,736,1,0,0,1,c,a,5490
1,2023-08-15,9952,940,1,1,0,1,c,a,5490
1,2023-08-16,9637,688,1,1,0,1,c,a,5490
1,2023-08-17,10122,1121,1,1,0,1,c,a,5490
1,2023-08-18,7701,834,1,0,0,1,c,a,5490
1,2023-08-19,8334,619,1,0,0,1,c,a,5490
1,2023-08-20,0,0,0,0,0,1,c,a,5490
1,2023-08-21,8210,745,1,0,0,1,c,a,5490
1,2023-08-22,8730,821,1,0,0,1,c,a,5490
1,2023-08-23,9793,1092,1,1,0,1,c,a,5490
1,2023-08-24,7812,941,1,0,0,1,c,a,5490
1,2023-08-25,8759,1010,1,1,0,1,c,a,5490
1,2023-08-26,8130,790,1,1,0,1,c,a,5490
1,2023-08-27,0,0,0,0,0,1,c,a,5490
1,2023-08-28,8945,864,1,1,0,1,c,a,5490
1,2023-08-29,9860,1046,1,1,0,1,c,a,5490
1,2023-08-30,9694,850,1,1,0,1,c,a,5490
1,2023-08-31,9186,1131,1,1,0,1,c,a,5490
1,2023-09-01,8172,733,1,1,0,0,c,a,5490
1,2023-09-02,7533,920,1,1,0,0,c,a,5490
1,2023-09-03,0,0,0,0,0,0,c,a,5490
1,2023-09-04,8050,670,1,1,0,0,c,a,5490
1,2023-09-05,9358,775,1,1,0,0,c,a,5490
1,2023-09-06,7509,573,1,0,0,0,c,a,5490
1,2023-09-07,8912,922,1,1,0,0,c,a,5490
1,2023-09-08,7154,519,1,0,0,0,c,a,5490
1,2023-09-09,6894,587,1,0,0,0,c,a,5490
1,2023-09-10,0,0,0,0,0,0,c,a,5490
1,2023-09-11,8770,888,1,1,0,0,c,a,5490
1,2023-09-12,7759,811,1,0,0,0,c,a,5490
1,2023-09-13,7621,585,1,0,0,0,c,a,5490
1,2023-09-14,8463,623,1,1,0,0,c,a,5490
1,2023-09-15,6363,743,1,0,0,0,c,a,5490
1,2023-09-16,5950,430,1,0,0,0,c,a,5490
1,2023-09-17,0,0,0,0,0,0,c,a,5490
1,2023-09-18,7190,653,1,0,0,0,c,a,5490
1,2023-09-19,8450,675,1,0,0,0,c,a,5490
1,2023-09-20,8788,766,1,1,0,0,c,a,5490
1,2023-09-21,8712,1045,1,1,0,0,c,a,5490
1,2023-09-22,6926,746,1,0,0,0,c,a,5490
1,2023-09-23,6717,504,1,1,0,0,c,a,5490
1,2023-09-24,0,0,0,0,0,0,c,a,5490
1,2023-09-25,7480,555,1,1,0,0,c,a,5490
1,2023-09-26,7080,774,1,0,0,0,c,a,5490
1,2023-09-27,7984,794,1,0,0,0,c,a,5490
1,2023-09-28,7281,748,1,0,0,0,c,a,5490
1,2023-09-29,7163,730,1,0,0,0,c,a,5490
1,2023-09-30,6756,776,1,1,0,0,c,a,5490
1,2023-10-01,0,0,0,0,0,0,c,a,5490
1,2023-10-02,6683,498,1,0,0,0,c,a,5490
1,2023-10-03,7679,565,1,0,0,0,c,a,5490
1,2023-10-04,9109,799,1,1,0,0,c,a,5490
1,2023-10-05,8109,814,1,1,0,0,c,a,5490
1,2023-10-06,6684,515,1,0,0,0,c,a,5490
1,2023-10-07,7136,661,1,1,0,0,c,a,5490
1,2023-10-08,0,0,0,0,0,0,c,a,5490
1,2023-10-09,6273,451,1,0,0,0,c,a,5490
1,2023-10-10,7258,583,1,0,0,0,c,a,5490
1,2023-10-11,7067,591,1,0,0,0,c,a,5490
1,2023-10-12,6222,456,1,0,0,0,c,a,5490
1,2023-10-13,7578,545,1,1,0,0,c,a,5490
1,2023-10-14,5743,569,1,0,0,0,c,a,5490
1,2023-10-15,0,0,0,0,0,0,c,a,5490
1,2023-10-16,6647,799,1,0,0,0,c,a,5490
1,2023-10-17,7620,652,1,1,0,0,c,a,5490
1,2023-10-18,7090,618,1,0,0,0,c,a,5490
1,2023-10-19,6909,635,1,0,0,0,c,a,5490
1,2023-10-20,6224,611,1,0,0,0,c,a,5490
1,2023-10-21,6360,747,1,1,0,0,c,a,5490
1,2023-10-22,0,0,0,0,0,0,c,a,5490
1,2023-10-23,6086,558,1,0,0,0,c,a,5490
1,2023-10-24,7847,610,1,1,0,0,c,a,5490
1,2023-10-25,7689,745,1,1,0,0,c,a,5490
1,2023-10-26,6761,776,1,0,0,0,c,a,5490
1,2023-10-27,6997,578,1,1,0,0,c,a,5490
1,2023-10-28,5473,523,1,0,0,0,c,a,5490
1,2023-10-29,0,0,0,0,0,0,c,a,5490
1,2023-10-30,5996,502,1,0,0,0,c,a,5490
1,2023-10-31,8585,1020,1,1,0,0,c,a,5490
1,2023-11-01,7095,815,1,0,0,0,c,a,5490
1,2023-11-02,7689,908,1,1,0,0,c,a,5490
1,2023-11-03,5973,528,1,0,0,0,c,a,5490
1,2023-11-04,5508,471,1,0,0,0,c,a,5490
1,2023-11-05,0,0,0,0,0,0,c,a,5490
1,2023-11-06,6229,653,1,0,0,0,c,a,5490
1,2023-11-07,6237,517,1,0,0,0,c,a,5490
1,2023-11-08,7243,860,1,1,0,0,c,a,5490
1,2023-11-09,6202,478,1,0,0,0,c,a,5490
1,2023-11-10,5530,525,1,0,0,0,c,a,5490
1,2023-11-11,5291,563,1,0,0,0,c,a,5490
1,2023-11-12,0,0,0,0,0,0,c,a,5490
1,2023-11-13,6338,511,1,0,0,0,c,a,5490
1,2023-11-14,7818,574,1,1,0,0,c,a,5490
1,2023-11-15,7717,653,1,1,0,0,c,a,5490
1,2023-11-16,7946,710,1,1,0,0,c,a,5490
1,2023-11-17,6489,613,1,1,0,0,c,a,5490
1,2023-11-18,6160,473,1,1,0,0,c,a,5490
1,2023-11-19,0,0,0,0,0,0,c,a,5490
1,2023-11-20,5948,455,1,0,0,0,c,a,5490
1,2023-11-21,6710,705,1,0,0,0,c,a,5490
1,2023-11-22,7632,699,1,1,0,0,c,a,5490
1,2023-11-23,6394,642,1,0,0,0,c,a,5490
1,2023-11-24,4780,496,1,0,0,0,c,a,5490
1,2023-11-25,5608,556,1,0,0,0,c,a,5490
1,2023-11-26,0,0,0,0,0,0,c,a,5490
1,2023-11-27,6638,517,1,1,0,0,c,a,5490
1,2023-11-28,8008,834,1,1,0,0,c,a,5490
1,2023-11-29,7446,913,1,1,0,0,c,a,5490
1,2023-11-30,7694,882,1,1,0,0,c,a,5490
1,2023-12-01,6943,764,1,1,0,0,c,a,5490
1,2023-12-02,5826,516,1,1,0,0,c,a,5490
1,2023-12-03,0,0,0,0,0,0,c,a,5490
1,2023-12-04,5283,589,1,0,0,0,c,a,5490
1,2023-12-05,6842,511,1,0,0,0,c,a,5490
1,2023-12-06,6225,600,1,0,0,0,c,a,5490
1,2023-12-07,5549,590,1,0,0,0,c,a,5490
1,2023-12-08,5442,418,1,0,0,0,c,a,5490
1,2023-12-09,5894,446,1,1,0,0,c,a,5490
1,2023-12-10,0,0,0,0,0,0,c,a,5490
1,2023-12-11,6575,625,1,1,0,0,c,a,5490
1,2023-12-12,6244,602,1,0,0,0,c,a,5490
1,2023-12-13,6154,535,1,0,0,0,c,a,5490
1,2023-12-14,5673,688,1,0,0,0,c,a,5490
1,2023-12-15,6797,654,1,1,0,0,c,a,5490
1,2023-12-16,5326,434,1,1,0,0,c,a,5490
1,2023-12-17,0,0,0,0,0,0,c,a,5490
1,2023-12-18,5709,425,1,0,0,0,c,a,5490
1,2023-12-19,5932,561,1,0,0,0,c,a,5490
1,2023-12-20,7495,584,1,1,0,0,c,a,5490
1,2023-12-21,6143,452,1,0,0,0,c,a,5490
1,2023-12-22,5020,469,1,0,0,0,c,a,5490
1,2023-12-23,5072,610,1,0,0,0,c,a,5490
1,2023-12-24,0,0,0,0,0,0,c,a,5490
1,2023-12-25,0,0,0,0,a,0,c,a,5490
1,2023-12-26,5856,549,1,0,0,0,c,a,5490
1,2023-12-27,6558,731,1,0,0,0,c,a,5490
1,2023-12-28,6125,477,1,1,0,0,c,a,5490
1,2023-12-29,6302,655,1,1,0,0,c,a,5490
1,2023-12-30,4737,453,1,0,0,0,c,a,5490
1,2023-12-31,0,0,0,0,0,0,c,a,5490
2,2020-01-01,0,0,0,0,a,0,c,a,5834
2,2020-01-02,4166,415,1,0,0,0,c,a,5834
2,2020-01-03,4787,505,1,1,0,0,c,a,5834
2,2020-01-04,3759,380,1,1,0,0,c,a,5834
2,2020-01-05,0,0,0,0,0,0,c,a,5834
2,2020-01-06,3478,401,1,0,0,0,c,a,5834
2,2020-01-07,5225,590,1,1,0,0,c,a,5834
2,2020-01-08,4501,521,1,0,0,0,c,a,5834
2,2020-01-09,4223,497,1,0,0,0,c,a,5834
2,2020-01-10,4191,300,1,0,0,0,c,a,5834
2,2020-01-11,3357,385,1,0,0,0,c,a,5834
2,2020-01-12,0,0,0,0,0,0,c,a,5834
2,2020-01-13,3006,297,1,0,0,0,c,a,5834
2,2020-01-14,5817,418,1,1,0,0,c,a,5834
2,2020-01-15,5316,501,1,1,0,0,c,a,5834
2,2020-01-16,4557,414,1,0,0,0,c,a,5834
2,2020-01-17,4801,589,1,1,0,0,c,a,5834
2,2020-01-18,3128,363,1,0,0,0,c,a,5834
2,2020-01-19,0,0,0,0,0,0,c,a,5834
2,2020-01-20,4636,416,1,1,0,0,c,a,5834
2,2020-01-21,4094,446,1,0,0,0,c,a,5834
2,2020-01-22,4391,346,1,1,0,0,c,a,5834
2,2020-01-23,5098,609,1,1,0,0,c,a,5834
2,2020-01-24,4381,511,1,0,0,0,c,a,5834
2,2020-01-25,4418,444,1,1,0,0,c,a,5834
2,2020-01-26,0,0,0,0,0,0,c,a,5834
2,2020-01-27,4780,401,1,1,0,0,c,a,5834
2,2020-01-28,4057,464,1,0,0,0,c,a,5834
2,2020-01-29,5546,638,1,1,0,0,c,a,5834
2,2020-01-30,5175,494,1,1,0,0,c,a,5834
2,2020-01-31,3365,412,1,0,0,0,c,a,5834
2,2020-02-01,4402,403,1,1,0,0,c,a,5834
2,2020-02-02,0,0,0,0,0,0,c,a,5834
2,2020-02-03,4967,412,1,1,0,0,c,a,5834
2,2020-02-04,5973,465,1,1,0,0,c,a,5834
2,2020-02-05,4537,353,1,0,0,0,c,a,5834
2,2020-02-06,5340,409,1,1,0,0,c,a,5834
2,2020-02-07,3181,248,1,0,0,0,c,a,5834
2,2020-02-08,4384,314,1,1,0,0,c,a,5834
2,2020-02-09,0,0,0,0,0,0,c,a,5834
2,2020-02-10,4889,384,1,1,0,0,c,a,5834
2,2020-02-11,4930,378,1,1,0,0,c,a,5834
2,2020-02-12,5760,501,1,1,0,0,c,a,5834
2,2020-02-13,4282,316,1,0,0,0,c,a,5834
2,2020-02-14,3904,445,1,0,0,0,c,a,5834
2,2020-02-15,3589,267,1,0,0,0,c,a,5834
2,2020-02-16,0,0,0,0,0,0,c,a,5834
2,2020-02-17,4948,564,1,1,0,0,c,a,5834
2,2020-02-18,4586,462,1,0,0,0,c,a,5834
2,2020-02-19,4679,394,1,1,0,0,c,a,5834
2,2020-02-20,4618,571,1,0,0,0,c,a,5834
2,2020-02-21,3857,340,1,0,0,0,c,a,5834
2,2020-02-22,3689,286,1,0,0,0,c,a,5834
2,2020-02-23,0,0,0,0,0,0,c,a,5834
2,2020-02-24,4505,375,1,0,0,0,c,a,5834
2,2020-02-25,5408,497,1,1,0,0,c,a,5834
2,2020-02-26,4441,523,1,0,0,0,c,a,5834
2,2020-02-27,5373,630,1,1,0,0,c,a,5834
2,2020-02-28,4141,310,1,0,0,0,c,a,5834
2,2020-02-29,3676,370,1,0,0,0,c,a,5834
2,2020-03-01,0,0,0,0,0,0,c,a,5834
2,2020-03-02,3766,286,1,0,0,0,c,a,5834
2,2020-03-03,5381,432,1,1,0,0,c,a,5834
2,2020-03-04,6197,710,1,1,0,0,c,a,5834
2,2020-03-05,5718,541,1,1,0,0,c,a,5834
2,2020-03-06,4832,564,1,1,0,0,c,a,5834
2,2020-03-07,5039,511,1,1,0,0,c,a,5834
2,2020-03-08,0,0,0,0,0,0,c,a,5834
2,2020-03-09,4655,364,1,0,0,0,c,a,5834
2,2020-03-10,4990,447,1,0,0,0,c,a,5834
2,2020-03-11,4605,470,1,0,0,0,c,a,5834
2,2020-03-12,4935,379,1,0,0,0,c,a,5834
2,2020-03-13,5465,503,1,1,0,0,c,a,5834
2,2020-03-14,3944,290,1,0,0,0,c,a,5834
2,2020-03-15,0,0,0,0,0,0,c,a,5834
2,2020-03-16,4510,468,1,0,0,0,c,a,5834
2,2020-03-17,5507,617,1,0,0,0,c,a,5834
2,2020-03-18,6322,561,1,1,0,0,c,a,5834
2,2020-03-19,5145,513,1,0,0,0,c,a,5834
2,2020-03-20,5449,487,1,1,0,0,c,a,5834
2,2020-03-21,4792,347,1,1,0,0,c,a,5834
2,2020-03-22,0,0,0,0,0,0,c,a,5834
2,2020-03-23,5783,425,1,1,0,0,c,a,5834
2,2020-03-24,5717,505,1,1,0,0,c,a,5834
2,2020-03-25,5709,576,1,1,0,0,c,a,5834
2,2020-03-26,6138,568,1,1,0,0,c,a,5834
2,2020-03-27,4340,482,1,0,0,0,c,a,5834
2,2020-03-28,3915,450,1,0,0,0,c,a,5834
2,2020-03-29,0,0,0,0,0,0,c,a,5834
2,2020-03-30,5649,426,1,1,0,0,c,a,5834
2,2020-03-31,5688,529,1,0,0,0,c,a,5834
2,2020-04-01,5807,541,1,0,0,0,c,a,5834
2,2020-04-02,4902,533,1,0,0,0,c,a,5834
2,2020-04-03,4724,493,1,0,0,0,c,a,5834
2,2020-04-04,4072,337,1,0,0,0,c,a,5834
2,2020-04-05,0,0,0,0,0,0,c,a,5834
2,2020-04-06,4761,406,1,0,0,0,c,a,5834
2,2020-04-07,6011,691,1,1,0,0,c,a,5834
2,2020-04-08,5424,555,1,0,0,0,c,a,5834
2,2020-04-09,5458,613,1,0,0,0,c,a,5834
2,2020-04-10,0,0,0,0,a,0,c,a,5834
2,2020-04-11,4915,370,1,0,0,0,c,a,5834
2,2020-04-12,0,0,0,0,0,0,c,a,5834
2,2020-04-13,5790,495,1,1,0,0,c,a,5834
2,2020-04-14,5755,580,1,0,0,0,c,a,5834
2,2020-04-15,5203,526,1,0,0,0,c,a,5834
2,2020-04-16,6184,458,1,1,0,0,c,a,5834
2,2020-04-17,4561,377,1,0,0,0,c,a,5834
2,2020-04-18,4368,313,1,0,0,0,c,a,5834
2,2020-04-19,0,0,0,0,0,0,c,a,5834
2,2020-04-20,5577,435,1,0,0,0,c,a,5834
2,2020-04-21,5146,488,1,0,0,0,c,a,5834
2,2020-04-22,6701,572,1,1,0,0,c,a,5834
2,2020-04-23,5290,399,1,0,0,0,c,a,5834
2,2020-04-24,5051,499,1,0,0,0,c,a,5834
2,2020-04-25,5091,625,1,1,0,0,c,a,5834
2,2020-04-26,0,0,0,0,0,0,c,a,5834
2,2020-04-27,5179,481,1,0,0,0,c,a,5834
2,2020-04-28,6491,483,1,1,0,0,c,a,5834
2,2020-04-29,6617,719,1,1,0,0,c,a,5834
2,2020-04-30,5145,466,1,0,0,0,c,a,5834
2,2020-05-01,4354,538,1,0,0,0,c,a,5834
2,2020-05-02,4323,327,1,0,0,0,c,a,5834
2,2020-05-03,0,0,0,0,0,0,c,a,5834
2,2020-05-04,5278,485,1,0,0,0,c,a,5834
2,2020-05-05,5796,448,1,0,0,0,c,a,5834
2,2020-05-06,6595,506,1,1,0,0,c,a,5834
2,2020-05-07,5898,575,1,0,0,0,c,a,5834
2,2020-05-08,5765,497,1,1,0,0,c,a,5834
2,2020-05-09,5087,387,1,0,0,0,c,a,5834
2,2020-05-10,0,0,0,0,0,0,c,a,5834
2,2020-05-11,6201,676,1,1,0,0,c,a,5834
2,2020-05-12,6066,754,1,0,0,0,c,a,5834
2,2020-05-13,6327,452,1,0,0,0,c,a,5834
2,2020-05-14,6515,682,1,0,0,0,c,a,5834
2,2020-05-15,4480,448,1,0,0,0,c,a,5834
2,2020-05-16,6190,577,1,1,0,0,c,a,5834
2,2020-05-17,0,0,0,0,0,0,c,a,5834
2,2020-05-18,5710,472,1,0,0,0,c,a,5834
2,2020-05-19,6199,741,1,0,0,0,c,a,5834
2,2020-05-20,7246,803,1,1,0,0,c,a,5834
2,2020-05-21,5461,546,1,0,0,0,c,a,5834
2,2020-05-22,6692,583,1,1,0,0,c,a,5834
2,2020-05-23,4731,339,1,0,0,0,c,a,5834
2,2020-05-24,0,0,0,0,0,0,c,a,5834
2,2020-05-25,5615,407,1,0,0,0,c,a,5834
2,2020-05-26,6199,566,1,0,0,0,c,a,5834
2,2020-05-27,6219,672,1,0,0,0,c,a,5834
2,2020-05-28,6587,759,1,1,0,0,c,a,5834
2,2020-05-29,5296,450,1,0,0,0,c,a,5834
2,2020-05-30,6364,487,1,1,0,0,c,a,5834
2,2020-05-31,0,0,0,0,0,0,c,a,5834
2,2020-06-01,5696,460,1,0,0,0,c,a,5834
2,2020-06-02,6134,520,1,0,0,0,c,a,5834
2,2020-06-03,7052,769,1,1,0,0,c,a,5834
2,2020-06-04,6809,706,1,1,0,0,c,a,5834
2,2020-06-05,6420,763,1,1,0,0,c,a,5834
2,2020-06-06,4486,326,1,0,0,0,c,a,5834
2,2020-06-07,0,0,0,0,0,0,c,a,5834
2,2020-06-08,6419,532,1,1,0,0,c,a,5834
2,2020-06-09,7628,668,1,1,0,0,c,a,5834
2,2020-06-10,6656,476,1,0,0,0,c,a,5834
2,2020-06-11,6165,497,1,0,0,0,c,a,5834
2,2020-06-12,6053,578,1,1,0,0,c,a,5834
2,2020-06-13,5133,522,1,0,0,0,c,a,5834
2,2020-06-14,0,0,0,0,0,0,c,a,5834
2,2020-06-15,6827,500,1,1,0,0,c,a,5834
2,2020-06-16,6684,706,1,0,0,0,c,a,5834
2,2020-06-17,7007,749,1,1,0,0,c,a,5834
2,2020-06-18,5729,441,1,0,0,0,c,a,5834
2,2020-06-19,5352,438,1,0,0,0,c,a,5834
2,2020-06-20,5205,417,1,0,0,0,c,a,5834
2,2020-06-21,0,0,0,0,0,0,c,a,5834
2,2020-06-22,5798,660,1,0,0,0,c,a,5834
2,2020-06-23,5828,588,1,0,0,0,c,a,5834
2,2020-06-24,7253,797,1,1,0,0,c,a,5834
2,2020-06-25,5931,565,1,0,0,0,c,a,5834
2,2020-06-26,6311,636,1,1,0,0,c,a,5834
2,2020-06-27,5174,589,1,0,0,0,c,a,5834
2,2020-06-28,0,0,0,0,0,0,c,a,5834
2,2020-06-29,6398,731,1,1,0,0,c,a,5834
2,2020-06-30,6638,560,1,0,0,0,c,a,5834
2,2020-07-01,6433,558,1,0,0,1,c,a,5834
2,2020-07-02,6421,545,1,0,0,1,c,a,5834
2,2020-07-03,6348,665,1,1,0,1,c,a,5834
2,2020-07-04,5857,651,1,0,0,1,c,a,5834
2,2020-07-05,0,0,0,0,0,1,c,a,5834
2,2020-07-06,6029,567,1,0,0,1,c,a,5834
2,2020-07-07,7847,680,1,1,0,1,c,a,5834
2,2020-07-08,6618,536,1,0,0,1,c,a,5834
2,2020-07-09,7393,601,1,1,0,1,c,a,5834
2,2020-07-10,6322,479,1,1,0,1,c,a,5834
2,2020-07-11,6029,617,1,0,0,1,c,a,5834
2,2020-07-12,0,0,0,0,0,1,c,a,5834
2,2020-07-13,6348,518,1,0,0,1,c,a,5834
2,2020-07-14,6911,537,1,1,0,1,c,a,5834
2,2020-07-15,7332,833,1,1,0,1,c,a,5834
2,2020-07-16,7451,751,1,1,0,1,c,a,5834
2,2020-07-17,5781,570,1,0,0,1,c,a,5834
2,2020-07-18,6049,733,1,1,0,1,c,a,5834
2,2020-07-19,0,0,0,0,0,1,c,a,5834
2,2020-07-20,6265,534,1,0,0,1,c,a,5834
2,2020-07-21,7490,880,1,1,0,1,c,a,5834
2,2020-07-22,6926,777,1,0,0,1,c,a,5834
2,2020-07-23,6280,629,1,0,0,1,c,a,5834
2,2020-07-24,6410,518,1,0,0,1,c,a,5834
2,2020-07-25,5239,589,1,0,0,1,c,a,5834
2,2020-07-26,0,0,0,0,0,1,c,a,5834
2,2020-07-27,6383,614,1,0,0,1,c,a,5834
2,2020-07-28,6120,549,1,0,0,1,c,a,5834
2,2020-07-29,7626,597,1,1,0,1,c,a,5834
2,2020-07-30,6441,511,1,0,0,1,c,a,5834
2,2020-07-31,6163,755,1,0,0,1,c,a,5834
2,2020-08-01,6746,502,1,1,0,1,c,a,5834
2,2020-08-02,0,0,0,0,0,1,c,a,5834
2,2020-08-03,5928,525,1,0,0,1,c,a,5834
2,2020-08-04,8051,608,1,1,0,1,c,a,5834
2,2020-08-05,7560,880,1,1,0,1,c,a,5834
2,2020-08-06,7046,706,1,1,0,1,c,a,5834
2,2020-08-07,5419,572,1,0,0,1,c,a,5834
2,2020-08-08,5632,671,1,0,0,1,c,a,5834
2,2020-08-09,0,0,0,0,0,1,c,a,5834
2,2020-08-10,5961,700,1,0,0,1,c,a,5834
2,2020-08-11,7227,767,1,1,0,1,c,a,5834
2,2020-08-12,7252,571,1,1,0,1,c,a,5834
2,2020-08-13,7242,520,1,1,0,1,c,a,5834
2,2020-08-14,6600,561,1,1,0,1,c,a,5834
2,2020-08-15,6024,612,1,1,0,1,c,a,5834
2,2020-08-16,0,0,0,0,0,1,c,a,5834
2,2020-08-17,6904,584,1,1,0,1,c,a,5834
2,2020-08-18,6606,576,1,0,0,1,c,a,5834
2,2020-08-19,6841,492,1,0,0,1,c,a,5834
2,2020-08-20,6930,509,1,1,0,1,c,a,5834
2,2020-08-21,6122,452,1,0,0,1,c,a,5834
2,2020-08-22,5187,527,1,0,0,1,c,a,5834
2,2020-08-23,0,0,0,0,0,1,c,a,5834
2,2020-08-24,5356,537,1,0,0,1,c,a,5834
2,2020-08-25,6495,643,1,0,0,1,c,a,5834
2,2020-08-26,7414,629,1,1,0,1,c,a,5834
2,2020-08-27,6574,747,1,1,0,1,c,a,5834
2,2020-08-28,6335,759,1,1,0,1,c,a,5834
2,2020-08-29,5213,466,1,0,0,1,c,a,5834
2,2020-08-30,0,0,0,0,0,1,c,a,5834
2,2020-08-31,5666,691,1,0,0,1,c,a,5834
2,2020-09-01,5397,514,1,0,0,0,c,a,5834
2,2020-09-02,5681,530,1,0,0,0,c,a,5834
2,2020-09-03,5699,509,1,1,0,0,c,a,5834
2,2020-09-04,5374,401,1,0,0,0,c,a,5834
2,2020-09-05,5453,452,1,1,0,0,c,a,5834
2,2020-09-06,0,0,0,0,0,0,c,a,5834
2,2020-09-07,5281,423,1,0,0,0,c,a,5834
2,2020-09-08,5812,444,1,0,0,0,c,a,5834
2,2020-09-09,5523,419,1,0,0,0,c,a,5834
2,2020-09-10,6186,546,1,0,0,0,c,a,5834
2,2020-09-11,5151,411,1,0,0,0,c,a,5834
2,2020-09-12,5287,398,1,1,0,0,c,a,5834
2,2020-09-13,0,0,0,0,0,0,c,a,5834
2,2020-09-14,6195,629,1,1,0,0,c,a,5834
2,2020-09-15,5264,623,1,0,0,0,c,a,5834
2,2020-09-16,6225,498,1,1,0,0,c,a,5834
2,2020-09-17,6401,740,1,1,0,0,c,a,5834
2,2020-09-18,4562,388,1,0,0,0,c,a,5834
2,2020-09-19,4746,443,1,0,0,0,c,a,5834
2,2020-09-20,0,0,0,0,0,0,c,a,5834
2,2020-09-21,6142,463,1,1,0,0,c,a,5834
2,2020-09-22,6462,537,1,1,0,0,c,a,5834
2,2020-09-23,5375,418,1,0,0,0,c,a,5834
2,2020-09-24,5218,458,1,0,0,0,c,a,5834
2,2020-09-25,4789,460,1,0,0,0,c,a,5834
2,2020-09-26,5297,551,1,1,0,0,c,a,5834
2,2020-09-27,0,0,0,0,0,0,c,a,5834
2,2020-09-28,4773,347,1,0,0,0,c,a,5834
2,2020-09-29,5571,686,1,0,0,0,c,a,5834
2,2020-09-30,5896,557,1,1,0,0,c,a,5834
2,2020-10-01,5139,550,1,0,0,0,c,a,5834
2,2020-10-02,4690,365,1,0,0,0,c,a,5834
2,2020-10-03,5099,454,1,1,0,0,c,a,5834
2,2020-10-04,0,0,0,0,0,0,c,a,5834
2,2020-10-05,6005,430,1,1,0,0,c,a,5834
2,2020-10-06,4932,409,1,0,0,0,c,a,5834
2,2020-10-07,6235,642,1,1,0,0,c,a,5834
2,2020-10-08,5108,628,1,0,0,0,c,a,5834
2,2020-10-09,5818,658,1,1,0,0,c,a,5834
2,2020-10-10,4091,375,1,0,0,0,c,a,5834
2,2020-10-11,0,0,0,0,0,0,c,a,5834
2,2020-10-12,4570,356,1,0,0,0,c,a,5834
2,2020-10-13,5962,512,1,1,0,0,c,a,5834
2,2020-10-14,5099,441,1,0,0,0,c,a,5834
2,2020-10-15,6184,674,1,1,0,0,c,a,5834
2,2020-10-16,4493,429,1,0,0,0,c,a,5834
2,2020-10-17,5183,595,1,1,0,0,c,a,5834
2,2020-10-18,0,0,0,0,0,0,c,a,5834
2,2020-10-19,4377,480,1,0,0,0,c,a,5834
2,2020-10-20,6044,652,1,1,0,0,c,a,5834
2,2020-10-21,5317,611,1,0,0,0,c,a,5834
2,2020-10-22,5753,521,1,1,0,0,c,a,5834
2,2020-10-23,5794,533,1,1,0,0,c,a,5834
2,2020-10-24,3970,314,1,0,0,0,c,a,5834
2,2020-10-25,0,0,0,0,0,0,c,a,5834
2,2020-10-26,5090,455,1,1,0,0,c,a,5834
2,2020-10-27,6353,490,1,1,0,0,c,a,5834
2,2020-10-28,6389,471,1,1,0,0,c,a,5834
2,2020-10-29,5717,441,1,1,0,0,c,a,5834
2,2020-10-30,4559,431,1,1,0,0,c,a,5834
2,2020-10-31,4776,399,1,1,0,0,c,a,5834
2,2020-11-01,0,0,0,0,0,0,c,a,5834
2,2020-11-02,5257,471,1,1,0,0,c,a,5834
2,2020-11-03,5851,476,1,1,0,0,c,a,5834
2,2020-11-04,4257,414,1,0,0,0,c,a,5834
2,2020-11-05,3906,372,1,0,0,0,c,a,5834
2,2020-11-06,3847,335,1,0,0,0,c,a,5834
2,2020-11-07,4549,368,1,1,0,0,c,a,5834
2,2020-11-08,0,0,0,0,0,0,c,a,5834
2,2020-11-09,3855,342,1,0,0,0,c,a,5834
2,2020-11-10,4766,363,1,0,0,0,c,a,5834
2,2020-11-11,5007,497,1,0,0,0,c,a,5834
2,2020-11-12,4310,377,1,0,0,0,c,a,5834
2,2020-11-13,4551,426,1,1,0,0,c,a,5834
2,2020-11-14,3876,456,1,0,0,0,c,a,5834
2,2020-11-15,0,0,0,0,0,0,c,a,5834
2,2020-11-16,4778,412,1,1,0,0,c,a,5834
2,2020-11-17,4928,369,1,0,0,0,c,a,5834
2,2020-11-18,4722,410,1,0,0,0,c,a,5834
2,2020-11-19,5211,625,1,1,0,0,c,a,5834
2,2020-11-20,3460,261,1,0,0,0,c,a,5834
2,2020-11-21,3570,326,1,0,0,0,c,a,5834
2,2020-11-22,0,0,0,0,0,0,c,a,5834
2,2020-11-23,5182,399,1,1,0,0,c,a,5834
2,2020-11-24,4150,307,1,0,0,0,c,a,5834
2,2020-11-25,5341,540,1,1,0,0,c,a,5834
2,2020-11-26,4692,367,1,1,0,0,c,a,5834
2,2020-11-27,4210,373,1,1,0,0,c,a,5834
2,2020-11-28,3809,305,1,0,0,0,c,a,5834
2,2020-11-29,0,0,0,0,0,0,c,a,5834
2,2020-11-30,4436,411,1,0,0,0,c,a,5834
2,2020-12-01,4833,444,1,1,0,0,c,a,5834
2,2020-12-02,5358,462,1,1,0,0,c,a,5834
2,2020-12-03,4207,515,1,0,0,0,c,a,5834
2,2020-12-04,3795,365,1,0,0,0,c,a,5834
2,2020-12-05,4039,314,1,1,0,0,c,a,5834
2,2020-12-06,0,0,0,0,0,0,c,a,5834
2,2020-12-07,4014,342,1,0,0,0,c,a,5834
2,2020-12-08,5464,455,1,1,0,0,c,a,5834
2,2020-12-09,4370,537,1,0,0,0,c,a,5834
2,2020-12-10,4205,420,1,0,0,0,c,a,5834
2,2020-12-11,3851,293,1,0,0,0,c,a,5834
2,2020-12-12,4095,373,1,1,0,0,c,a,5834
2,2020-12-13,0,0,0,0,0,0,c,a,5834
2,2020-12-14,4755,482,1,1,0,0,c,a,5834
2,2020-12-15,5586,503,1,1,0,0,c,a,5834
2,2020-12-16,4622,464,1,0,0,0,c,a,5834
2,2020-12-17,4515,398,1,0,0,0,c,a,5834
2,2020-12-18,4695,551,1,1,0,0,c,a,5834
2,2020-12-19,3280,271,1,0,0,0,c,a,5834
2,2020-12-20,0,0,0,0,0,0,c,a,5834
2,2020-12-21,4098,321,1,0,0,0,c,a,5834
2,2020-12-22,4602,520,1,0,0,0,c,a,5834
2,2020-12-23,4978,382,1,0,0,0,c,a,5834
2,2020-12-24,5083,374,1,1,0,0,c,a,5834
2,2020-12-25,0,0,0,0,a,0,c,a,5834
2,2020-12-26,3926,322,1,1,0,0,c,a,5834
2,2020-12-27,0,0,0,0,0,0,c,a,5834
2,2020-12-28,3678,429,1,0,0,0,c,a,5834
2,2020-12-29,4550,417,1,0,0,0,c,a,5834
2,2020-12-30,4651,514,1,0,0,0,c,a,5834
2,2020-12-31,5208,453,1,1,0,0,c,a,5834
2,2021-01-01,0,0,0,0,a,0,c,a,5834
2,2021-01-02,3463,396,1,0,0,0,c,a,5834
2,2021-01-03,0,0,0,0,0,0,c,a,5834
2,2021-01-04,4643,425,1,1,0,0,c,a,5834
2,2021-01-05,4100,431,1,0,0,0,c,a,5834
2,2021-01-06,4304,347,1,0,0,0,c,a,5834
2,2021-01-07,4935,517,1,1,0,0,c,a,5834
2,2021-01-08,4599,350,1,1,0,0,c,a,5834
2,2021-01-09,3556,277,1,1,0,0,c,a,5834
2,2021-01-10,0,0,0,0,0,0,c,a,5834
2,2021-01-11,3521,285,1,0,0,0,c,a,5834
2,2021-01-12,5039,382,1,1,0,0,c,a,5834
2,2021-01-13,4562,544,1,0,0,0,c,a,5834
2,2021-01-14,4072,338,1,0,0,0,c,a,5834
2,2021-01-15,3560,331,1,0,0,0,c,a,5834
2,2021-01-16,3178,250,1,0,0,0,c,a,5834
2,2021-01-17,0,0,0,0,0,0,c,a,5834
2,2021-01-18,5190,597,1,1,0,0,c,a,5834
2,2021-01-19,4398,339,1,0,0,0,c,a,5834
2,2021-01-20,4549,356,1,0,0,0,c,a,5834
2,2021-01-21,4361,413,1,0,0,0,c,a,5834
2,2021-01-22,3870,283,1,0,0,0,c,a,5834
2,2021-01-23,3959,460,1,0,0,0,c,a,5834
2,2021-01-24,0,0,0,0,0,0,c,a,5834
2,2021-01-25,4317,428,1,0,0,0,c,a,5834
2,2021-01-26,5440,538,1,1,0,0,c,a,5834
2,2021-01-27,5383,516,1,1,0,0,c,a,5834
2,2021-01-28,5281,399,1,1,0,0,c,a,5834
2,2021-01-29,4149,373,1,1,0,0,c,a,5834
2,2021-01-30,4411,364,1,1,0,0,c,a,5834
2,2021-01-31,0,0,0,0,0,0,c,a,5834
2,2021-02-01,3900,432,1,0,0,0,c,a,5834
2,2021-02-02,4308,409,1,0,0,0,c,a,5834
2,2021-02-03,4717,524,1,0,0,0,c,a,5834
2,2021-02-04,3999,403,1,0,0,0,c,a,5834
2,2021-02-05,3601,287,1,0,0,0,c,a,5834
2,2021-02-06,4446,356,1,1,0,0,c,a,5834
2,2021-02-07,0,0,0,0,0,0,c,a,5834
2,2021-02-08,4276,530,1,0,0,0,c,a,5834
2,2021-02-09,4839,369,1,0,0,0,c,a,5834
2,2021-02-10,4603,410,1,0,0,0,c,a,5834
2,2021-02-11,4554,369,1,0,0,0,c,a,5834
2,2021-02-12,4201,386,1,0,0,0,c,a,5834
2,2021-02-13,4378,420,1,1,0,0,c,a,5834
2,2021-02-14,0,0,0,0,0,0,c,a,5834
2,2021-02-15,3934,384,1,0,0,0,c,a,5834
2,2021-02-16,4804,394,1,0,0,0,c,a,5834
2,2021-02-17,5675,596,1,1,0,0,c,a,5834
2,2021-02-18,4556,348,1,0,0,0,c,a,5834
2,2021-02-19,3995,287,1,0,0,0,c,a,5834
2,2021-02-20,4710,366,1,1,0,0,c,a,5834
2,2021-02-21,0,0,0,0,0,0,c,a,5834
2,2021-02-22,3589,303,1,0,0,0,c,a,5834
2,2021-02-23,5686,651,1,1,0,0,c,a,5834
2,2021-02-24,5704,521,1,1,0,0,c,a,5834
2,2021-02-25,5093,592,1,1,0,0,c,a,5834
2,2021-02-26,3769,320,1,0,0,0,c,a,5834
2,2021-02-27,4854,347,1,1,0,0,c,a,5834
2,2021-02-28,0,0,0,0,0,0,c,a,5834
2,2021-03-01,4201,404,1,0,0,0,c,a,5834
2,2021-03-02,4577,496,1,0,0,0,c,a,5834
2,2021-03-03,5581,591,1,1,0,0,c,a,5834
2,2021-03-04,5083,429,1,1,0,0,c,a,5834
2,2021-03-05,5175,434,1,1,0,0,c,a,5834
2,2021-03-06,4412,381,1,0,0,0,c,a,5834
2,2021-03-07,0,0,0,0,0,0,c,a,5834
2,2021-03-08,4415,452,1,0,0,0,c,a,5834
2,2021-03-09,5694,606,1,1,0,0,c,a,5834
2,2021-03-10,5533,635,1,0,0,0,c,a,5834
2,2021-03-11,5347,405,1,1,0,0,c,a,5834
2,2021-03-12,5515,651,1,1,0,0,c,a,5834
2,2021-03-13,3870,336,1,0,0,0,c,a,5834
2,2021-03-14,0,0,0,0,0,0,c,a,5834
2,2021-03-15,4645,371,1,0,0,0,c,a,5834
2,2021-03-16,5513,497,1,0,0,0,c,a,5834
2,2021-03-17,5464,487,1,1,0,0,c,a,5834
2,2021-03-18,5646,529,1,1,0,0,c,a,5834
2,2021-03-19,5247,418,1,1,0,0,c,a,5834
2,2021-03-20,4481,339,1,1,0,0,c,a,5834
2,2021-03-21,0,0,0,0,0,0,c,a,5834
2,2021-03-22,5336,652,1,1,0,0,c,a,5834
2,2021-03-23,6023,454,1,1,0,0,c,a,5834
2,2021-03-24,5185,498,1,0,0,0,c,a,5834
2,2021-03-25,5314,407,1,0,0,0,c,a,5834
2,2021-03-26,5096,459,1,1,0,0,c,a,5834
2,2021-03-27,5250,379,1,1,0,0,c,a,5834
2,2021-03-28,0,0,0,0,0,0,c,a,5834
2,2021-03-29,5193,645,1,0,0,0,c,a,5834
2,2021-03-30,5204,521,1,0,0,0,c,a,5834
2,2021-03-31,4990,493,1,0,0,0,c,a,5834
2,2021-04-01,5930,532,1,1,0,0,c,a,5834
2,2021-04-02,0,0,0,0,a,0,c,a,5834
2,2021-04-03,4421,351,1,0,0,0,c,a,5834
2,2021-04-04,0,0,0,0,0,0,c,a,5834
2,2021-04-05,5091,614,1,0,0,0,c,a,5834
2,2021-04-06,5347,392,1,0,0,0,c,a,5834
2,2021-04-07,5209,534,1,0,0,0,c,a,5834
2,2021-04-08,6215,544,1,1,0,0,c,a,5834
2,2021-04-09,5405,388,1,1,0,0,c,a,5834
2,2021-04-10,4763,374,1,0,0,0,c,a,5834
2,2021-04-11,0,0,0,0,0,0,c,a,5834
2,2021-04-12,5105,373,1,0,0,0,c,a,5834
2,2021-04-13,5843,610,1,0,0,0,c,a,5834
2,2021-04-14,5725,575,1,0,0,0,c,a,5834
2,2021-04-15,6417,556,1,1,0,0,c,a,5834
2,2021-04-16,6022,581,1,1,0,0,c,a,5834
2,2021-04-17,4384,522,1,0,0,0,c,a,5834
2,2021-04-18,0,0,0,0,0,0,c,a,5834
2,2021-04-19,5595,643,1,0,0,0,c,a,5834
2,2021-04-20,7061,681,1,1,0,0,c,a,5834
2,2021-04-21,5736,568,1,0,0,0,c,a,5834
2,2021-04-22,6539,541,1,1,0,0,c,a,5834
2,2021-04-23,5936,509,1,1,0,0,c,a,5834
2,2021-04-24,6146,491,1,1,0,0,c,a,5834
2,2021-04-25,0,0,0,0,0,0,c,a,5834
2,2021-04-26,5422,410,1,0,0,0,c,a,5834
2,2021-04-27,6775,789,1,1,0,0,c,a,5834
2,2021-04-28,5824,663,1,0,0,0,c,a,5834
2,2021-04-29,5468,559,1,0,0,0,c,a,5834
2,2021-04-30,5048,420,1,0,0,0,c,a,5834
2,2021-05-01,4927,609,1,0,0,0,c,a,5834
2,2021-05-02,0,0,0,0,0,0,c,a,5834
2,2021-05-03,6386,781,1,1,0,0,c,a,5834
2,2021-05-04,5871,529,1,0,0,0,c,a,5834
2,2021-05-05,6824,680,1,1,0,0,c,a,5834
2,2021-05-06,6748,716,1,1,0,0,c,a,5834
2,2021-05-07,5022,551,1,0,0,0,c,a,5834
2,2021-05-08,5286,623,1,0,0,0,c,a,5834
2,2021-05-09,0,0,0,0,0,0,c,a,5834
2,2021-05-10,6397,536,1,1,0,0,c,a,5834
2,2021-05-11,6757,498,1,1,0,0,c,a,5834
2,2021-05-12,6515,630,1,1,0,0,c,a,5834
2,2021-05-13,5965,484,1,0,0,0,c,a,5834
2,2021-05-14,4874,420,1,0,0,0,c,a,5834
2,2021-05-15,6450,495,1,1,0,0,c,a,5834
2,2021-05-16,0,0,0,0,0,0,c,a,5834
2,2021-05-17,5652,423,1,0,0,0,c,a,5834
2,2021-05-18,5916,678,1,0,0,0,c,a,5834
2,2021-05-19,5975,691,1,0,0,0,c,a,5834
2,2021-05-20,6874,829,1,1,0,0,c,a,5834
2,2021-05-21,6096,496,1,1,0,0,c,a,5834
2,2021-05-22,5133,404,1,0,0,0,c,a,5834
2,2021-05-23,0,0,0,0,0,0,c,a,5834
2,2021-05-24,6147,518,1,0,0,0,c,a,5834
2,2021-05-25,6908,629,1,1,0,0,c,a,5834
2,2021-05-26,6568,599,1,0,0,0,c,a,5834
2,2021-05-27,6623,546,1,1,0,0,c,a,5834
2,2021-05-28,5903,561,1,1,0,0,c,a,5834
2,2021-05-29,5230,600,1,0,0,0,c,a,5834
2,2021-05-30,0,0,0,0,0,0,c,a,5834
2,2021-05-31,5884,539,1,0,0,0,c,a,5834
2,2021-06-01,6369,746,1,0,0,0,c,a,5834
2,2021-06-02,7093,736,1,1,0,0,c,a,5834
2,2021-06-03,6564,497,1,1,0,0,c,a,5834
2,2021-06-04,6410,609,1,1,0,0,c,a,5834
2,2021-06-05,5549,546,1,0,0,0,c,a,5834
2,2021-06-06,0,0,0,0,0,0,c,a,5834
2,2021-06-07,5530,522,1,0,0,0,c,a,5834
2,2021-06-08,5954,633,1,0,0,0,c,a,5834
2,2021-06-09,7389,529,1,1,0,0,c,a,5834
2,2021-06-10,6765,512,1,1,0,0,c,a,5834
2,2021-06-11,5439,616,1,0,0,0,c,a,5834
2,2021-06-12,6473,602,1,1,0,0,c,a,5834
2,2021-06-13,0,0,0,0,0,0,c,a,5834
2,2021-06-14,6572,620,1,0,0,0,c,a,5834
2,2021-06-15,7684,849,1,1,0,0,c,a,5834
2,2021-06-16,6467,526,1,0,0,0,c,a,5834
2,2021-06-17,6105,624,1,0,0,0,c,a,5834
2,2021-06-18,6358,726,1,1,0,0,c,a,5834
2,2021-06-19,6157,543,1,1,0,0,c,a,5834
2,2021-06-20,0,0,0,0,0,0,c,a,5834
2,2021-06-21,5701,531,1,0,0,0,c,a,5834
2,2021-06-22,6602,672,1,0,0,0,c,a,5834
2,2021-06-23,6881,584,1,1,0,0,c,a,5834
2,2021-06-24,6142,487,1,0,0,0,c,a,5834
2,2021-06-25,5483,427,1,0,0,0,c,a,5834
2,2021-06-26,5337,545,1,0,0,0,c,a,5834
2,2021-06-27,0,0,0,0,0,0,c,a,5834
2,2021-06-28,6221,587,1,0,0,0,c,a,5834
2,2021-06-29,7131,619,1,1,0,0,c,a,5834
2,2021-06-30,6405,574,1,0,0,0,c,a,5834
2,2021-07-01,7515,708,1,1,0,1,c,a,5834
2,2021-07-02,5969,479,1,0,0,1,c,a,5834
2,2021-07-03,6873,737,1,1,0,1,c,a,5834
2,2021-07-04,0,0,0,0,0,1,c,a,5834
2,2021-07-05,5852,436,1,0,0,1,c,a,5834
2,2021-07-06,7069,511,1,0,0,1,c,a,5834
2,2021-07-07,6725,609,1,0,0,1,c,a,5834
2,2021-07-08,7324,679,1,1,0,1,c,a,5834
2,2021-07-09,6536,562,1,1,0,1,c,a,5834
2,2021-07-10,6447,639,1,1,0,1,c,a,5834
2,2021-07-11,0,0,0,0,0,1,c,a,5834
2,2021-07-12,5874,686,1,0,0,1,c,a,5834
2,2021-07-13,7592,675,1,1,0,1,c,a,5834
2,2021-07-14,7128,565,1,0,0,1,c,a,5834
2,2021-07-15,6983,813,1,1,0,1,c,a,5834
2,2021-07-16,6132,530,1,0,0,1,c,a,5834
2,2021-07-17,6525,513,1,1,0,1,c,a,5834
2,2021-07-18,0,0,0,0,0,1,c,a,5834
2,2021-07-19,7436,770,1,1,0,1,c,a,5834
2,2021-07-20,6635,492,1,0,0,1,c,a,5834
2,2021-07-21,7813,652,1,1,0,1,c,a,5834
2,2021-07-22,7583,770,1,1,0,1,c,a,5834
2,2021-07-23,6279,624,1,0,0,1,c,a,5834
2,2021-07-24,6646,480,1,1,0,1,c,a,5834
2,2021-07-25,0,0,0,0,0,1,c,a,5834
2,2021-07-26,6865,626,1,1,0,1,c,a,5834
2,2021-07-27,7515,657,1,1,0,1,c,a,5834
2,2021-07-28,7252,532,1,0,0,1,c,a,5834
2,2021-07-29,6992,698,1,0,0,1,c,a,5834
2,2021-07-30,5759,488,1,0,0,1,c,a,5834
2,2021-07-31,5647,485,1,0,0,1,c,a,5834
2,2021-08-01,0,0,0,0,0,1,c,a,5834
2,2021-08-02,7536,675,1,1,0,1,c,a,5834
2,2021-08-03,7778,629,1,1,0,1,c,a,5834
2,2021-08-04,7793,852,1,1,0,1,c,a,5834
2,2021-08-05,6344,725,1,0,0,1,c,a,5834
2,2021-08-06,6037,697,1,0,0,1,c,a,5834
2,2021-08-07,5537,579,1,0,0,1,c,a,5834
2,2021-08-08,0,0,0,0,0,1,c,a,5834
2,2021-08-09,7097,577,1,1,0,1,c,a,5834
2,2021-08-10,7487,771,1,1,0,1,c,a,5834
2,2021-08-11,7686,781,1,1,0,1,c,a,5834
2,2021-08-12,6976,629,1,1,0,1,c,a,5834
2,2021-08-13,5861,587,1,0,0,1,c,a,5834
2,2021-08-14,6657,790,1,1,0,1,c,a,5834
2,2021-08-15,0,0,0,0,0,1,c,a,5834
2,2021-08-16,6681,519,1,1,0,1,c,a,5834
2,2021-08-17,7505,765,1,1,0,1,c,a,5834
2,2021-08-18,6556,618,1,0,0,1,c,a,5834
2,2021-08-19,6423,690,1,0,0,1,c,a,5834
2,2021-08-20,6784,818,1,1,0,1,c,a,5834
2,2021-08-21,5593,587,1,0,0,1,c,a,5834
2,2021-08-22,0,0,0,0,0,1,c,a,5834
2,2021-08-23,6578,574,1,1,0,1,c,a,5834
2,2021-08-24,6366,472,1,0,0,1,c,a,5834
2,2021-08-25,7698,856,1,1,0,1,c,a,5834
2,2021-08-26,5669,427,1,0,0,1,c,a,5834
2,2021-08-27,5552,405,1,0,0,1,c,a,5834
2,2021-08-28,4932,437,1,0,0,1,c,a,5834
2,2021-08-29,0,0,0,0,0,1,c,a,5834
2,2021-08-30,6861,750,1,1,0,1,c,a,5834
2,2021-08-31,6057,469,1,0,0,1,c,a,5834
2,2021-09-01,5978,522,1,0,0,0,c,a,5834
2,2021-09-02,5387,511,1,0,0,0,c,a,5834
2,2021-09-03,5166,416,1,0,0,0,c,a,5834
2,2021-09-04,5447,578,1,1,0,0,c,a,5834
2,2021-09-05,0,0,0,0,0,0,c,a,5834
2,2021-09-06,5389,616,1,0,0,0,c,a,5834
2,2021-09-07,5590,671,1,0,0,0,c,a,5834
2,2021-09-08,5694,660,1,0,0,0,c,a,5834
2,2021-09-09,5688,643,1,0,0,0,c,a,5834
2,2021-09-10,4257,423,1,0,0,0,c,a,5834
2,2021-09-11,4724,389,1,0,0,0,c,a,5834
2,2021-09-12,0,0,0,0,0,0,c,a,5834
2,2021-09-13,5195,590,1,0,0,0,c,a,5834
2,2021-09-14,6292,478,1,1,0,0,c,a,5834
2,2021-09-15,6435,601,1,1,0,0,c,a,5834
2,2021-09-16,5205,486,1,0,0,0,c,a,5834
2,2021-09-17,5853,426,1,1,0,0,c,a,5834
2,2021-09-18,4482,338,1,0,0,0,c,a,5834
2,2021-09-19,0,0,0,0,0,0,c,a,5834
2,2021-09-20,5805,723,1,0,0,0,c,a,5834
2,2021-09-21,5197,407,1,0,0,0,c,a,5834
2,2021-09-22,6223,635,1,1,0,0,c,a,5834
2,2021-09-23,5300,640,1,0,0,0,c,a,5834
2,2021-09-24,5749,426,1,1,0,0,c,a,5834
2,2021-09-25,4463,369,1,0,0,0,c,a,5834
2,2021-09-26,0,0,0,0,0,0,c,a,5834
2,2021-09-27,4820,566,1,0,0,0,c,a,5834
2,2021-09-28,6183,498,1,1,0,0,c,a,5834
2,2021-09-29,5510,593,1,0,0,0,c,a,5834
2,2021-09-30,5908,690,1,1,0,0,c,a,5834
2,2021-10-01,4488,426,1,0,0,0,c,a,5834
2,2021-10-02,4548,515,1,0,0,0,c,a,5834
2,2021-10-03,0,0,0,0,0,0,c,a,5834
2,2021-10-04,5001,616,1,0,0,0,c,a,5834
2,2021-10-05,5717,449,1,0,0,0,c,a,5834
2,2021-10-06,5701,579,1,0,0,0,c,a,5834
2,2021-10-07,5168,371,1,0,0,0,c,a,5834
2,2021-10-08,4429,353,1,0,0,0,c,a,5834
2,2021-10-09,4346,443,1,0,0,0,c,a,5834
2,2021-10-10,0,0,0,0,0,0,c,a,5834
2,2021-10-11,4517,382,1,0,0,0,c,a,5834
2,2021-10-12,5777,432,1,1,0,0,c,a,5834
2,2021-10-13,5737,466,1,1,0,0,c,a,5834
2,2021-10-14,4924,415,1,0,0,0,c,a,5834
2,2021-10-15,4520,422,1,0,0,0,c,a,5834
2,2021-10-16,4291,322,1,0,0,0,c,a,5834
2,2021-10-17,0,0,0,0,0,0,c,a,5834
2,2021-10-18,5238,572,1,1,0,0,c,a,5834
2,2021-10-19,5642,695,1,1,0,0,c,a,5834
2,2021-10-20,6458,472,1,1,0,0,c,a,5834
2,2021-10-21,6056,658,1,1,0,0,c,a,5834
2,2021-10-22,4499,360,1,1,0,0,c,a,5834
2,2021-10-23,3960,285,1,0,0,0,c,a,5834
2,2021-10-24,0,0,0,0,0,0,c,a,5834
2,2021-10-25,4764,525,1,0,0,0,c,a,5834
2,2021-10-26,4815,419,1,0,0,0,c,a,5834
2,2021-10-27,5955,478,1,1,0,0,c,a,5834
2,2021-10-28,4611,377,1,0,0,0,c,a,5834
2,2021-10-29,4304,319,1,0,0,0,c,a,5834
2,2021-10-30,3990,454,1,1,0,0,c,a,5834
2,2021-10-31,0,0,0,0,0,0,c,a,5834
2,2021-11-01,4599,348,1,0,0,0,c,a,5834
2,2021-11-02,6017,708,1,1,0,0,c,a,5834
2,2021-11-03,5446,573,1,0,0,0,c,a,5834
2,2021-11-04,5254,386,1,1,0,0,c,a,5834
2,2021-11-05,4188,312,1,1,0,0,c,a,5834
2,2021-11-06,3488,355,1,0,0,0,c,a,5834
2,2021-11-07,0,0,0,0,0,0,c,a,5834
2,2021-11-08,4351,402,1,0,0,0,c,a,5834
2,2021-11-09,5613,687,1,1,0,0,c,a,5834
2,2021-11-10,5527,544,1,1,0,0,c,a,5834
2,2021-11-11,5314,540,1,1,0,0,c,a,5834
2,2021-11-12,5449,395,1,1,0,0,c,a,5834
2,2021-11-13,3914,487,1,0,0,0,c,a,5834
2,2021-11-14,0,0,0,0,0,0,c,a,5834
2,2021-11-15,4310,501,1,0,0,0,c,a,5834
2,2021-11-16,4733,507,1,0,0,0,c,a,5834
2,2021-11-17,4752,340,1,0,0,0,c,a,5834
2,2021-11-18,5506,667,1,1,0,0,c,a,5834
2,2021-11-19,4314,318,1,0,0,0,c,a,5834
2,2021-11-20,3791,386,1,0,0,0,c,a,5834
2,2021-11-21,0,0,0,0,0,0,c,a,5834
2,2021-11-22,4066,290,1,0,0,0,c,a,5834
2,2021-11-23,5625,472,1,1,0,0,c,a,5834
2,2021-11-24,5626,687,1,1,0,0,c,a,5834
2,2021-11-25,4687,399,1,0,0,0,c,a,5834
2,2021-11-26,4029,463,1,0,0,0,c,a,5834
2,2021-11-27,4514,548,1,1,0,0,c,a,5834
2,2021-11-28,0,0,0,0,0,0,c,a,5834
2,2021-11-29,3850,319,1,0,0,0,c,a,5834
2,2021-11-30,5150,399,1,1,0,0,c,a,5834
2,2021-12-01,4537,403,1,0,0,0,c,a,5834
2,2021-12-02,5342,520,1,1,0,0,c,a,5834
2,2021-12-03,4388,455,1,1,0,0,c,a,5834
2,2021-12-04,3586,325,1,0,0,0,c,a,5834
2,2021-12-05,0,0,0,0,0,0,c,a,5834
2,2021-12-06,4227,346,1,0,0,0,c,a,5834
2,2021-12-07,4602,457,1,0,0,0,c,a,5834
2,2021-12-08,5373,400,1,1,0,0,c,a,5834
2,2021-12-09,5370,613,1,1,0,0,c,a,5834
2,2021-12-10,5004,540,1,1,0,0,c,a,5834
2,2021-12-11,3579,271,1,0,0,0,c,a,5834
2,2021-12-12,0,0,0,0,0,0,c,a,5834
2,2021-12-13,4464,383,1,0,0,0,c,a,5834
2,2021-12-14,4891,424,1,0,0,0,c,a,5834
2,2021-12-15,4833,590,1,0,0,0,c,a,5834
2,2021-12-16,4498,486,1,0,0,0,c,a,5834
2,2021-12-17,4730,358,1,1,0,0,c,a,5834
2,2021-12-18,3798,397,1,0,0,0,c,a,5834
2,2021-12-19,0,0,0,0,0,0,c,a,5834
2,2021-12-20,4216,526,1,0,0,0,c,a,5834
2,2021-12-21,5399,637,1,1,0,0,c,a,5834
2,2021-12-22,4665,541,1,0,0,0,c,a,5834
2,2021-12-23,4426,329,1,0,0,0,c,a,5834
2,2021-12-24,4693,546,1,1,0,0,c,a,5834
2,2021-12-25,0,0,0,0,a,0,c,a,5834
2,2021-12-26,0,0,0,0,0,0,c,a,5834
2,2021-12-27,4364,340,1,0,0,0,c,a,5834
2,2021-12-28,4277,407,1,0,0,0,c,a,5834
2,2021-12-29,4486,515,1,0,0,0,c,a,5834
2,2021-12-30,3782,288,1,0,0,0,c,a,5834
2,2021-12-31,4021,396,1,1,0,0,c,a,5834
2,2022-01-01,0,0,0,0,a,0,c,a,5834
2,2022-01-02,0,0,0,0,0,0,c,a,5834
2,2022-01-03,3930,341,1,0,0,0,c,a,5834
2,2022-01-04,5669,565,1,1,0,0,c,a,5834
2,2022-01-05,4448,392,1,0,0,0,c,a,5834
2,2022-01-06,5200,384,1,1,0,0,c,a,5834
2,2022-01-07,4739,407,1,1,0,0,c,a,5834
2,2022-01-08,3607,285,1,0,0,0,c,a,5834
2,2022-01-09,0,0,0,0,0,0,c,a,5834
2,2022-01-10,4075,321,1,0,0,0,c,a,5834
2,2022-01-11,4103,338,1,0,0,0,c,a,5834
2,2022-01-12,5415,555,1,1,0,0,c,a,5834
2,2022-01-13,4619,463,1,0,0,0,c,a,5834
2,2022-01-14,3480,382,1,0,0,0,c,a,5834
2,2022-01-15,3795,448,1,0,0,0,c,a,5834
2,2022-01-16,0,0,0,0,0,0,c,a,5834
2,2022-01-17,4686,497,1,1,0,0,c,a,5834
2,2022-01-18,4832,353,1,0,0,0,c,a,5834
2,2022-01-19,5246,456,1,1,0,0,c,a,5834
2,2022-01-20,4515,496,1,0,0,0,c,a,5834
2,2022-01-21,5001,472,1,1,0,0,c,a,5834
2,2022-01-22,3279,295,1,0,0,0,c,a,5834
2,2022-01-23,0,0,0,0,0,0,c,a,5834
2,2022-01-24,3869,442,1,0,0,0,c,a,5834
2,2022-01-25,5040,507,1,0,0,0,c,a,5834
2,2022-01-26,4867,555,1,0,0,0,c,a,5834
2,2022-01-27,4390,533,1,1,0,0,c,a,5834
2,2022-01-28,4653,416,1,1,0,0,c,a,5834
2,2022-01-29,3536,271,1,0,0,0,c,a,5834
2,2022-01-30,0,0,0,0,0,0,c,a,5834
2,2022-01-31,4799,413,1,1,0,0,c,a,5834
2,2022-02-01,5568,463,1,1,0,0,c,a,5834
2,2022-02-02,4493,338,1,0,0,0,c,a,5834
2,2022-02-03,4744,401,1,0,0,0,c,a,5834
2,2022-02-04,4402,507,1,1,0,0,c,a,5834
2,2022-02-05,3945,284,1,1,0,0,c,a,5834
2,2022-02-06,0,0,0,0,0,0,c,a,5834
2,2022-02-07,5790,664,1,1,0,0,c,a,5834
2,2022-02-08,5723,633,1,1,0,0,c,a,5834
2,2022-02-09,5415,490,1,1,0,0,c,a,5834
2,2022-02-10,5582,399,1,1,0,0,c,a,5834
2,2022-02-11,4683,427,1,1,0,0,c,a,5834
2,2022-02-12,4204,368,1,1,0,0,c,a,5834
2,2022-02-13,0,0,0,0,0,0,c,a,5834
2,2022-02-14,5124,522,1,1,0,0,c,a,5834
2,2022-02-15,4553,508,1,0,0,0,c,a,5834
2,2022-02-16,5372,666,1,1,0,0,c,a,5834
2,2022-02-17,4948,401,1,1,0,0,c,a,5834
2,2022-02-18,4357,396,1,0,0,0,c,a,5834
2,2022-02-19,3433,424,1,0,0,0,c,a,5834
2,2022-02-20,0,0,0,0,0,0,c,a,5834
2,2022-02-21,4248,497,1,0,0,0,c,a,5834
2,2022-02-22,4896,511,1,0,0,0,c,a,5834
2,2022-02-23,6145,453,1,1,0,0,c,a,5834
2,2022-02-24,5005,413,1,0,0,0,c,a,5834
2,2022-02-25,4895,402,1,1,0,0,c,a,5834
2,2022-02-26,3971,348,1,0,0,0,c,a,5834
2,2022-02-27,0,0,0,0,0,0,c,a,5834
2,2022-02-28,4015,316,1,0,0,0,c,a,5834
2,2022-03-01,5341,519,1,0,0,0,c,a,5834
2,2022-03-02,4994,551,1,0,0,0,c,a,5834
2,2022-03-03,5611,509,1,1,0,0,c,a,5834
2,2022-03-04,4154,517,1,0,0,0,c,a,5834
2,2022-03-05,4122,460,1,0,0,0,c,a,5834
2,2022-03-06,0,0,0,0,0,0,c,a,5834
2,2022-03-07,4595,436,1,0,0,0,c,a,5834
2,2022-03-08,4762,510,1,0,0,0,c,a,5834
2,2022-03-09,6256,568,1,1,0,0,c,a,5834
2,2022-03-10,4793,594,1,0,0,0,c,a,5834
2,2022-03-11,4303,379,1,0,0,0,c,a,5834
2,2022-03-12,4717,542,1,1,0,0,c,a,5834
2,2022-03-13,0,0,0,0,0,0,c,a,5834
2,2022-03-14,4382,532,1,0,0,0,c,a,5834
2,2022-03-15,6033,542,1,1,0,0,c,a,5834
2,2022-03-16,5614,521,1,0,0,0,c,a,5834
2,2022-03-17,6093,446,1,1,0,0,c,a,5834
2,2022-03-18,5322,443,1,1,0,0,c,a,5834
2,2022-03-19,4415,379,1,0,0,0,c,a,5834
2,2022-03-20,0,0,0,0,0,0,c,a,5834
2,2022-03-21,6076,540,1,1,0,0,c,a,5834
2,2022-03-22,5958,578,1,1,0,0,c,a,5834
2,2022-03-23,5438,614,1,0,0,0,c,a,5834
2,2022-03-24,4895,498,1,0,0,0,c,a,5834
2,2022-03-25,5540,401,1,1,0,0,c,a,5834
2,2022-03-26,5516,451,1,1,0,0,c,a,5834
2,2022-03-27,0,0,0,0,0,0,c,a,5834
2,2022-03-28,4610,568,1,0,0,0,c,a,5834
2,2022-03-29,6298,701,1,1,0,0,c,a,5834
2,2022-03-30,6362,577,1,1,0,0,c,a,5834
2,2022-03-31,5610,428,1,0,0,0,c,a,5834
2,2022-04-01,5157,472,1,1,0,0,c,a,5834
2,2022-04-02,5024,548,1,1,0,0,c,a,5834
2,2022-04-03,0,0,0,0,0,0,c,a,5834
2,2022-04-04,5565,562,1,1,0,0,c,a,5834
2,2022-04-05,5869,577,1,0,0,0,c,a,5834
2,2022-04-06,5960,564,1,0,0,0,c,a,5834
2,2022-04-07,5021,415,1,0,0,0,c,a,5834
2,2022-04-08,6076,644,1,1,0,0,c,a,5834
2,2022-04-09,5042,478,1,1,0,0,c,a,5834
2,2022-04-10,0,0,0,0,0,0,c,a,5834
2,2022-04-11,4987,569,1,0,0,0,c,a,5834
2,2022-04-12,5757,480,1,0,0,0,c,a,5834
2,2022-04-13,5850,486,1,0,0,0,c,a,5834
2,2022-04-14,6492,491,1,1,0,0,c,a,5834
2,2022-04-15,0,0,0,0,a,0,c,a,5834
2,2022-04-16,4846,397,1,0,0,0,c,a,5834
2,2022-04-17,0,0,0,0,0,0,c,a,5834
2,2022-04-18,5223,488,1,0,0,0,c,a,5834
2,2022-04-19,7060,522,1,1,0,0,c,a,5834
2,2022-04-20,6034,449,1,0,0,0,c,a,5834
2,2022-04-21,5489,466,1,0,0,0,c,a,5834
2,2022-04-22,5270,478,1,0,0,0,c,a,5834
2,2022-04-23,5166,382,1,0,0,0,c,a,5834
2,2022-04-24,0,0,0,0,0,0,c,a,5834
2,2022-04-25,6400,530,1,1,0,0,c,a,5834
2,2022-04-26,5525,448,1,0,0,0,c,a,5834
2,2022-04-27,7167,536,1,1,0,0,c,a,5834
2,2022-04-28,6963,630,1,1,0,0,c,a,5834
2,2022-04-29,6302,596,1,1,0,0,c,a,5834
2,2022-04-30,5644,456,1,1,0,0,c,a,5834
2,2022-05-01,0,0,0,0,0,0,c,a,5834
2,2022-05-02,6331,556,1,1,0,0,c,a,5834
2,2022-05-03,6526,612,1,1,0,0,c,a,5834
2,2022-05-04,7467,584,1,1,0,0,c,a,5834
2,2022-05-05,6066,440,1,1,0,0,c,a,5834
2,2022-05-06,6065,578,1,1,0,0,c,a,5834
2,2022-05-07,5038,403,1,0,0,0,c,a,5834
2,2022-05-08,0,0,0,0,0,0,c,a,5834
2,2022-05-09,5455,623,1,0,0,0,c,a,5834
2,2022-05-10,5925,444,1,0,0,0,c,a,5834
2,2022-05-11,7303,759,1,1,0,0,c,a,5834
2,2022-05-12,6956,788,1,1,0,0,c,a,5834
2,2022-05-13,5167,417,1,0,0,0,c,a,5834
2,2022-05-14,5180,407,1,0,0,0,c,a,5834
2,2022-05-15,0,0,0,0,0,0,c,a,5834
2,2022-05-16,5873,617,1,0,0,0,c,a,5834
2,2022-05-17,5946,703,1,0,0,0,c,a,5834
2,2022-05-18,6833,497,1,1,0,0,c,a,5834
2,2022-05-19,7291,595,1,1,0,0,c,a,5834
2,2022-05-20,6592,717,1,1,0,0,c,a,5834
2,2022-05-21,4853,346,1,0,0,0,c,a,5834
2,2022-05-22,0,0,0,0,0,0,c,a,5834
2,2022-05-23,6159,529,1,1,0,0,c,a,5834
2,2022-05-24,6088,710,1,0,0,0,c,a,5834
2,2022-05-25,7095,847,1,0,0,0,c,a,5834
2,2022-05-26,6923,737,1,1,0,0,c,a,5834
2,2022-05-27,6985,532,1,1,0,0,c,a,5834
2,2022-05-28,5244,548,1,0,0,0,c,a,5834
2,2022-05-29,0,0,0,0,0,0,c,a,5834
2,2022-05-30,6463,604,1,1,0,0,c,a,5834
2,2022-05-31,7382,654,1,1,0,0,c,a,5834
2,2022-06-01,7484,665,1,1,0,0,c,a,5834
2,2022-06-02,7385,597,1,1,0,0,c,a,5834
2,2022-06-03,6170,446,1,1,0,0,c,a,5834
2,2022-06-04,4843,503,1,0,0,0,c,a,5834
2,2022-06-05,0,0,0,0,0,0,c,a,5834
2,2022-06-06,5824,602,1,0,0,0,c,a,5834
2,2022-06-07,6461,528,1,0,0,0,c,a,5834
2,2022-06-08,6183,463,1,0,0,0,c,a,5834
2,2022-06-09,5581,629,1,0,0,0,c,a,5834
2,2022-06-10,5722,411,1,0,0,0,c,a,5834
2,2022-06-11,6375,775,1,1,0,0,c,a,5834
2,2022-06-12,0,0,0,0,0,0,c,a,5834
2,2022-06-13,6960,719,1,1,0,0,c,a,5834
2,2022-06-14,5914,436,1,0,0,0,c,a,5834
2,2022-06-15,6916,747,1,0,0,0,c,a,5834
2,2022-06-16,6428,517,1,0,0,0,c,a,5834
2,2022-06-17,6755,560,1,1,0,0,c,a,5834
2,2022-06-18,6274,506,1,1,0,0,c,a,5834
2,2022-06-19,0,0,0,0,0,0,c,a,5834
2,2022-06-20,6788,516,1,1,0,0,c,a,5834
2,2022-06-21,6253,719,1,0,0,0,c,a,5834
2,2022-06-22,6557,783,1,0,0,0,c,a,5834
2,2022-06-23,7428,632,1,1,0,0,c,a,5834
2,2022-06-24,6060,545,1,1,0,0,c,a,5834
2,2022-06-25,6506,534,1,1,0,0,c,a,5834
2,2022-06-26,0,0,0,0,0,0,c,a,5834
2,2022-06-27,7099,567,1,1,0,0,c,a,5834
2,2022-06-28,6215,570,1,0,0,0,c,a,5834
2,2022-06-29,6697,836,1,0,0,0,c,a,5834
2,2022-06-30,5759,433,1,0,0,0,c,a,5834
2,2022-07-01,6581,545,1,1,0,1,c,a,5834
2,2022-07-02,6312,488,1,0,0,1,c,a,5834
2,2022-07-03,0,0,0,0,0,1,c,a,5834
2,2022-07-04,6027,482,1,0,0,1,c,a,5834
2,2022-07-05,7205,672,1,0,0,1,c,a,5834
2,2022-07-06,7014,541,1,0,0,1,c,a,5834
2,2022-07-07,6659,649,1,0,0,1,c,a,5834
2,2022-07-08,7612,564,1,1,0,1,c,a,5834
2,2022-07-09,6703,608,1,1,0,1,c,a,5834
2,2022-07-10,0,0,0,0,0,1,c,a,5834
2,2022-07-11,6748,694,1,0,0,1,c,a,5834
2,2022-07-12,6567,647,1,0,0,1,c,a,5834
2,2022-07-13,7201,660,1,0,0,1,c,a,5834
2,2022-07-14,7064,525,1,0,0,1,c,a,5834
2,2022-07-15,6212,581,1,0,0,1,c,a,5834
2,2022-07-16,6730,492,1,1,0,1,c,a,5834
2,2022-07-17,0,0,0,0,0,1,c,a,5834
2,2022-07-18,5619,588,1,0,0,1,c,a,5834
2,2022-07-19,8259,616,1,1,0,1,c,a,5834
2,2022-07-20,7603,631,1,1,0,1,c,a,5834
2,2022-07-21,6638,554,1,0,0,1,c,a,5834
2,2022-07-22,6569,667,1,1,0,1,c,a,5834
2,2022-07-23,5678,476,1,0,0,1,c,a,5834
2,2022-07-24,0,0,0,0,0,1,c,a,5834
2,2022-07-25,7081,702,1,1,0,1,c,a,5834
2,2022-07-26,7576,712,1,1,0,1,c,a,5834
2,2022-07-27,7950,580,1,1,0,1,c,a,5834
2,2022-07-28,6580,612,1,0,0,1,c,a,5834
2,2022-07-29,6746,559,1,1,0,1,c,a,5834
2,2022-07-30,5299,456,1,0,0,1,c,a,5834
2,2022-07-31,0,0,0,0,0,1,c,a,5834
2,2022-08-01,7135,744,1,1,0,1,c,a,5834
2,2022-08-02,7321,801,1,1,0,1,c,a,5834
2,2022-08-03,7293,686,1,1,0,1,c,a,5834
2,2022-08-04,6411,606,1,0,0,1,c,a,5834
2,2022-08-05,6513,775,1,1,0,1,c,a,5834
2,2022-08-06,6555,577,1,1,0,1,c,a,5834
2,2022-08-07,0,0,0,0,0,1,c,a,5834
2,2022-08-08,6087,476,1,0,0,1,c,a,5834
2,2022-08-09,7004,830,1,0,0,1,c,a,5834
2,2022-08-10,7987,825,1,1,0,1,c,a,5834
2,2022-08-11,7160,540,1,1,0,1,c,a,5834
2,2022-08-12,6001,515,1,0,0,1,c,a,5834
2,2022-08-13,5955,449,1,0,0,1,c,a,5834
2,2022-08-14,0,0,0,0,0,1,c,a,5834
2,2022-08-15,6306,503,1,0,0,1,c,a,5834
2,2022-08-16,6474,583,1,0,0,1,c,a,5834
2,2022-08-17,6219,514,1,0,0,1,c,a,5834
2,2022-08-18,6131,479,1,0,0,1,c,a,5834
2,2022-08-19,6240,643,1,1,0,1,c,a,5834
2,2022-08-20,5341,433,1,0,0,1,c,a,5834
2,2022-08-21,0,0,0,0,0,1,c,a,5834
2,2022-08-22,5613,571,1,0,0,1,c,a,5834
2,2022-08-23,6913,861,1,0,0,1,c,a,5834
2,2022-08-24,6906,539,1,0,0,1,c,a,5834
2,2022-08-25,6186,653,1,0,0,1,c,a,5834
2,2022-08-26,5752,541,1,0,0,1,c,a,5834
2,2022-08-27,4824,549,1,0,0,1,c,a,5834
2,2022-08-28,0,0,0,0,0,1,c,a,5834
2,2022-08-29,6104,645,1,0,0,1,c,a,5834
2,2022-08-30,6173,534,1,0,0,1,c,a,5834
2,2022-08-31,7449,907,1,1,0,1,c,a,5834
2,2022-09-01,6794,534,1,1,0,0,c,a,5834
2,2022-09-02,5604,516,1,0,0,0,c,a,5834
2,2022-09-03,5001,620,1,0,0,0,c,a,5834
2,2022-09-04,0,0,0,0,0,0,c,a,5834
2,2022-09-05,5614,458,1,0,0,0,c,a,5834
2,2022-09-06,5652,423,1,0,0,0,c,a,5834
2,2022-09-07,6134,481,1,0,0,0,c,a,5834
2,2022-09-08,6393,487,1,1,0,0,c,a,5834
2,2022-09-09,5990,479,1,1,0,0,c,a,5834
2,2022-09-10,5998,485,1,1,0,0,c,a,5834
2,2022-09-11,0,0,0,0,0,0,c,a,5834
2,2022-09-12,6119,676,1,0,0,0,c,a,5834
2,2022-09-13,6830,754,1,1,0,0,c,a,5834
2,2022-09-14,5890,702,1,0,0,0,c,a,5834
2,2022-09-15,6689,576,1,1,0,0,c,a,5834
2,2022-09-16,5083,447,1,0,0,0,c,a,5834
2,2022-09-17,4875,417,1,0,0,0,c,a,5834
2,2022-09-18,0,0,0,0,0,0,c,a,5834
2,2022-09-19,5300,412,1,0,0,0,c,a,5834
2,2022-09-20,5176,445,1,0,0,0,c,a,5834
2,2022-09-21,6891,780,1,1,0,0,c,a,5834
2,2022-09-22,4986,440,1,0,0,0,c,a,5834
2,2022-09-23,5625,443,1,1,0,0,c,a,5834
2,2022-09-24,5053,383,1,1,0,0,c,a,5834
2,2022-09-25,0,0,0,0,0,0,c,a,5834
2,2022-09-26,5523,631,1,1,0,0,c,a,5834
2,2022-09-27,5326,439,1,0,0,0,c,a,5834
2,2022-09-28,5582,649,1,0,0,0,c,a,5834
2,2022-09-29,6128,520,1,1,0,0,c,a,5834
2,2022-09-30,5266,407,1,0,0,0,c,a,5834
2,2022-10-01,5432,419,1,1,0,0,c,a,5834
2,2022-10-02,0,0,0,0,0,0,c,a,5834
2,2022-10-03,5953,463,1,1,0,0,c,a,5834
2,2022-10-04,5360,643,1,0,0,0,c,a,5834
2,2022-10-05,5617,436,1,0,0,0,c,a,5834
2,2022-10-06,6297,463,1,1,0,0,c,a,5834
2,2022-10-07,5357,640,1,1,0,0,c,a,5834
2,2022-10-08,4628,529,1,0,0,0,c,a,5834
2,2022-10-09,0,0,0,0,0,0,c,a,5834
2,2022-10-10,6014,582,1,1,0,0,c,a,5834
2,2022-10-11,5237,384,1,0,0,0,c,a,5834
2,2022-10-12,5214,433,1,0,0,0,c,a,5834
2,2022-10-13,5067,440,1,0,0,0,c,a,5834
2,2022-10-14,5760,519,1,1,0,0,c,a,5834
2,2022-10-15,4544,348,1,0,0,0,c,a,5834
2,2022-10-16,0,0,0,0,0,0,c,a,5834
2,2022-10-17,4096,311,1,0,0,0,c,a,5834
2,2022-10-18,5313,514,1,0,0,0,c,a,5834
2,2022-10-19,5960,539,1,1,0,0,c,a,5834
2,2022-10-20,5954,426,1,1,0,0,c,a,5834
2,2022-10-21,5008,378,1,1,0,0,c,a,5834
2,2022-10-22,4875,518,1,1,0,0,c,a,5834
2,2022-10-23,0,0,0,0,0,0,c,a,5834
2,2022-10-24,4436,450,1,0,0,0,c,a,5834
2,2022-10-25,5479,571,1,0,0,0,c,a,5834
2,2022-10-26,5000,501,1,0,0,0,c,a,5834
2,2022-10-27,5275,485,1,0,0,0,c,a,5834
2,2022-10-28,4951,605,1,0,0,0,c,a,5834
2,2022-10-29,4047,478,1,0,0,0,c,a,5834
2,2022-10-30,0,0,0,0,0,0,c,a,5834
2,2022-10-31,4599,384,1,0,0,0,c,a,5834
2,2022-11-01,5404,497,1,0,0,0,c,a,5834
2,2022-11-02,5979,689,1,1,0,0,c,a,5834
2,2022-11-03,5293,413,1,0,0,0,c,a,5834
2,2022-11-04,4888,371,1,0,0,0,c,a,5834
2,2022-11-05,4791,380,1,1,0,0,c,a,5834
2,2022-11-06,0,0,0,0,0,0,c,a,5834
2,2022-11-07,5001,390,1,1,0,0,c,a,5834
2,2022-11-08,4715,351,1,0,0,0,c,a,5834
2,2022-11-09,4702,375,1,0,0,0,c,a,5834
2,2022-11-10,6032,539,1,1,0,0,c,a,5834
2,2022-11-11,4309,477,1,0,0,0,c,a,5834
2,2022-11-12,4835,364,1,1,0,0,c,a,5834
2,2022-11-13,0,0,0,0,0,0,c,a,5834
2,2022-11-14,4102,423,1,0,0,0,c,a,5834
2,2022-11-15,6179,469,1,1,0,0,c,a,5834
2,2022-11-16,5480,658,1,1,0,0,c,a,5834
2,2022-11-17,4664,562,1,0,0,0,c,a,5834
2,2022-11-18,5398,548,1,1,0,0,c,a,5834
2,2022-11-19,4503,401,1,1,0,0,c,a,5834
2,2022-11-20,0,0,0,0,0,0,c,a,5834
2,2022-11-21,4305,323,1,0,0,0,c,a,5834
2,2022-11-22,4685,381,1,0,0,0,c,a,5834
2,2022-11-23,5569,414,1,1,0,0,c,a,5834
2,2022-11-24,4796,443,1,0,0,0,c,a,5834
2,2022-11-25,4619,473,1,1,0,0,c,a,5834
2,2022-11-26,4268,386,1,0,0,0,c,a,5834
2,2022-11-27,0,0,0,0,0,0,c,a,5834
2,2022-11-28,4232,348,1,0,0,0,c,a,5834
2,2022-11-29,5892,449,1,1,0,0,c,a,5834
2,2022-11-30,5374,410,1,0,0,0,c,a,5834
2,2022-12-01,4809,534,1,0,0,0,c,a,5834
2,2022-12-02,3755,312,1,0,0,0,c,a,5834
2,2022-12-03,3593,291,1,0,0,0,c,a,5834
2,2022-12-04,0,0,0,0,0,0,c,a,5834
2,2022-12-05,4150,312,1,0,0,0,c,a,5834
2,2022-12-06,4104,319,1,0,0,0,c,a,5834
2,2022-12-07,4886,484,1,0,0,0,c,a,5834
2,2022-12-08,5448,608,1,1,0,0,c,a,5834
2,2022-12-09,4526,369,1,1,0,0,c,a,5834
2,2022-12-10,3862,410,1,1,0,0,c,a,5834
2,2022-12-11,0,0,0,0,0,0,c,a,5834
2,2022-12-12,4600,378,1,1,0,0,c,a,5834
2,2022-12-13,4265,423,1,0,0,0,c,a,5834
2,2022-12-14,5696,600,1,1,0,0,c,a,5834
2,2022-12-15,4240,471,1,0,0,0,c,a,5834
2,2022-12-16,5009,508,1,1,0,0,c,a,5834
2,2022-12-17,4235,347,1,1,0,0,c,a,5834
2,2022-12-18,0,0,0,0,0,0,c,a,5834
2,2022-12-19,4222,360,1,0,0,0,c,a,5834
2,2022-12-20,4524,561,1,0,0,0,c,a,5834
2,2022-12-21,5804,541,1,1,0,0,c,a,5834
2,2022-12-22,4889,362,1,1,0,0,c,a,5834
2,2022-12-23,4945,448,1,1,0,0,c,a,5834
2,2022-12-24,3155,232,1,0,0,0,c,a,5834
2,2022-12-25,0,0,0,0,a,0,c,a,5834
2,2022-12-26,4452,348,1,0,0,0,c,a,5834
2,2022-12-27,4799,449,1,0,0,0,c,a,5834
2,2022-12-28,5487,569,1,1,0,0,c,a,5834
2,2022-12-29,3861,289,1,0,0,0,c,a,5834
2,2022-12-30,3297,306,1,0,0,0,c,a,5834
2,2022-12-31,3949,407,1,0,0,0,c,a,5834
2,2023-01-01,0,0,0,0,a,0,c,a,5834
2,2023-01-02,3931,392,1,0,0,0,c,a,5834
2,2023-01-03,5207,550,1,0,0,0,c,a,5834
2,2023-01-04,5486,675,1,1,0,0,c,a,5834
2,2023-01-05,5274,565,1,1,0,0,c,a,5834
2,2023-01-06,4829,599,1,1,0,0,c,a,5834
2,2023-01-07,3898,373,1,0,0,0,c,a,5834
2,2023-01-08,0,0,0,0,0,0,c,a,5834
2,2023-01-09,4361,449,1,0,0,0,c,a,5834
2,2023-01-10,5339,382,1,0,0,0,c,a,5834
2,2023-01-11,4649,562,1,0,0,0,c,a,5834
2,2023-01-12,4883,492,1,0,0,0,c,a,5834
2,2023-01-13,4425,320,1,1,0,0,c,a,5834
2,2023-01-14,3880,277,1,0,0,0,c,a,5834
2,2023-01-15,0,0,0,0,0,0,c,a,5834
2,2023-01-16,4886,447,1,1,0,0,c,a,5834
2,2023-01-17,5230,468,1,1,0,0,c,a,5834
2,2023-01-18,5372,622,1,1,0,0,c,a,5834
2,2023-01-19,5519,616,1,1,0,0,c,a,5834
2,2023-01-20,4511,559,1,1,0,0,c,a,5834
2,2023-01-21,4178,481,1,1,0,0,c,a,5834
2,2023-01-22,0,0,0,0,0,0,c,a,5834
2,2023-01-23,5527,480,1,1,0,0,c,a,5834
2,2023-01-24,4678,371,1,0,0,0,c,a,5834
2,2023-01-25,4437,354,1,0,0,0,c,a,5834
2,2023-01-26,5342,471,1,1,0,0,c,a,5834
2,2023-01-27,4208,388,1,0,0,0,c,a,5834
2,2023-01-28,4911,593,1,1,0,0,c,a,5834
2,2023-01-29,0,0,0,0,0,0,c,a,5834
2,2023-01-30,5391,488,1,1,0,0,c,a,5834
2,2023-01-31,4823,490,1,0,0,0,c,a,5834
2,2023-02-01,5497,425,1,1,0,0,c,a,5834
2,2023-02-02,5153,466,1,1,0,0,c,a,5834
2,2023-02-03,3810,306,1,0,0,0,c,a,5834
2,2023-02-04,4062,308,1,0,0,0,c,a,5834
2,2023-02-05,0,0,0,0,0,0,c,a,5834
2,2023-02-06,4941,420,1,0,0,0,c,a,5834
2,2023-02-07,4486,357,1,0,0,0,c,a,5834
2,2023-02-08,5247,517,1,0,0,0,c,a,5834
2,2023-02-09,4477,325,1,0,0,0,c,a,5834
2,2023-02-10,4361,438,1,1,0,0,c,a,5834
2,2023-02-11,4430,502,1,1,0,0,c,a,5834
2,2023-02-12,0,0,0,0,0,0,c,a,5834
2,2023-02-13,3607,333,1,0,0,0,c,a,5834
2,2023-02-14,4348,490,1,0,0,0,c,a,5834
2,2023-02-15,5241,407,1,0,0,0,c,a,5834
2,2023-02-16,5803,605,1,1,0,0,c,a,5834
2,2023-02-17,3738,301,1,0,0,0,c,a,5834
2,2023-02-18,4719,356,1,1,0,0,c,a,5834
2,2023-02-19,0,0,0,0,0,0,c,a,5834
2,2023-02-20,4445,406,1,0,0,0,c,a,5834
2,2023-02-21,5118,407,1,0,0,0,c,a,5834
2,2023-02-22,5214,604,1,0,0,0,c,a,5834
2,2023-02-23,4946,574,1,0,0,0,c,a,5834
2,2023-02-24,4446,418,1,0,0,0,c,a,5834
2,2023-02-25,4036,292,1,0,0,0,c,a,5834
2,2023-02-26,0,0,0,0,0,0,c,a,5834
2,2023-02-27,4652,407,1,0,0,0,c,a,5834
2,2023-02-28,5397,474,1,0,0,0,c,a,5834
2,2023-03-01,4974,373,1,0,0,0,c,a,5834
2,2023-03-02,5178,584,1,0,0,0,c,a,5834
2,2023-03-03,5424,392,1,1,0,0,c,a,5834
2,2023-03-04,4794,589,1,1,0,0,c,a,5834
2,2023-03-05,0,0,0,0,0,0,c,a,5834
2,2023-03-06,5832,699,1,1,0,0,c,a,5834
2,2023-03-07,5332,475,1,0,0,0,c,a,5834
2,2023-03-08,5121,393,1,0,0,0,c,a,5834
2,2023-03-09,5330,452,1,1,0,0,c,a,5834
2,2023-03-10,4336,336,1,0,0,0,c,a,5834
2,2023-03-11,4541,455,1,0,0,0,c,a,5834
2,2023-03-12,0,0,0,0,0,0,c,a,5834
2,2023-03-13,5112,382,1,1,0,0,c,a,5834
2,2023-03-14,4740,542,1,0,0,0,c,a,5834
2,2023-03-15,5181,411,1,0,0,0,c,a,5834
2,2023-03-16,6522,545,1,1,0,0,c,a,5834
2,2023-03-17,5011,381,1,0,0,0,c,a,5834
2,2023-03-18,5235,382,1,1,0,0,c,a,5834
2,2023-03-19,0,0,0,0,0,0,c,a,5834
2,2023-03-20,5878,520,1,1,0,0,c,a,5834
2,2023-03-21,5371,452,1,0,0,0,c,a,5834
2,2023-03-22,6472,641,1,1,0,0,c,a,5834
2,2023-03-23,6311,492,1,1,0,0,c,a,5834
2,2023-03-24,5358,445,1,1,0,0,c,a,5834
2,2023-03-25,4041,423,1,0,0,0,c,a,5834
2,2023-03-26,0,0,0,0,0,0,c,a,5834
2,2023-03-27,5197,583,1,1,0,0,c,a,5834
2,2023-03-28,5370,425,1,0,0,0,c,a,5834
2,2023-03-29,5666,649,1,0,0,0,c,a,5834
2,2023-03-30,5449,412,1,0,0,0,c,a,5834
2,2023-03-31,4440,480,1,0,0,0,c,a,5834
2,2023-04-01,5909,474,1,1,0,0,c,a,5834
2,2023-04-02,0,0,0,0,0,0,c,a,5834
2,2023-04-03,5934,517,1,1,0,0,c,a,5834
2,2023-04-04,6432,704,1,1,0,0,c,a,5834
2,2023-04-05,5769,444,1,0,0,0,c,a,5834
2,2023-04-06,5135,486,1,0,0,0,c,a,5834
2,2023-04-07,0,0,0,0,a,0,c,a,5834
2,2023-04-08,4776,396,1,0,0,0,c,a,5834
2,2023-04-09,0,0,0,0,0,0,c,a,5834
2,2023-04-10,5881,518,1,1,0,0,c,a,5834
2,2023-04-11,6335,515,1,1,0,0,c,a,5834
2,2023-04-12,6890,732,1,1,0,0,c,a,5834
2,2023-04-13,5256,573,1,0,0,0,c,a,5834
2,2023-04-14,6423,719,1,1,0,0,c,a,5834
2,2023-04-15,5389,443,1,1,0,0,c,a,5834
2,2023-04-16,0,0,0,0,0,0,c,a,5834
2,2023-04-17,5410,552,1,0,0,0,c,a,5834
2,2023-04-18,5563,619,1,0,0,0,c,a,5834
2,2023-04-19,5735,603,1,0,0,0,c,a,5834
2,2023-04-20,6563,518,1,1,0,0,c,a,5834
2,2023-04-21,6649,579,1,1,0,0,c,a,5834
2,2023-04-22,5943,729,1,1,0,0,c,a,5834
2,2023-04-23,0,0,0,0,0,0,c,a,5834
2,2023-04-24,5421,439,1,0,0,0,c,a,5834
2,2023-04-25,6075,534,1,0,0,0,c,a,5834
2,2023-04-26,6604,512,1,1,0,0,c,a,5834
2,2023-04-27,6072,681,1,0,0,0,c,a,5834
2,2023-04-28,4902,444,1,0,0,0,c,a,5834
2,2023-04-29,5550,555,1,1,0,0,c,a,5834
2,2023-04-30,0,0,0,0,0,0,c,a,5834
2,2023-05-01,6649,778,1,0,0,0,c,a,5834
2,2023-05-02,6150,625,1,0,0,0,c,a,5834
2,2023-05-03,6431,487,1,1,0,0,c,a,5834
2,2023-05-04,5850,500,1,0,0,0,c,a,5834
2,2023-05-05,5378,589,1,0,0,0,c,a,5834
2,2023-05-06,6040,541,1,1,0,0,c,a,5834
2,2023-05-07,0,0,0,0,0,0,c,a,5834
2,2023-05-08,6245,749,1,1,0,0,c,a,5834
2,2023-05-09,6758,742,1,1,0,0,c,a,5834
2,2023-05-10,6502,503,1,0,0,0,c,a,5834
2,2023-05-11,7191,895,1,1,0,0,c,a,5834
2,2023-05-12,5537,411,1,0,0,0,c,a,5834
2,2023-05-13,6540,476,1,1,0,0,c,a,5834
2,2023-05-14,0,0,0,0,0,0,c,a,5834
2,2023-05-15,6578,503,1,1,0,0,c,a,5834
2,2023-05-16,7228,788,1,1,0,0,c,a,5834
2,2023-05-17,7151,665,1,1,0,0,c,a,5834
2,2023-05-18,6690,686,1,1,0,0,c,a,5834
2,2023-05-19,6464,469,1,1,0,0,c,a,5834
2,2023-05-20,5174,385,1,0,0,0,c,a,5834
2,2023-05-21,0,0,0,0,0,0,c,a,5834
2,2023-05-22,6780,513,1,1,0,0,c,a,5834
2,2023-05-23,7356,754,1,1,0,0,c,a,5834
2,2023-05-24,6717,681,1,0,0,0,c,a,5834
2,2023-05-25,6654,507,1,0,0,0,c,a,5834
2,2023-05-26,5882,522,1,0,0,0,c,a,5834
2,2023-05-27,5266,428,1,0,0,0,c,a,5834
2,2023-05-28,0,0,0,0,0,0,c,a,5834
2,2023-05-29,6018,453,1,0,0,0,c,a,5834
2,2023-05-30,7020,728,1,1,0,0,c,a,5834
2,2023-05-31,6686,575,1,0,0,0,c,a,5834
2,2023-06-01,6283,454,1,0,0,0,c,a,5834
2,2023-06-02,5007,392,1,0,0,0,c,a,5834
2,2023-06-03,5118,384,1,0,0,0,c,a,5834
2,2023-06-04,0,0,0,0,0,0,c,a,5834
2,2023-06-05,7116,780,1,1,0,0,c,a,5834
2,2023-06-06,6635,525,1,0,0,0,c,a,5834
2,2023-06-07,6589,657,1,0,0,0,c,a,5834
2,2023-06-08,6516,655,1,0,0,0,c,a,5834
2,2023-06-09,6857,573,1,1,0,0,c,a,5834
2,2023-06-10,6078,464,1,1,0,0,c,a,5834
2,2023-06-11,0,0,0,0,0,0,c,a,5834
2,2023-06-12,6335,657,1,0,0,0,c,a,5834
2,2023-06-13,6448,600,1,0,0,0,c,a,5834
2,2023-06-14,6700,815,1,0,0,0,c,a,5834
2,2023-06-15,6438,660,1,0,0,0,c,a,5834
2,2023-06-16,6805,538,1,1,0,0,c,a,5834
2,2023-06-17,5077,371,1,0,0,0,c,a,5834
2,2023-06-18,0,0,0,0,0,0,c,a,5834
2,2023-06-19,6887,797,1,1,0,0,c,a,5834
2,2023-06-20,7745,692,1,1,0,0,c,a,5834
2,2023-06-21,6664,552,1,0,0,0,c,a,5834
2,2023-06-22,6473,500,1,0,0,0,c,a,5834
2,2023-06-23,5435,461,1,0,0,0,c,a,5834
2,2023-06-24,5322,529,1,0,0,0,c,a,5834
2,2023-06-25,0,0,0,0,0,0,c,a,5834
2,2023-06-26,6533,677,1,1,0,0,c,a,5834
2,2023-06-27,7851,802,1,1,0,0,c,a,5834
2,2023-06-28,6929,741,1,0,0,0,c,a,5834
2,2023-06-29,7892,636,1,1,0,0,c,a,5834
2,2023-06-30,5812,471,1,0,0,0,c,a,5834
2,2023-07-01,6778,658,1,1,0,1,c,a,5834
2,2023-07-02,0,0,0,0,0,1,c,a,5834
2,2023-07-03,7045,544,1,0,0,1,c,a,5834
2,2023-07-04,8004,965,1,1,0,1,c,a,5834
2,2023-07-05,7901,564,1,1,0,1,c,a,5834
2,2023-07-06,7477,796,1,1,0,1,c,a,5834
2,2023-07-07,7451,758,1,1,0,1,c,a,5834
2,2023-07-08,5748,426,1,0,0,1,c,a,5834
2,2023-07-09,0,0,0,0,0,1,c,a,5834
2,2023-07-10,7654,584,1,1,0,1,c,a,5834
2,2023-07-11,7860,676,1,1,0,1,c,a,5834
2,2023-07-12,7121,534,1,0,0,1,c,a,5834
2,2023-07-13,7438,628,1,1,0,1,c,a,5834
2,2023-07-14,6228,459,1,0,0,1,c,a,5834
2,2023-07-15,6949,812,1,1,0,1,c,a,5834
2,2023-07-16,0,0,0,0,0,1,c,a,5834
2,2023-07-17,7047,698,1,1,0,1,c,a,5834
2,2023-07-18,7494,718,1,1,0,1,c,a,5834
2,2023-07-19,6924,604,1,0,0,1,c,a,5834
2,2023-07-20,7001,537,1,0,0,1,c,a,5834
2,2023-07-21,7090,523,1,1,0,1,c,a,5834
2,2023-07-22,5939,444,1,0,0,1,c,a,5834
2,2023-07-23,0,0,0,0,0,1,c,a,5834
2,2023-07-24,6998,845,1,1,0,1,c,a,5834
2,2023-07-25,7079,597,1,0,0,1,c,a,5834
2,2023-07-26,6769,620,1,0,0,1,c,a,5834
2,2023-07-27,7580,588,1,1,0,1,c,a,5834
2,2023-07-28,7299,798,1,1,0,1,c,a,5834
2,2023-07-29,5632,429,1,0,0,1,c,a,5834
2,2023-07-30,0,0,0,0,0,1,c,a,5834
2,2023-07-31,7394,566,1,1,0,1,c,a,5834
2,2023-08-01,7159,874,1,0,0,1,c,a,5834
2,2023-08-02,7449,572,1,1,0,1,c,a,5834
2,2023-08-03,6432,647,1,0,0,1,c,a,5834
2,2023-08-04,7124,511,1,1,0,1,c,a,5834
2,2023-08-05,5803,595,1,0,0,1,c,a,5834
2,2023-08-06,0,0,0,0,0,1,c,a,5834
2,2023-08-07,6547,482,1,0,0,1,c,a,5834
2,2023-08-08,7193,578,1,0,0,1,c,a,5834
2,2023-08-09,7476,776,1,0,0,1,c,a,5834
2,2023-08-10,6971,610,1,0,0,1,c,a,5834
2,2023-08-11,7137,806,1,1,0,1,c,a,5834
2,2023-08-12,6294,584,1,1,0,1,c,a,5834
2,2023-08-13,0,0,0,0,0,1,c,a,5834
2,2023-08-14,7187,536,1,1,0,1,c,a,5834
2,2023-08-15,6539,797,1,0,0,1,c,a,5834
2,2023-08-16,7745,636,1,1,0,1,c,a,5834
2,2023-08-17,7237,846,1,1,0,1,c,a,5834
2,2023-08-18,5964,561,1,0,0,1,c,a,5834
2,2023-08-19,5466,616,1,0,0,1,c,a,5834
2,2023-08-20,0,0,0,0,0,1,c,a,5834
2,2023-08-21,7075,799,1,1,0,1,c,a,5834
2,2023-08-22,7442,821,1,1,0,1,c,a,5834
2,2023-08-23,6543,573,1,0,0,1,c,a,5834
2,2023-08-24,7222,589,1,1,0,1,c,a,5834
2,2023-08-25,5702,444,1,0,0,1,c,a,5834
2,2023-08-26,5525,549,1,0,0,1,c,a,5834
2,2023-08-27,0,0,0,0,0,1,c,a,5834
2,2023-08-28,7081,622,1,1,0,1,c,a,5834
2,2023-08-29,6689,745,1,0,0,1,c,a,5834
2,2023-08-30,7947,902,1,1,0,1,c,a,5834
2,2023-08-31,6989,864,1,1,0,1,c,a,5834
2,2023-09-01,6244,711,1,1,0,0,c,a,5834
2,2023-09-02,5857,487,1,0,0,0,c,a,5834
2,2023-09-03,0,0,0,0,0,0,c,a,5834
2,2023-09-04,6703,577,1,1,0,0,c,a,5834
2,2023-09-05,7102,538,1,1,0,0,c,a,5834
2,2023-09-06,7036,630,1,1,0,0,c,a,5834
2,2023-09-07,6801,677,1,1,0,0,c,a,5834
2,2023-09-08,5590,425,1,0,0,0,c,a,5834
2,2023-09-09,5178,414,1,0,0,0,c,a,5834
2,2023-09-10,0,0,0,0,0,0,c,a,5834
2,2023-09-11,5892,433,1,0,0,0,c,a,5834
2,2023-09-12,7060,726,1,1,0,0,c,a,5834
2,2023-09-13,5639,542,1,0,0,0,c,a,5834
2,2023-09-14,7152,690,1,1,0,0,c,a,5834
2,2023-09-15,5197,378,1,0,0,0,c,a,5834
2,2023-09-16,5448,566,1,1,0,0,c,a,5834
2,2023-09-17,0,0,0,0,0,0,c,a,5834
2,2023-09-18,6422,598,1,1,0,0,c,a,5834
2,2023-09-19,6405,459,1,1,0,0,c,a,5834
2,2023-09-20,5487,497,1,0,0,0,c,a,5834
2,2023-09-21,6322,540,1,1,0,0,c,a,5834
2,2023-09-22,4662,433,1,0,0,0,c,a,5834
2,2023-09-23,5273,442,1,0,0,0,c,a,5834
2,2023-09-24,0,0,0,0,0,0,c,a,5834
2,2023-09-25,5644,478,1,0,0,0,c,a,5834
2,2023-09-26,7092,625,1,1,0,0,c,a,5834
2,2023-09-27,6772,498,1,1,0,0,c,a,5834
2,2023-09-28,4903,470,1,0,0,0,c,a,5834
2,2023-09-29,4630,359,1,0,0,0,c,a,5834
2,2023-09-30,5242,567,1,0,0,0,c,a,5834
2,2023-10-01,0,0,0,0,0,0,c,a,5834
2,2023-10-02,6138,471,1,1,0,0,c,a,5834
2,2023-10-03,5189,419,1,0,0,0,c,a,5834
2,2023-10-04,5560,460,1,0,0,0,c,a,5834
2,2023-10-05,6374,777,1,1,0,0,c,a,5834
2,2023-10-06,5617,644,1,1,0,0,c,a,5834
2,2023-10-07,5587,504,1,1,0,0,c,a,5834
2,2023-10-08,0,0,0,0,0,0,c,a,5834
2,2023-10-09,4917,430,1,0,0,0,c,a,5834
2,2023-10-10,5722,547,1,0,0,0,c,a,5834
2,2023-10-11,5685,702,1,0,0,0,c,a,5834
2,2023-10-12,5638,619,1,1,0,0,c,a,5834
2,2023-10-13,4370,314,1,0,0,0,c,a,5834
2,2023-10-14,4815,385,1,0,0,0,c,a,5834
2,2023-10-15,0,0,0,0,0,0,c,a,5834
2,2023-10-16,5091,436,1,0,0,0,c,a,5834
2,2023-10-17,6232,666,1,1,0,0,c,a,5834
2,2023-10-18,5392,513,1,0,0,0,c,a,5834
2,2023-10-19,6021,528,1,1,0,0,c,a,5834
2,2023-10-20,4377,353,1,0,0,0,c,a,5834
2,2023-10-21,4305,376,1,0,0,0,c,a,5834
2,2023-10-22,0,0,0,0,0,0,c,a,5834
2,2023-10-23,5898,611,1,1,0,0,c,a,5834
2,2023-10-24,5232,391,1,0,0,0,c,a,5834
2,2023-10-25,6768,651,1,1,0,0,c,a,5834
2,2023-10-26,4558,359,1,0,0,0,c,a,5834
2,2023-10-27,5139,472,1,1,0,0,c,a,5834
2,2023-10-28,3889,302,1,0,0,0,c,a,5834
2,2023-10-29,0,0,0,0,0,0,c,a,5834
2,2023-10-30,4447,346,1,0,0,0,c,a,5834
2,2023-10-31,5899,488,1,1,0,0,c,a,5834
2,2023-11-01,6602,523,1,1,0,0,c,a,5834
2,2023-11-02,5573,644,1,0,0,0,c,a,5834
2,2023-11-03,4318,312,1,0,0,0,c,a,5834
2,2023-11-04,3784,320,1,0,0,0,c,a,5834
2,2023-11-05,0,0,0,0,0,0,c,a,5834
2,2023-11-06,4320,366,1,0,0,0,c,a,5834
2,2023-11-07,5157,518,1,0,0,0,c,a,5834
2,2023-11-08,5905,718,1,1,0,0,c,a,5834
2,2023-11-09,4766,340,1,0,0,0,c,a,5834
2,2023-11-10,4974,600,1,1,0,0,c,a,5834
2,2023-11-11,4549,512,1,1,0,0,c,a,5834
2,2023-11-12,0,0,0,0,0,0,c,a,5834
2,2023-11-13,5589,404,1,1,0,0,c,a,5834
2,2023-11-14,6036,599,1,1,0,0,c,a,5834
2,2023-11-15,5413,638,1,0,0,0,c,a,5834
2,2023-11-16,5797,429,1,1,0,0,c,a,5834
2,2023-11-17,5267,376,1,1,0,0,c,a,5834
2,2023-11-18,4079,426,1,0,0,0,c,a,5834
2,2023-11-19,0,0,0,0,0,0,c,a,5834
2,2023-11-20,5760,430,1,1,0,0,c,a,5834
2,2023-11-21,5103,542,1,0,0,0,c,a,5834
2,2023-11-22,5064,529,1,0,0,0,c,a,5834
2,2023-11-23,4394,541,1,0,0,0,c,a,5834
2,2023-11-24,3685,287,1,0,0,0,c,a,5834
2,2023-11-25,4638,470,1,1,0,0,c,a,5834
2,2023-11-26,0,0,0,0,0,0,c,a,5834
2,2023-11-27,4868,489,1,0,0,0,c,a,5834
2,2023-11-28,6003,680,1,1,0,0,c,a,5834
2,2023-11-29,5450,404,1,1,0,0,c,a,5834
2,2023-11-30,5651,480,1,1,0,0,c,a,5834
2,2023-12-01,4151,425,1,0,0,0,c,a,5834
2,2023-12-02,4416,438,1,1,0,0,c,a,5834
2,2023-12-03,0,0,0,0,0,0,c,a,5834
2,2023-12-04,5526,641,1,1,0,0,c,a,5834
2,2023-12-05,4877,584,1,0,0,0,c,a,5834
2,2023-12-06,5581,427,1,1,0,0,c,a,5834
2,2023-12-07,3878,395,1,0,0,0,c,a,5834
2,2023-12-08,5102,529,1,1,0,0,c,a,5834
2,2023-12-09,4437,442,1,1,0,0,c,a,5834
2,2023-12-10,0,0,0,0,0,0,c,a,5834
2,2023-12-11,4953,461,1,1,0,0,c,a,5834
2,2023-12-12,5795,693,1,1,0,0,c,a,5834
2,2023-12-13,5876,572,1,1,0,0,c,a,5834
2,2023-12-14,5200,403,1,1,0,0,c,a,5834
2,2023-12-15,4298,516,1,0,0,0,c,a,5834
2,2023-12-16,3810,296,1,0,0,0,c,a,5834
2,2023-12-17,0,0,0,0,0,0,c,a,5834
2,2023-12-18,4155,383,1,0,0,0,c,a,5834
2,2023-12-19,5311,434,1,1,0,0,c,a,5834
2,2023-12-20,5654,474,1,1,0,0,c,a,5834
2,2023-12-21,5068,427,1,1,0,0,c,a,5834
2,2023-12-22,3882,294,1,0,0,0,c,a,5834
2,2023-12-23,3139,230,1,0,0,0,c,a,5834
2,2023-12-24,0,0,0,0,0,0,c,a,5834
2,2023-12-25,0,0,0,0,a,0,c,a,5834
2,2023-12-26,4346,539,1,0,0,0,c,a,5834
2,2023-12-27,4678,495,1,0,0,0,c,a,5834
2,2023-12-28,4675,380,1,0,0,0,c,a,5834
2,2023-12-29,3665,323,1,0,0,0,c,a,5834
2,2023-12-30,4293,383,1,1,0,0,c,a,5834
2,2023-12-31,0,0,0,0,0,0,c,a,5834
3,2020-01-01,0,0,0,0,a,0,b,c,4526
3,2020-01-02,8178,880,1,0,0,0,b,c,4526
3,2020-01-03,7360,608,1,0,0,0,b,c,4526
3,2020-01-04,8690,754,1,1,0,0,b,c,4526
3,2020-01-05,0,0,0,0,0,0,b,c,4526
3,2020-01-06,10664,952,1,1,0,0,b,c,4526
3,2020-01-07,12210,946,1,1,0,0,b,c,4526
3,2020-01-08,10315,998,1,1,0,0,b,c,4526
3,2020-01-09,8973,976,1,0,0,0,b,c,4526
3,2020-01-10,8425,676,1,0,0,0,b,c,4526
3,2020-01-11,7642,552,1,1,0,0,b,c,4526
3,2020-01-12,0,0,0,0,0,0,b,c,4526
3,2020-01-13,10033,960,1,1,0,0,b,c,4526
3,2020-01-14,8614,953,1,0,0,0,b,c,4526
3,2020-01-15,9905,1016,1,0,0,0,b,c,4526
3,2020-01-16,10794,1112,1,1,0,0,b,c,4526
3,2020-01-17,7211,823,1,0,0,0,b,c,4526
3,2020-01-18,8668,684,1,1,0,0,b,c,4526
3,2020-01-19,0,0,0,0,0,0,b,c,4526
3,2020-01-20,10414,753,1,1,0,0,b,c,4526
3,2020-01-21,8973,864,1,0,0,0,b,c,4526
3,2020-01-22,11434,1017,1,1,0,0,b,c,4526
3,2020-01-23,9065,763,1,0,0,0,b,c,4526
3,2020-01-24,7380,538,1,0,0,0,b,c,4526
3,2020-01-25,7449,750,1,0,0,0,b,c,4526
3,2020-01-26,0,0,0,0,0,0,b,c,4526
3,2020-01-27,8231,734,1,0,0,0,b,c,4526
3,2020-01-28,10840,883,1,1,0,0,b,c,4526
3,2020-01-29,9908,951,1,0,0,0,b,c,4526
3,2020-01-30,10401,1013,1,1,0,0,b,c,4526
3,2020-01-31,6309,758,1,0,0,0,b,c,4526
3,2020-02-01,8278,641,1,1,0,0,b,c,4526
3,2020-02-02,0,0,0,0,0,0,b,c,4526
3,2020-02-03,10158,930,1,1,0,0,b,c,4526
3,2020-02-04,8627,916,1,0,0,0,b,c,4526
3,2020-02-05,12113,1469,1,1,0,0,b,c,4526
3,2020-02-06,8620,912,1,0,0,0,b,c,4526
3,2020-02-07,9600,863,1,1,0,0,b,c,4526
3,2020-02-08,7243,723,1,0,0,0,b,c,4526
3,2020-02-09,0,0,0,0,0,0,b,c,4526
3,2020-02-10,9239,899,1,0,0,0,b,c,4526
3,2020-02-11,8903,776,1,0,0,0,b,c,4526
3,2020-02-12,10493,1147,1,0,0,0,b,c,4526
3,2020-02-13,9145,763,1,0,0,0,b,c,4526
3,2020-02-14,8578,978,1,0,0,0,b,c,4526
3,2020-02-15,7056,780,1,0,0,0,b,c,4526
3,2020-02-16,0,0,0,0,0,0,b,c,4526
3,2020-02-17,10356,1279,1,1,0,0,b,c,4526
3,2020-02-18,11713,1029,1,1,0,0,b,c,4526
3,2020-02-19,8608,881,1,0,0,0,b,c,4526
3,2020-02-20,11113,1294,1,1,0,0,b,c,4526
3,2020-02-21,10409,1030,1,1,0,0,b,c,4526
3,2020-02-22,9054,784,1,1,0,0,b,c,4526
3,2020-02-23,0,0,0,0,0,0,b,c,4526
3,2020-02-24,8807,955,1,0,0,0,b,c,4526
3,2020-02-25,10241,1193,1,0,0,0,b,c,4526
3,2020-02-26,11068,905,1,0,0,0,b,c,4526
3,2020-02-27,10835,883,1,1,0,0,b,c,4526
3,2020-02-28,10664,1309,1,1,0,0,b,c,4526
3,2020-02-29,8717,937,1,0,0,0,b,c,4526
3,2020-03-01,0,0,0,0,0,0,b,c,4526
3,2020-03-02,10314,765,1,1,0,0,b,c,4526
3,2020-03-03,12691,1334,1,1,0,0,b,c,4526
3,2020-03-04,12150,1040,1,1,0,0,b,c,4526
3,2020-03-05,10930,936,1,1,0,0,b,c,4526
3,2020-03-06,11520,1145,1,1,0,0,b,c,4526
3,2020-03-07,8276,743,1,0,0,0,b,c,4526
3,2020-03-08,0,0,0,0,0,0,b,c,4526
3,2020-03-09,10847,980,1,1,0,0,b,c,4526
3,2020-03-10,10219,1020,1,0,0,0,b,c,4526
3,2020-03-11,12489,943,1,1,0,0,b,c,4526
3,2020-03-12,10758,1010,1,0,0,0,b,c,4526
3,2020-03-13,9219,1091,1,0,0,0,b,c,4526
3,2020-03-14,8773,749,1,0,0,0,b,c,4526
3,2020-03-15,0,0,0,0,0,0,b,c,4526
3,2020-03-16,11793,1443,1,1,0,0,b,c,4526
3,2020-03-17,12082,986,1,1,0,0,b,c,4526
3,2020-03-18,11440,1388,1,0,0,0,b,c,4526
3,2020-03-19,9996,951,1,0,0,0,b,c,4526
3,2020-03-20,8661,797,1,0,0,0,b,c,4526
3,2020-03-21,8710,839,1,0,0,0,b,c,4526
3,2020-03-22,0,0,0,0,0,0,b,c,4526
3,2020-03-23,9695,734,1,0,0,0,b,c,4526
3,2020-03-24,12735,1449,1,1,0,0,b,c,4526
3,2020-03-25,13723,1485,1,1,0,0,b,c,4526
3,2020-03-26,10490,841,1,0,0,0,b,c,4526
3,2020-03-27,12044,939,1,1,0,0,b,c,4526
3,2020-03-28,8787,643,1,0,0,0,b,c,4526
3,2020-03-29,0,0,0,0,0,0,b,c,4526
3,2020-03-30,11067,1027,1,0,0,0,b,c,4526
3,2020-03-31,13125,1445,1,1,0,0,b,c,4526
3,2020-04-01,12217,884,1,0,0,0,b,c,4526
3,2020-04-02,13947,1074,1,1,0,0,b,c,4526
3,2020-04-03,9491,723,1,0,0,0,b,c,4526
3,2020-04-04,8781,906,1,0,0,0,b,c,4526
3,2020-04-05,0,0,0,0,0,0,b,c,4526
3,2020-04-06,9799,1179,1,0,0,0,b,c,4526
3,2020-04-07,11229,1194,1,0,0,0,b,c,4526
3,2020-04-08,11826,1065,1,0,0,0,b,c,4526
3,2020-04-09,13758,1174,1,1,0,0,b,c,4526
3,2020-04-10,0,0,0,0,a,0,b,c,4526
3,2020-04-11,9239,1033,1,0,0,0,b,c,4526
3,2020-04-12,0,0,0,0,0,0,b,c,4526
3,2020-04-13,11557,1006,1,0,0,0,b,c,4526
3,2020-04-14,11269,1248,1,0,0,0,b,c,4526
3,2020-04-15,10840,977,1,0,0,0,b,c,4526
3,2020-04-16,12356,1031,1,0,0,0,b,c,4526
3,2020-04-17,12062,870,1,1,0,0,b,c,4526
3,2020-04-18,8598,743,1,0,0,0,b,c,4526
3,2020-04-19,0,0,0,0,0,0,b,c,4526
3,2020-04-20,10416,757,1,0,0,0,b,c,4526
3,2020-04-21,13843,1087,1,1,0,0,b,c,4526
3,2020-04-22,13239,1006,1,1,0,0,b,c,4526
3,2020-04-23,14702,1337,1,1,0,0,b,c,4526
3,2020-04-24,12997,1211,1,1,0,0,b,c,4526
3,2020-04-25,11315,1410,1,0,0,0,b,c,4526
3,2020-04-26,0,0,0,0,0,0,b,c,4526
3,2020-04-27,9671,904,1,0,0,0,b,c,4526
3,2020-04-28,14063,1392,1,1,0,0,b,c,4526
3,2020-04-29,12607,1003,1,0,0,0,b,c,4526
3,2020-04-30,12638,1105,1,0,0,0,b,c,4526
3,2020-05-01,10479,1204,1,0,0,0,b,c,4526
3,2020-05-02,11456,1162,1,1,0,0,b,c,4526
3,2020-05-03,0,0,0,0,0,0,b,c,4526
3,2020-05-04,11573,1380,1,0,0,0,b,c,4526
3,2020-05-05,13356,970,1,1,0,0,b,c,4526
3,2020-05-06,12347,1042,1,0,0,0,b,c,4526
3,2020-05-07,11932,1240,1,0,0,0,b,c,4526
3,2020-05-08,10327,1137,1,0,0,0,b,c,4526
3,2020-05-09,13224,1160,1,1,0,0,b,c,4526
3,2020-05-10,0,0,0,0,0,0,b,c,4526
3,2020-05-11,13529,1123,1,1,0,0,b,c,4526
3,2020-05-12,12310,1011,1,0,0,0,b,c,4526
3,2020-05-13,12008,873,1,0,0,0,b,c,4526
3,2020-05-14,13087,950,1,0,0,0,b,c,4526
3,2020-05-15,13456,962,1,1,0,0,b,c,4526
3,2020-05-16,10092,950,1,0,0,0,b,c,4526
3,2020-05-17,0,0,0,0,0,0,b,c,4526
3,2020-05-18,11278,1057,1,0,0,0,b,c,4526
3,2020-05-19,12133,916,1,0,0,0,b,c,4526
3,2020-05-20,14937,1252,1,1,0,0,b,c,4526
3,2020-05-21,13745,1714,1,1,0,0,b,c,4526
3,2020-05-22,11853,1386,1,0,0,0,b,c,4526
3,2020-05-23,11116,1183,1,0,0,0,b,c,4526
3,2020-05-24,0,0,0,0,0,0,b,c,4526
3,2020-05-25,11683,1080,1,0,0,0,b,c,4526
3,2020-05-26,14849,1629,1,1,0,0,b,c,4526
3,2020-05-27,14952,1657,1,1,0,0,b,c,4526
3,2020-05-28,12554,1190,1,0,0,0,b,c,4526
3,2020-05-29,11714,1463,1,0,0,0,b,c,4526
3,2020-05-30,12186,902,1,1,0,0,b,c,4526
3,2020-05-31,0,0,0,0,0,0,b,c,4526
3,2020-06-01,12328,1004,1,0,0,0,b,c,4526
3,2020-06-02,14156,1427,1,1,0,0,b,c,4526
3,2020-06-03,13963,1303,1,0,0,0,b,c,4526
3,2020-06-04,12500,1398,1,0,0,0,b,c,4526
3,2020-06-05,11292,1058,1,0,0,0,b,c,4526
3,2020-06-06,12752,1055,1,1,0,0,b,c,4526
3,2020-06-07,0,0,0,0,0,0,b,c,4526
3,2020-06-08,14828,1318,1,1,0,0,b,c,4526
3,2020-06-09,13261,1503,1,0,0,0,b,c,4526
3,2020-06-10,15810,1372,1,1,0,0,b,c,4526
3,2020-06-11,14470,1128,1,1,0,0,b,c,4526
3,2020-06-12,13675,1066,1,1,0,0,b,c,4526
3,2020-06-13,9464,916,1,0,0,0,b,c,4526
3,2020-06-14,0,0,0,0,0,0,b,c,4526
3,2020-06-15,11561,1108,1,0,0,0,b,c,4526
3,2020-06-16,16087,1914,1,1,0,0,b,c,4526
3,2020-06-17,15618,1730,1,1,0,0,b,c,4526
3,2020-06-18,14900,1248,1,1,0,0,b,c,4526
3,2020-06-19,15330,1134,1,1,0,0,b,c,4526
3,2020-06-20,12253,1146,1,1,0,0,b,c,4526
3,2020-06-21,0,0,0,0,0,0,b,c,4526
3,2020-06-22,11293,1161,1,0,0,0,b,c,4526
3,2020-06-23,12300,934,1,0,0,0,b,c,4526
3,2020-06-24,12869,1278,1,0,0,0,b,c,4526
3,2020-06-25,13112,1363,1,0,0,0,b,c,4526
3,2020-06-26,13410,1243,1,1,0,0,b,c,4526
3,2020-06-27,11303,853,1,0,0,0,b,c,4526
3,2020-06-28,0,0,0,0,0,0,b,c,4526
3,2020-06-29,15370,1174,1,1,0,0,b,c,4526
3,2020-06-30,13328,1279,1,0,0,0,b,c,4526
3,2020-07-01,16297,1457,1,1,0,1,b,c,4526
3,2020-07-02,14640,1316,1,0,0,1,b,c,4526
3,2020-07-03,15401,1169,1,1,0,1,b,c,4526
3,2020-07-04,11512,1074,1,0,0,1,b,c,4526
3,2020-07-05,0,0,0,0,0,1,b,c,4526
3,2020-07-06,12413,1048,1,0,0,1,b,c,4526
3,2020-07-07,16371,1557,1,1,0,1,b,c,4526
3,2020-07-08,16835,2072,1,1,0,1,b,c,4526
3,2020-07-09,15440,1597,1,1,0,1,b,c,4526
3,2020-07-10,14966,1242,1,1,0,1,b,c,4526
3,2020-07-11,11177,1361,1,0,0,1,b,c,4526
3,2020-07-12,0,0,0,0,0,1,b,c,4526
3,2020-07-13,13591,1061,1,0,0,1,b,c,4526
3,2020-07-14,13624,1170,1,0,0,1,b,c,4526
3,2020-07-15,15884,1645,1,1,0,1,b,c,4526
3,2020-07-16,14306,1275,1,0,0,1,b,c,4526
3,2020-07-17,11956,971,1,0,0,1,b,c,4526
3,2020-07-18,11735,1278,1,0,0,1,b,c,4526
3,2020-07-19,0,0,0,0,0,1,b,c,4526
3,2020-07-20,13253,1295,1,0,0,1,b,c,4526
3,2020-07-21,13051,1162,1,0,0,1,b,c,4526
3,2020-07-22,12950,1576,1,0,0,1,b,c,4526
3,2020-07-23,12572,1110,1,0,0,1,b,c,4526
3,2020-07-24,13706,1440,1,1,0,1,b,c,4526
3,2020-07-25,13902,1016,1,1,0,1,b,c,4526
3,2020-07-26,0,0,0,0,0,1,b,c,4526
3,2020-07-27,11976,1432,1,0,0,1,b,c,4526
3,2020-07-28,13823,1559,1,0,0,1,b,c,4526
3,2020-07-29,15180,1884,1,1,0,1,b,c,4526
3,2020-07-30,15273,1686,1,1,0,1,b,c,4526
3,2020-07-31,14696,1485,1,1,0,1,b,c,4526
3,2020-08-01,10534,1128,1,0,0,1,b,c,4526
3,2020-08-02,0,0,0,0,0,1,b,c,4526
3,2020-08-03,13915,1452,1,0,0,1,b,c,4526
3,2020-08-04,13188,1186,1,0,0,1,b,c,4526
3,2020-08-05,15814,1460,1,1,0,1,b,c,4526
3,2020-08-06,15367,1132,1,1,0,1,b,c,4526
3,2020-08-07,13310,1389,1,1,0,1,b,c,4526
3,2020-08-08,11018,883,1,0,0,1,b,c,4526
3,2020-08-09,0,0,0,0,0,1,b,c,4526
3,2020-08-10,12720,990,1,0,0,1,b,c,4526
3,2020-08-11,13382,1116,1,0,0,1,b,c,4526
3,2020-08-12,14955,1124,1,0,0,1,b,c,4526
3,2020-08-13,13246,1340,1,0,0,1,b,c,4526
3,2020-08-14,13516,1024,1,1,0,1,b,c,4526
3,2020-08-15,12345,1184,1,1,0,1,b,c,4526
3,2020-08-16,0,0,0,0,0,1,b,c,4526
3,2020-08-17,11638,1285,1,0,0,1,b,c,4526
3,2020-08-18,14675,1542,1,1,0,1,b,c,4526
3,2020-08-19,13716,1325,1,0,0,1,b,c,4526
3,2020-08-20,12887,1509,1,0,0,1,b,c,4526
3,2020-08-21,12758,1204,1,1,0,1,b,c,4526
3,2020-08-22,12242,1102,1,0,0,1,b,c,4526
3,2020-08-23,0,0,0,0,0,1,b,c,4526
3,2020-08-24,11514,1210,1,0,0,1,b,c,4526
3,2020-08-25,13477,980,1,0,0,1,b,c,4526
3,2020-08-26,14803,1598,1,1,0,1,b,c,4526
3,2020-08-27,12031,1482,1,0,0,1,b,c,4526
3,2020-08-28,14041,1562,1,1,0,1,b,c,4526
3,2020-08-29,12806,1004,1,1,0,1,b,c,4526
3,2020-08-30,0,0,0,0,0,1,b,c,4526
3,2020-08-31,11359,1192,1,0,0,1,b,c,4526
3,2020-09-01,11962,1055,1,0,0,0,b,c,4526
3,2020-09-02,11966,1350,1,0,0,0,b,c,4526
3,2020-09-03,14238,1445,1,1,0,0,b,c,4526
3,2020-09-04,11770,1072,1,1,0,0,b,c,4526
3,2020-09-05,13307,1560,1,1,0,0,b,c,4526
3,2020-09-06,0,0,0,0,0,0,b,c,4526
3,2020-09-07,13135,1236,1,1,0,0,b,c,4526
3,2020-09-08,11522,1306,1,0,0,0,b,c,4526
3,2020-09-09,12123,963,1,0,0,0,b,c,4526
3,2020-09-10,10813,993,1,0,0,0,b,c,4526
3,2020-09-11,12747,1215,1,1,0,0,b,c,4526
3,2020-09-12,11809,1432,1,1,0,0,b,c,4526
3,2020-09-13,0,0,0,0,0,0,b,c,4526
3,2020-09-14,10545,806,1,0,0,0,b,c,4526
3,2020-09-15,10934,916,1,0,0,0,b,c,4526
3,2020-09-16,12668,1105,1,1,0,0,b,c,4526
3,2020-09-17,11898,1399,1,0,0,0,b,c,4526
3,2020-09-18,11750,987,1,1,0,0,b,c,4526
3,2020-09-19,9876,954,1,0,0,0,b,c,4526
3,2020-09-20,0,0,0,0,0,0,b,c,4526
3,2020-09-21,9959,808,1,0,0,0,b,c,4526
3,2020-09-22,10418,762,1,0,0,0,b,c,4526
3,2020-09-23,13322,985,1,0,0,0,b,c,4526
3,2020-09-24,11056,966,1,0,0,0,b,c,4526
3,2020-09-25,12039,1483,1,1,0,0,b,c,4526
3,2020-09-26,10829,796,1,1,0,0,b,c,4526
3,2020-09-27,0,0,0,0,0,0,b,c,4526
3,2020-09-28,11807,873,1,1,0,0,b,c,4526
3,2020-09-29,11201,1370,1,0,0,0,b,c,4526
3,2020-09-30,12631,1360,1,1,0,0,b,c,4526
3,2020-10-01,10722,936,1,0,0,0,b,c,4526
3,2020-10-02,12316,935,1,1,0,0,b,c,4526
3,2020-10-03,10810,1338,1,1,0,0,b,c,4526
3,2020-10-04,0,0,0,0,0,0,b,c,4526
3,2020-10-05,12871,1082,1,1,0,0,b,c,4526
3,2020-10-06,9812,726,1,0,0,0,b,c,4526
3,2020-10-07,11037,1077,1,0,0,0,b,c,4526
3,2020-10-08,10100,877,1,0,0,0,b,c,4526
3,2020-10-09,9402,730,1,0,0,0,b,c,4526
3,2020-10-10,10518,851,1,1,0,0,b,c,4526
3,2020-10-11,0,0,0,0,0,0,b,c,4526
3,2020-10-12,11291,1171,1,1,0,0,b,c,4526
3,2020-10-13,12417,894,1,1,0,0,b,c,4526
3,2020-10-14,11447,1354,1,0,0,0,b,c,4526
3,2020-10-15,11020,1081,1,1,0,0,b,c,4526
3,2020-10-16,11444,983,1,1,0,0,b,c,4526
3,2020-10-17,10792,912,1,1,0,0,b,c,4526
3,2020-10-18,0,0,0,0,0,0,b,c,4526
3,2020-10-19,11621,937,1,1,0,0,b,c,4526
3,2020-10-20,12385,935,1,1,0,0,b,c,4526
3,2020-10-21,10714,966,1,0,0,0,b,c,4526
3,2020-10-22,11353,1064,1,1,0,0,b,c,4526
3,2020-10-23,10442,893,1,1,0,0,b,c,4526
3,2020-10-24,10109,1130,1,1,0,0,b,c,4526
3,2020-10-25,0,0,0,0,0,0,b,c,4526
3,2020-10-26,10511,1202,1,1,0,0,b,c,4526
3,2020-10-27,12340,1190,1,1,0,0,b,c,4526
3,2020-10-28,10820,928,1,0,0,0,b,c,4526
3,2020-10-29,11056,1296,1,1,0,0,b,c,4526
3,2020-10-30,9605,891,1,1,0,0,b,c,4526
3,2020-10-31,7471,566,1,0,0,0,b,c,4526
3,2020-11-01,0,0,0,0,0,0,b,c,4526
3,2020-11-02,11475,904,1,1,0,0,b,c,4526
3,2020-11-03,11680,1232,1,1,0,0,b,c,4526
3,2020-11-04,12628,1572,1,1,0,0,b,c,4526
3,2020-11-05,11111,1107,1,1,0,0,b,c,4526
3,2020-11-06,9120,782,1,0,0,0,b,c,4526
3,2020-11-07,9917,1034,1,1,0,0,b,c,4526
3,2020-11-08,0,0,0,0,0,0,b,c,4526
3,2020-11-09,8812,777,1,0,0,0,b,c,4526
3,2020-11-10,11723,1014,1,1,0,0,b,c,4526
3,2020-11-11,11515,1323,1,1,0,0,b,c,4526
3,2020-11-12,11334,1174,1,1,0,0,b,c,4526
3,2020-11-13,9325,935,1,0,0,0,b,c,4526
3,2020-11-14,8219,692,1,1,0,0,b,c,4526
3,2020-11-15,0,0,0,0,0,0,b,c,4526
3,2020-11-16,9248,782,1,0,0,0,b,c,4526
3,2020-11-17,12332,1528,1,1,0,0,b,c,4526
3,2020-11-18,12120,938,1,1,0,0,b,c,4526
3,2020-11-19,10999,1156,1,1,0,0,b,c,4526
3,2020-11-20,7990,817,1,0,0,0,b,c,4526
3,2020-11-21,6209,690,1,0,0,0,b,c,4526
3,2020-11-22,0,0,0,0,0,0,b,c,4526
3,2020-11-23,10511,851,1,1,0,0,b,c,4526
3,2020-11-24,10109,858,1,0,0,0,b,c,4526
3,2020-11-25,10209,929,1,0,0,0,b,c,4526
3,2020-11-26,9900,1018,1,1,0,0,b,c,4526
3,2020-11-27,7902,916,1,0,0,0,b,c,4526
3,2020-11-28,9112,1106,1,1,0,0,b,c,4526
3,2020-11-29,0,0,0,0,0,0,b,c,4526
3,2020-11-30,10734,983,1,1,0,0,b,c,4526
3,2020-12-01,9215,829,1,0,0,0,b,c,4526
3,2020-12-02,9073,648,1,0,0,0,b,c,4526
3,2020-12-03,9095,901,1,0,0,0,b,c,4526
3,2020-12-04,10401,969,1,1,0,0,b,c,4526
3,2020-12-05,8812,1019,1,1,0,0,b,c,4526
3,2020-12-06,0,0,0,0,0,0,b,c,4526
3,2020-12-07,9727,1096,1,1,0,0,b,c,4526
3,2020-12-08,9770,705,1,0,0,0,b,c,4526
3,2020-12-09,9282,893,1,0,0,0,b,c,4526
3,2020-12-10,10707,780,1,1,0,0,b,c,4526
3,2020-12-11,7947,963,1,0,0,0,b,c,4526
3,2020-12-12,7957,694,1,0,0,0,b,c,4526
3,2020-12-13,0,0,0,0,0,0,b,c,4526
3,2020-12-14,9923,1064,1,1,0,0,b,c,4526
3,2020-12-15,9591,708,1,0,0,0,b,c,4526
3,2020-12-16,11014,998,1,1,0,0,b,c,4526
3,2020-12-17,9661,1014,1,0,0,0,b,c,4526
3,2020-12-18,7955,754,1,0,0,0,b,c,4526
3,2020-12-19,7389,722,1,0,0,0,b,c,4526
3,2020-12-20,0,0,0,0,0,0,b,c,4526
3,2020-12-21,10531,853,1,1,0,0,b,c,4526
3,2020-12-22,9682,965,1,0,0,0,b,c,4526
3,2020-12-23,10175,1019,1,0,0,0,b,c,4526
3,2020-12-24,8322,800,1,0,0,0,b,c,4526
3,2020-12-25,0,0,0,0,a,0,b,c,4526
3,2020-12-26,9237,871,1,1,0,0,b,c,4526
3,2020-12-27,0,0,0,0,0,0,b,c,4526
3,2020-12-28,7439,680,1,0,0,0,b,c,4526
3,2020-12-29,11709,1202,1,1,0,0,b,c,4526
3,2020-12-30,9472,695,1,0,0,0,b,c,4526
3,2020-12-31,9628,968,1,0,0,0,b,c,4526
3,2021-01-01,0,0,0,0,a,0,b,c,4526
3,2021-01-02,9120,1034,1,1,0,0,b,c,4526
3,2021-01-03,0,0,0,0,0,0,b,c,4526
3,2021-01-04,8455,905,1,0,0,0,b,c,4526
3,2021-01-05,10836,793,1,1,0,0,b,c,4526
3,2021-01-06,8199,823,1,0,0,0,b,c,4526
3,2021-01-07,10101,869,1,0,0,0,b,c,4526
3,2021-01-08,9532,798,1,1,0,0,b,c,4526
3,2021-01-09,9532,920,1,1,0,0,b,c,4526
3,2021-01-10,0,0,0,0,0,0,b,c,4526
3,2021-01-11,11215,914,1,1,0,0,b,c,4526
3,2021-01-12,10189,1076,1,1,0,0,b,c,4526
3,2021-01-13,10271,811,1,1,0,0,b,c,4526
3,2021-01-14,10779,900,1,1,0,0,b,c,4526
3,2021-01-15,9245,886,1,0,0,0,b,c,4526
3,2021-01-16,6916,502,1,0,0,0,b,c,4526
3,2021-01-17,0,0,0,0,0,0,b,c,4526
3,2021-01-18,7998,789,1,0,0,0,b,c,4526
3,2021-01-19,10277,982,1,0,0,0,b,c,4526
3,2021-01-20,9449,1072,1,0,0,0,b,c,4526
3,2021-01-21,10830,1201,1,0,0,0,b,c,4526
3,2021-01-22,7976,667,1,0,0,0,b,c,4526
3,2021-01-23,7635,567,1,0,0,0,b,c,4526
3,2021-01-24,0,0,0,0,0,0,b,c,4526
3,2021-01-25,9900,719,1,1,0,0,b,c,4526
3,2021-01-26,12040,917,1,1,0,0,b,c,4526
3,2021-01-27,9103,945,1,0,0,0,b,c,4526
3,2021-01-28,10252,1251,1,1,0,0,b,c,4526
3,2021-01-29,7462,794,1,0,0,0,b,c,4526
3,2021-01-30,8780,771,1,1,0,0,b,c,4526
3,2021-01-31,0,0,0,0,0,0,b,c,4526
3,2021-02-01,7396,851,1,0,0,0,b,c,4526
3,2021-02-02,10477,857,1,1,0,0,b,c,4526
3,2021-02-03,12071,882,1,1,0,0,b,c,4526
3,2021-02-04,10269,885,1,0,0,0,b,c,4526
3,2021-02-05,9328,731,1,0,0,0,b,c,4526
3,2021-02-06,9317,692,1,1,0,0,b,c,4526
3,2021-02-07,0,0,0,0,0,0,b,c,4526
3,2021-02-08,10454,1284,1,1,0,0,b,c,4526
3,2021-02-09,9287,827,1,0,0,0,b,c,4526
3,2021-02-10,11893,1062,1,1,0,0,b,c,4526
3,2021-02-11,8800,656,1,0,0,0,b,c,4526
3,2021-02-12,10659,1034,1,1,0,0,b,c,4526
3,2021-02-13,9331,859,1,1,0,0,b,c,4526
3,2021-02-14,0,0,0,0,0,0,b,c,4526
3,2021-02-15,8826,711,1,0,0,0,b,c,4526
3,2021-02-16,10328,1272,1,0,0,0,b,c,4526
3,2021-02-17,11322,1131,1,0,0,0,b,c,4526
3,2021-02-18,11294,926,1,1,0,0,b,c,4526
3,2021-02-19,10812,988,1,1,0,0,b,c,4526
3,2021-02-20,7807,848,1,0,0,0,b,c,4526
3,2021-02-21,0,0,0,0,0,0,b,c,4526
3,2021-02-22,9138,962,1,0,0,0,b,c,4526
3,2021-02-23,9791,775,1,0,0,0,b,c,4526
3,2021-02-24,9908,783,1,0,0,0,b,c,4526
3,2021-02-25,9365,873,1,0,0,0,b,c,4526
3,2021-02-26,9273,720,1,0,0,0,b,c,4526
3,2021-02-27,8894,909,1,0,0,0,b,c,4526
3,2021-02-28,0,0,0,0,0,0,b,c,4526
3,2021-03-01,8993,912,1,0,0,0,b,c,4526
3,2021-03-02,9792,817,1,0,0,0,b,c,4526
3,2021-03-03,9954,1021,1,0,0,0,b,c,4526
3,2021-03-04,10651,1308,1,0,0,0,b,c,4526
3,2021-03-05,9250,750,1,0,0,0,b,c,4526
3,2021-03-06,8161,624,1,0,0,0,b,c,4526
3,2021-03-07,0,0,0,0,0,0,b,c,4526
3,2021-03-08,12042,1155,1,1,0,0,b,c,4526
3,2021-03-09,10726,968,1,0,0,0,b,c,4526
3,2021-03-10,12193,890,1,0,0,0,b,c,4526
3,2021-03-11,12803,965,1,1,0,0,b,c,4526
3,2021-03-12,10900,833,1,1,0,0,b,c,4526
3,2021-03-13,7399,592,1,0,0,0,b,c,4526
3,2021-03-14,0,0,0,0,0,0,b,c,4526
3,2021-03-15,10241,1139,1,0,0,0,b,c,4526
3,2021-03-16,10154,1058,1,0,0,0,b,c,4526
3,2021-03-17,10429,920,1,0,0,0,b,c,4526
3,2021-03-18,11220,874,1,0,0,0,b,c,4526
3,2021-03-19,10128,1093,1,0,0,0,b,c,4526
3,2021-03-20,11061,945,1,1,0,0,b,c,4526
3,2021-03-21,0,0,0,0,0,0,b,c,4526
3,2021-03-22,9497,947,1,0,0,0,b,c,4526
3,2021-03-23,13190,1083,1,1,0,0,b,c,4526
3,2021-03-24,14111,1367,1,1,0,0,b,c,4526
3,2021-03-25,10309,873,1,0,0,0,b,c,4526
3,2021-03-26,11163,926,1,1,0,0,b,c,4526
3,2021-03-27,7778,595,1,0,0,0,b,c,4526
3,2021-03-28,0,0,0,0,0,0,b,c,4526
3,2021-03-29,12390,1040,1,1,0,0,b,c,4526
3,2021-03-30,13273,1530,1,1,0,0,b,c,4526
3,2021-03-31,11317,1336,1,0,0,0,b,c,4526
3,2021-04-01,12868,988,1,1,0,0,b,c,4526
3,2021-04-02,0,0,0,0,a,0,b,c,4526
3,2021-04-03,9460,850,1,0,0,0,b,c,4526
3,2021-04-04,0,0,0,0,0,0,b,c,4526
3,2021-04-05,12796,1216,1,1,0,0,b,c,4526
3,2021-04-06,11472,1025,1,0,0,0,b,c,4526
3,2021-04-07,12427,974,1,1,0,0,b,c,4526
3,2021-04-08,12538,1510,1,1,0,0,b,c,4526
3,2021-04-09,12248,1448,1,1,0,0,b,c,4526
3,2021-04-10,8966,676,1,0,0,0,b,c,4526
3,2021-04-11,0,0,0,0,0,0,b,c,4526
3,2021-04-12,11717,1451,1,0,0,0,b,c,4526
3,2021-04-13,10544,940,1,0,0,0,b,c,4526
3,2021-04-14,14515,1077,1,1,0,0,b,c,4526
3,2021-04-15,12732,929,1,0,0,0,b,c,4526
3,2021-04-16,11063,1175,1,1,0,0,b,c,4526
3,2021-04-17,11501,1052,1,1,0,0,b,c,4526
3,2021-04-18,0,0,0,0,0,0,b,c,4526
3,2021-04-19,10788,889,1,0,0,0,b,c,4526
3,2021-04-20,10832,1203,1,0,0,0,b,c,4526
3,2021-04-21,12528,1333,1,0,0,0,b,c,4526
3,2021-04-22,11594,1296,1,0,0,0,b,c,4526
3,2021-04-23,11506,918,1,1,0,0,b,c,4526
3,2021-04-24,9442,814,1,0,0,0,b,c,4526
3,2021-04-25,0,0,0,0,0,0,b,c,4526
3,2021-04-26,11135,997,1,0,0,0,b,c,4526
3,2021-04-27,12214,1062,1,0,0,0,b,c,4526
3,2021-04-28,12908,942,1,0,0,0,b,c,4526
3,2021-04-29,14104,1331,1,1,0,0,b,c,4526
3,2021-04-30,12305,951,1,1,0,0,b,c,4526
3,2021-05-01,9487,969,1,0,0,0,b,c,4526
3,2021-05-02,0,0,0,0,0,0,b,c,4526
3,2021-05-03,12014,972,1,0,0,0,b,c,4526
3,2021-05-04,11998,1105,1,0,0,0,b,c,4526
3,2021-05-05,11817,854,1,0,0,0,b,c,4526
3,2021-05-06,13121,1227,1,1,0,0,b,c,4526
3,2021-05-07,12107,1363,1,1,0,0,b,c,4526
3,2021-05-08,10088,981,1,0,0,0,b,c,4526
3,2021-05-09,0,0,0,0,0,0,b,c,4526
3,2021-05-10,13806,1152,1,1,0,0,b,c,4526
3,2021-05-11,12518,971,1,0,0,0,b,c,4526
3,2021-05-12,15730,1160,1,1,0,0,b,c,4526
3,2021-05-13,12666,1173,1,1,0,0,b,c,4526
3,2021-05-14,13124,986,1,1,0,0,b,c,4526
3,2021-05-15,10195,1175,1,0,0,0,b,c,4526
3,2021-05-16,0,0,0,0,0,0,b,c,4526
3,2021-05-17,11588,991,1,0,0,0,b,c,4526
3,2021-05-18,14745,1835,1,1,0,0,b,c,4526
3,2021-05-19,13513,1571,1,0,0,0,b,c,4526
3,2021-05-20,12014,1190,1,0,0,0,b,c,4526
3,2021-05-21,11346,954,1,0,0,0,b,c,4526
3,2021-05-22,9012,656,1,0,0,0,b,c,4526
3,2021-05-23,0,0,0,0,0,0,b,c,4526
3,2021-05-24,11833,1066,1,0,0,0,b,c,4526
3,2021-05-25,15214,1481,1,1,0,0,b,c,4526
3,2021-05-26,13238,1551,1,0,0,0,b,c,4526
3,2021-05-27,13881,1231,1,1,0,0,b,c,4526
3,2021-05-28,11191,1323,1,0,0,0,b,c,4526
3,2021-05-29,11969,1106,1,1,0,0,b,c,4526
3,2021-05-30,0,0,0,0,0,0,b,c,4526
3,2021-05-31,14204,1270,1,1,0,0,b,c,4526
3,2021-06-01,13660,1001,1,0,0,0,b,c,4526
3,2021-06-02,14176,1677,1,1,0,0,b,c,4526
3,2021-06-03,13288,1264,1,0,0,0,b,c,4526
3,2021-06-04,11377,963,1,0,0,0,b,c,4526
3,2021-06-05,12865,1410,1,1,0,0,b,c,4526
3,2021-06-06,0,0,0,0,0,0,b,c,4526
3,2021-06-07,11931,1182,1,0,0,0,b,c,4526
3,2021-06-08,12720,1433,1,0,0,0,b,c,4526
3,2021-06-09,13230,1222,1,0,0,0,b,c,4526
3,2021-06-10,15091,1271,1,1,0,0,b,c,4526
3,2021-06-11,14382,1664,1,1,0,0,b,c,4526
3,2021-06-12,11527,886,1,0,0,0,b,c,4526
3,2021-06-13,0,0,0,0,0,0,b,c,4526
3,2021-06-14,13315,1096,1,0,0,0,b,c,4526
3,2021-06-15,12322,1050,1,0,0,0,b,c,4526
3,2021-06-16,14629,1332,1,1,0,0,b,c,4526
3,2021-06-17,14151,1690,1,1,0,0,b,c,4526
3,2021-06-18,11666,1134,1,0,0,0,b,c,4526
3,2021-06-19,11738,1413,1,0,0,0,b,c,4526
3,2021-06-20,0,0,0,0,0,0,b,c,4526
3,2021-06-21,12883,1335,1,0,0,0,b,c,4526
3,2021-06-22,13092,1291,1,0,0,0,b,c,4526
3,2021-06-23,14638,1323,1,1,0,0,b,c,4526
3,2021-06-24,12506,1305,1,0,0,0,b,c,4526
3,2021-06-25,12747,1160,1,0,0,0,b,c,4526
3,2021-06-26,10840,1335,1,0,0,0,b,c,4526
3,2021-06-27,0,0,0,0,0,0,b,c,4526
3,2021-06-28,13341,1478,1,1,0,0,b,c,4526
3,2021-06-29,14065,1091,1,0,0,0,b,c,4526
3,2021-06-30,13984,1514,1,0,0,0,b,c,4526
3,2021-07-01,14929,1112,1,1,0,1,b,c,4526
3,2021-07-02,13170,947,1,0,0,1,b,c,4526
3,2021-07-03,14084,1141,1,1,0,1,b,c,4526
3,2021-07-04,0,0,0,0,0,1,b,c,4526
3,2021-07-05,13302,1248,1,0,0,1,b,c,4526
3,2021-07-06,15036,1457,1,0,0,1,b,c,4526
3,2021-07-07,13981,1208,1,0,0,1,b,c,4526
3,2021-07-08,15475,1729,1,1,0,1,b,c,4526
3,2021-07-09,14178,1642,1,1,0,1,b,c,4526
3,2021-07-10,13275,974,1,1,0,1,b,c,4526
3,2021-07-11,0,0,0,0,0,1,b,c,4526
3,2021-07-12,12781,1202,1,0,0,1,b,c,4526
3,2021-07-13,14264,1436,1,0,0,1,b,c,4526
3,2021-07-14,12095,1179,1,0,0,1,b,c,4526
3,2021-07-15,15613,1353,1,1,0,1,b,c,4526
3,2021-07-16,13525,1390,1,0,0,1,b,c,4526
3,2021-07-17,11451,1030,1,0,0,1,b,c,4526
3,2021-07-18,0,0,0,0,0,1,b,c,4526
3,2021-07-19,14500,1060,1,1,0,1,b,c,4526
3,2021-07-20,14733,1296,1,0,0,1,b,c,4526
3,2021-07-21,14585,1523,1,0,0,1,b,c,4526
3,2021-07-22,14267,1722,1,0,0,1,b,c,4526
3,2021-07-23,12017,981,1,0,0,1,b,c,4526
3,2021-07-24,14830,1435,1,1,0,1,b,c,4526
3,2021-07-25,0,0,0,0,0,1,b,c,4526
3,2021-07-26,12774,1229,1,0,0,1,b,c,4526
3,2021-07-27,14540,1315,1,1,0,1,b,c,4526
3,2021-07-28,14246,1442,1,0,0,1,b,c,4526
3,2021-07-29,14204,1462,1,1,0,1,b,c,4526
3,2021-07-30,13688,1329,1,0,0,1,b,c,4526
3,2021-07-31,13555,1308,1,1,0,1,b,c,4526
3,2021-08-01,0,0,0,0,0,1,b,c,4526
3,2021-08-02,15046,1424,1,1,0,1,b,c,4526
3,2021-08-03,16153,1443,1,1,0,1,b,c,4526
3,2021-08-04,15393,1213,1,1,0,1,b,c,4526
3,2021-08-05,13938,1383,1,0,0,1,b,c,4526
3,2021-08-06,12705,1584,1,0,0,1,b,c,4526
3,2021-08-07,12089,1324,1,0,0,1,b,c,4526
3,2021-08-08,0,0,0,0,0,1,b,c,4526
3,2021-08-09,13383,1401,1,1,0,1,b,c,4526
3,2021-08-10,13584,1462,1,0,0,1,b,c,4526
3,2021-08-11,11728,1300,1,0,0,1,b,c,4526
3,2021-08-12,14947,1216,1,1,0,1,b,c,4526
3,2021-08-13,14938,1691,1,1,0,1,b,c,4526
3,2021-08-14,13005,1426,1,1,0,1,b,c,4526
3,2021-08-15,0,0,0,0,0,1,b,c,4526
3,2021-08-16,12953,1466,1,0,0,1,b,c,4526
3,2021-08-17,16297,1306,1,1,0,1,b,c,4526
3,2021-08-18,15498,1278,1,1,0,1,b,c,4526
3,2021-08-19,13706,1701,1,0,0,1,b,c,4526
3,2021-08-20,11128,848,1,0,0,1,b,c,4526
3,2021-08-21,13680,1072,1,1,0,1,b,c,4526
3,2021-08-22,0,0,0,0,0,1,b,c,4526
3,2021-08-23,11759,1431,1,0,0,1,b,c,4526
3,2021-08-24,14735,1345,1,1,0,1,b,c,4526
3,2021-08-25,15226,1631,1,1,0,1,b,c,4526
3,2021-08-26,13090,965,1,0,0,1,b,c,4526
3,2021-08-27,10983,794,1,0,0,1,b,c,4526
3,2021-08-28,12789,1083,1,1,0,1,b,c,4526
3,2021-08-29,0,0,0,0,0,1,b,c,4526
3,2021-08-30,14277,1025,1,1,0,1,b,c,4526
3,2021-08-31,12729,1405,1,0,0,1,b,c,4526
3,2021-09-01,13277,1040,1,0,0,0,b,c,4526
3,2021-09-02,11966,1151,1,0,0,0,b,c,4526
3,2021-09-03,12615,1237,1,1,0,0,b,c,4526
3,2021-09-04,10309,916,1,0,0,0,b,c,4526
3,2021-09-05,0,0,0,0,0,0,b,c,4526
3,2021-09-06,13146,1540,1,1,0,0,b,c,4526
3,2021-09-07,11887,1249,1,0,0,0,b,c,4526
3,2021-09-08,12339,1525,1,0,0,0,b,c,4526
3,2021-09-09,13301,981,1,0,0,0,b,c,4526
3,2021-09-10,12703,1211,1,1,0,0,b,c,4526
3,2021-09-11,11305,1286,1,1,0,0,b,c,4526
3,2021-09-12,0,0,0,0,0,0,b,c,4526
3,2021-09-13,13183,1160,1,1,0,0,b,c,4526
3,2021-09-14,14185,1019,1,1,0,0,b,c,4526
3,2021-09-15,12959,1493,1,0,0,0,b,c,4526
3,2021-09-16,13742,999,1,1,0,0,b,c,4526
3,2021-09-17,11710,1011,1,1,0,0,b,c,4526
3,2021-09-18,8764,741,1,0,0,0,b,c,4526
3,2021-09-19,0,0,0,0,0,0,b,c,4526
3,2021-09-20,11788,976,1,1,0,0,b,c,4526
3,2021-09-21,12566,1157,1,0,0,0,b,c,4526
3,2021-09-22,11852,938,1,0,0,0,b,c,4526
3,2021-09-23,13553,1510,1,1,0,0,b,c,4526
3,2021-09-24,11788,1352,1,1,0,0,b,c,4526
3,2021-09-25,9207,743,1,0,0,0,b,c,4526
3,2021-09-26,0,0,0,0,0,0,b,c,4526
3,2021-09-27,12611,958,1,1,0,0,b,c,4526
3,2021-09-28,13896,1598,1,1,0,0,b,c,4526
3,2021-09-29,11006,840,1,0,0,0,b,c,4526
3,2021-09-30,10998,926,1,0,0,0,b,c,4526
3,2021-10-01,13263,1591,1,1,0,0,b,c,4526
3,2021-10-02,10939,1291,1,1,0,0,b,c,4526
3,2021-10-03,0,0,0,0,0,0,b,c,4526
3,2021-10-04,12786,1279,1,1,0,0,b,c,4526
3,2021-10-05,11229,825,1,0,0,0,b,c,4526
3,2021-10-06,13948,1147,1,1,0,0,b,c,4526
3,2021-10-07,9870,733,1,0,0,0,b,c,4526
3,2021-10-08,9399,967,1,0,0,0,b,c,4526
3,2021-10-09,8389,723,1,0,0,0,b,c,4526
3,2021-10-10,0,0,0,0,0,0,b,c,4526
3,2021-10-11,9606,1150,1,0,0,0,b,c,4526
3,2021-10-12,11205,1063,1,0,0,0,b,c,4526
3,2021-10-13,14031,1376,1,1,0,0,b,c,4526
3,2021-10-14,12378,927,1,1,0,0,b,c,4526
3,2021-10-15,10945,1202,1,1,0,0,b,c,4526
3,2021-10-16,8386,651,1,0,0,0,b,c,4526
3,2021-10-17,0,0,0,0,0,0,b,c,4526
3,2021-10-18,11762,950,1,1,0,0,b,c,4526
3,2021-10-19,11296,869,1,0,0,0,b,c,4526
3,2021-10-20,11623,1428,1,0,0,0,b,c,4526
3,2021-10-21,10334,765,1,0,0,0,b,c,4526
3,2021-10-22,8421,644,1,0,0,0,b,c,4526
3,2021-10-23,8822,1027,1,0,0,0,b,c,4526
3,2021-10-24,0,0,0,0,0,0,b,c,4526
3,2021-10-25,11226,1048,1,1,0,0,b,c,4526
3,2021-10-26,12146,1485,1,1,0,0,b,c,4526
3,2021-10-27,10465,1082,1,0,0,0,b,c,4526
3,2021-10-28,12800,1143,1,1,0,0,b,c,4526
3,2021-10-29,9798,918,1,0,0,0,b,c,4526
3,2021-10-30,9646,890,1,1,0,0,b,c,4526
3,2021-10-31,0,0,0,0,0,0,b,c,4526
3,2021-11-01,10975,828,1,1,0,0,b,c,4526
3,2021-11-02,11490,1150,1,1,0,0,b,c,4526
3,2021-11-03,9952,899,1,0,0,0,b,c,4526
3,2021-11-04,11039,1069,1,0,0,0,b,c,4526
3,2021-11-05,8785,976,1,0,0,0,b,c,4526
3,2021-11-06,8531,710,1,0,0,0,b,c,4526
3,2021-11-07,0,0,0,0,0,0,b,c,4526
3,2021-11-08,9636,835,1,0,0,0,b,c,4526
3,2021-11-09,13654,1246,1,1,0,0,b,c,4526
3,2021-11-10,11561,940,1,1,0,0,b,c,4526
3,2021-11-11,9235,1099,1,0,0,0,b,c,4526
3,2021-11-12,10581,769,1,1,0,0,b,c,4526
3,2021-11-13,7011,642,1,0,0,0,b,c,4526
3,2021-11-14,0,0,0,0,0,0,b,c,4526
3,2021-11-15,10646,776,1,1,0,0,b,c,4526
3,2021-11-16,12438,1259,1,1,0,0,b,c,4526
3,2021-11-17,10924,826,1,1,0,0,b,c,4526
3,2021-11-18,10520,1282,1,1,0,0,b,c,4526
3,2021-11-19,9548,892,1,1,0,0,b,c,4526
3,2021-11-20,8462,967,1,0,0,0,b,c,4526
3,2021-11-21,0,0,0,0,0,0,b,c,4526
3,2021-11-22,10556,788,1,1,0,0,b,c,4526
3,2021-11-23,10745,1049,1,1,0,0,b,c,4526
3,2021-11-24,9650,1065,1,0,0,0,b,c,4526
3,2021-11-25,11778,1437,1,1,0,0,b,c,4526
3,2021-11-26,9974,792,1,1,0,0,b,c,4526
3,2021-11-27,9542,703,1,1,0,0,b,c,4526
3,2021-11-28,0,0,0,0,0,0,b,c,4526
3,2021-11-29,9003,817,1,0,0,0,b,c,4526
3,2021-11-30,9428,1040,1,0,0,0,b,c,4526
3,2021-12-01,9535,708,1,0,0,0,b,c,4526
3,2021-12-02,8716,646,1,0,0,0,b,c,4526
3,2021-12-03,10179,853,1,1,0,0,b,c,4526
3,2021-12-04,8448,632,1,1,0,0,b,c,4526
3,2021-12-05,0,0,0,0,0,0,b,c,4526
3,2021-12-06,9333,820,1,0,0,0,b,c,4526
3,2021-12-07,9678,769,1,0,0,0,b,c,4526
3,2021-12-08,10635,1132,1,1,0,0,b,c,4526
3,2021-12-09,8928,665,1,0,0,0,b,c,4526
3,2021-12-10,8793,788,1,0,0,0,b,c,4526
3,2021-12-11,8202,734,1,0,0,0,b,c,4526
3,2021-12-12,0,0,0,0,0,0,b,c,4526
3,2021-12-13,8284,867,1,0,0,0,b,c,4526
3,2021-12-14,8521,958,1,0,0,0,b,c,4526
3,2021-12-15,11735,970,1,1,0,0,b,c,4526
3,2021-12-16,11389,836,1,1,0,0,b,c,4526
3,2021-12-17,9730,823,1,1,0,0,b,c,4526
3,2021-12-18,7057,846,1,0,0,0,b,c,4526
3,2021-12-19,0,0,0,0,0,0,b,c,4526
3,2021-12-20,9384,813,1,1,0,0,b,c,4526
3,2021-12-21,11157,1361,1,1,0,0,b,c,4526
3,2021-12-22,12732,1035,1,1,0,0,b,c,4526
3,2021-12-23,8437,904,1,0,0,0,b,c,4526
3,2021-12-24,8298,810,1,0,0,0,b,c,4526
3,2021-12-25,0,0,0,0,a,0,b,c,4526
3,2021-12-26,0,0,0,0,0,0,b,c,4526
3,2021-12-27,9956,863,1,1,0,0,b,c,4526
3,2021-12-28,11849,1254,1,1,0,0,b,c,4526
3,2021-12-29,9608,691,1,0,0,0,b,c,4526
3,2021-12-30,9093,744,1,0,0,0,b,c,4526
3,2021-12-31,7888,795,1,0,0,0,b,c,4526
3,2022-01-01,0,0,0,0,a,0,b,c,4526
3,2022-01-02,0,0,0,0,0,0,b,c,4526
3,2022-01-03,7322,764,1,0,0,0,b,c,4526
3,2022-01-04,9284,1083,1,0,0,0,b,c,4526
3,2022-01-05,10722,1244,1,0,0,0,b,c,4526
3,2022-01-06,10878,1339,1,1,0,0,b,c,4526
3,2022-01-07,7638,572,1,0,0,0,b,c,4526
3,2022-01-08,9769,841,1,1,0,0,b,c,4526
3,2022-01-09,0,0,0,0,0,0,b,c,4526
3,2022-01-10,10218,731,1,1,0,0,b,c,4526
3,2022-01-11,8929,1084,1,0,0,0,b,c,4526
3,2022-01-12,10955,1256,1,0,0,0,b,c,4526
3,2022-01-13,11795,1439,1,1,0,0,b,c,4526
3,2022-01-14,9169,676,1,0,0,0,b,c,4526
3,2022-01-15,8028,631,1,0,0,0,b,c,4526
3,2022-01-16,0,0,0,0,0,0,b,c,4526
3,2022-01-17,8807,669,1,0,0,0,b,c,4526
3,2022-01-18,9248,955,1,0,0,0,b,c,4526
3,2022-01-19,9935,777,1,0,0,0,b,c,4526
3,2022-01-20,8574,639,1,0,0,0,b,c,4526
3,2022-01-21,9355,826,1,1,0,0,b,c,4526
3,2022-01-22,7702,570,1,1,0,0,b,c,4526
3,2022-01-23,0,0,0,0,0,0,b,c,4526
3,2022-01-24,8200,780,1,0,0,0,b,c,4526
3,2022-01-25,7597,683,1,0,0,0,b,c,4526
3,2022-01-26,9683,874,1,0,0,0,b,c,4526
3,2022-01-27,8867,754,1,0,0,0,b,c,4526
3,2022-01-28,10828,896,1,1,0,0,b,c,4526
3,2022-01-29,6483,547,1,0,0,0,b,c,4526
3,2022-01-30,0,0,0,0,0,0,b,c,4526
3,2022-01-31,7801,595,1,0,0,0,b,c,4526
3,2022-02-01,11343,962,1,1,0,0,b,c,4526
3,2022-02-02,9776,1205,1,0,0,0,b,c,4526
3,2022-02-03,11662,1266,1,1,0,0,b,c,4526
3,2022-02-04,8688,780,1,0,0,0,b,c,4526
3,2022-02-05,6904,770,1,0,0,0,b,c,4526
3,2022-02-06,0,0,0,0,0,0,b,c,4526
3,2022-02-07,8079,634,1,0,0,0,b,c,4526
3,2022-02-08,9824,709,1,0,0,0,b,c,4526
3,2022-02-09,9858,1131,1,0,0,0,b,c,4526
3,2022-02-10,11293,962,1,1,0,0,b,c,4526
3,2022-02-11,8450,751,1,0,0,0,b,c,4526
3,2022-02-12,8432,611,1,0,0,0,b,c,4526
3,2022-02-13,0,0,0,0,0,0,b,c,4526
3,2022-02-14,9527,1174,1,0,0,0,b,c,4526
3,2022-02-15,10521,1148,1,0,0,0,b,c,4526
3,2022-02-16,10616,958,1,0,0,0,b,c,4526
3,2022-02-17,9517,743,1,0,0,0,b,c,4526
3,2022-02-18,11061,875,1,1,0,0,b,c,4526
3,2022-02-19,7576,671,1,0,0,0,b,c,4526
3,2022-02-20,0,0,0,0,0,0,b,c,4526
3,2022-02-21,9620,886,1,0,0,0,b,c,4526
3,2022-02-22,10398,747,1,0,0,0,b,c,4526
3,2022-02-23,10074,826,1,0,0,0,b,c,4526
3,2022-02-24,9697,712,1,0,0,0,b,c,4526
3,2022-02-25,8429,731,1,0,0,0,b,c,4526
3,2022-02-26,8801,732,1,0,0,0,b,c,4526
3,2022-02-27,0,0,0,0,0,0,b,c,4526
3,2022-02-28,11891,919,1,1,0,0,b,c,4526
3,2022-03-01,8869,899,1,0,0,0,b,c,4526
3,2022-03-02,10185,988,1,0,0,0,b,c,4526
3,2022-03-03,9946,847,1,0,0,0,b,c,4526
3,2022-03-04,11274,1109,1,1,0,0,b,c,4526
3,2022-03-05,7237,533,1,0,0,0,b,c,4526
3,2022-03-06,0,0,0,0,0,0,b,c,4526
3,2022-03-07,10623,1227,1,1,0,0,b,c,4526
3,2022-03-08,10010,854,1,0,0,0,b,c,4526
3,2022-03-09,10724,963,1,0,0,0,b,c,4526
3,2022-03-10,10890,998,1,0,0,0,b,c,4526
3,2022-03-11,10278,776,1,1,0,0,b,c,4526
3,2022-03-12,9075,674,1,0,0,0,b,c,4526
3,2022-03-13,0,0,0,0,0,0,b,c,4526
3,2022-03-14,9218,685,1,0,0,0,b,c,4526
3,2022-03-15,10957,1008,1,0,0,0,b,c,4526
3,2022-03-16,12175,995,1,0,0,0,b,c,4526
3,2022-03-17,9440,687,1,0,0,0,b,c,4526
3,2022-03-18,9613,1045,1,0,0,0,b,c,4526
3,2022-03-19,7891,720,1,0,0,0,b,c,4526
3,2022-03-20,0,0,0,0,0,0,b,c,4526
3,2022-03-21,11585,943,1,1,0,0,b,c,4526
3,2022-03-22,13020,1446,1,1,0,0,b,c,4526
3,2022-03-23,12788,1346,1,1,0,0,b,c,4526
3,2022-03-24,11236,1282,1,0,0,0,b,c,4526
3,2022-03-25,11242,1269,1,1,0,0,b,c,4526
3,2022-03-26,10765,985,1,1,0,0,b,c,4526
3,2022-03-27,0,0,0,0,0,0,b,c,4526
3,2022-03-28,12650,1136,1,1,0,0,b,c,4526
3,2022-03-29,12338,1427,1,0,0,0,b,c,4526
3,2022-03-30,13818,1301,1,1,0,0,b,c,4526
3,2022-03-31,10585,1230,1,0,0,0,b,c,4526
3,2022-04-01,12497,940,1,1,0,0,b,c,4526
3,2022-04-02,10811,931,1,1,0,0,b,c,4526
3,2022-04-03,0,0,0,0,0,0,b,c,4526
3,2022-04-04,13047,1280,1,1,0,0,b,c,4526
3,2022-04-05,11371,813,1,1,0,0,b,c,4526
3,2022-04-06,11972,1319,1,0,0,0,b,c,4526
3,2022-04-07,11505,903,1,0,0,0,b,c,4526
3,2022-04-08,12358,1297,1,1,0,0,b,c,4526
3,2022-04-09,11303,1286,1,1,0,0,b,c,4526
3,2022-04-10,0,0,0,0,0,0,b,c,4526
3,2022-04-11,12663,958,1,1,0,0,b,c,4526
3,2022-04-12,13664,1150,1,1,0,0,b,c,4526
3,2022-04-13,12645,1522,1,0,0,0,b,c,4526
3,2022-04-14,14590,1324,1,1,0,0,b,c,4526
3,2022-04-15,0,0,0,0,a,0,b,c,4526
3,2022-04-16,9804,1085,1,0,0,0,b,c,4526
3,2022-04-17,0,0,0,0,0,0,b,c,4526
3,2022-04-18,10772,778,1,0,0,0,b,c,4526
3,2022-04-19,11732,1220,1,0,0,0,b,c,4526
3,2022-04-20,13449,1053,1,1,0,0,b,c,4526
3,2022-04-21,13689,1452,1,1,0,0,b,c,4526
3,2022-04-22,10309,980,1,0,0,0,b,c,4526
3,2022-04-23,11971,1311,1,1,0,0,b,c,4526
3,2022-04-24,0,0,0,0,0,0,b,c,4526
3,2022-04-25,10238,807,1,0,0,0,b,c,4526
3,2022-04-26,14660,1474,1,1,0,0,b,c,4526
3,2022-04-27,14073,1046,1,1,0,0,b,c,4526
3,2022-04-28,13210,1358,1,0,0,0,b,c,4526
3,2022-04-29,9596,788,1,0,0,0,b,c,4526
3,2022-04-30,11695,891,1,1,0,0,b,c,4526
3,2022-05-01,0,0,0,0,0,0,b,c,4526
3,2022-05-02,13861,1337,1,1,0,0,b,c,4526
3,2022-05-03,13685,1260,1,1,0,0,b,c,4526
3,2022-05-04,14448,1519,1,1,0,0,b,c,4526
3,2022-05-05,12907,1589,1,0,0,0,b,c,4526
3,2022-05-06,13122,947,1,0,0,0,b,c,4526
3,2022-05-07,12673,1412,1,1,0,0,b,c,4526
3,2022-05-08,0,0,0,0,0,0,b,c,4526
3,2022-05-09,10526,822,1,0,0,0,b,c,4526
3,2022-05-10,12032,1052,1,0,0,0,b,c,4526
3,2022-05-11,14558,1185,1,1,0,0,b,c,4526
3,2022-05-12,12452,1274,1,0,0,0,b,c,4526
3,2022-05-13,9900,1041,1,0,0,0,b,c,4526
3,2022-05-14,12333,977,1,1,0,0,b,c,4526
3,2022-05-15,0,0,0,0,0,0,b,c,4526
3,2022-05-16,10960,1156,1,0,0,0,b,c,4526
3,2022-05-17,13490,1433,1,0,0,0,b,c,4526
3,2022-05-18,12418,1111,1,0,0,0,b,c,4526
3,2022-05-19,14532,1484,1,1,0,0,b,c,4526
3,2022-05-20,10903,853,1,0,0,0,b,c,4526
3,2022-05-21,11487,1071,1,0,0,0,b,c,4526
3,2022-05-22,0,0,0,0,0,0,b,c,4526
3,2022-05-23,11417,1307,1,0,0,0,b,c,4526
3,2022-05-24,15418,1547,1,1,0,0,b,c,4526
3,2022-05-25,13212,1127,1,0,0,0,b,c,4526
3,2022-05-26,13977,1123,1,0,0,0,b,c,4526
3,2022-05-27,14625,1104,1,1,0,0,b,c,4526
3,2022-05-28,11175,1066,1,0,0,0,b,c,4526
3,2022-05-29,0,0,0,0,0,0,b,c,4526
3,2022-05-30,13567,1016,1,1,0,0,b,c,4526
3,2022-05-31,13234,1059,1,0,0,0,b,c,4526
3,2022-06-01,14366,1438,1,1,0,0,b,c,4526
3,2022-06-02,13928,1224,1,0,0,0,b,c,4526
3,2022-06-03,11864,954,1,0,0,0,b,c,4526
3,2022-06-04,12385,922,1,1,0,0,b,c,4526
3,2022-06-05,0,0,0,0,0,0,b,c,4526
3,2022-06-06,11790,1110,1,0,0,0,b,c,4526
3,2022-06-07,12964,1131,1,0,0,0,b,c,4526
3,2022-06-08,15389,1783,1,1,0,0,b,c,4526
3,2022-06-09,15717,1594,1,1,0,0,b,c,4526
3,2022-06-10,13556,1637,1,1,0,0,b,c,4526
3,2022-06-11,12857,981,1,1,0,0,b,c,4526
3,2022-06-12,0,0,0,0,0,0,b,c,4526
3,2022-06-13,12479,1059,1,0,0,0,b,c,4526
3,2022-06-14,15623,1597,1,1,0,0,b,c,4526
3,2022-06-15,13691,1309,1,0,0,0,b,c,4526
3,2022-06-16,14677,1354,1,1,0,0,b,c,4526
3,2022-06-17,12515,1481,1,1,0,0,b,c,4526
3,2022-06-18,13281,1036,1,1,0,0,b,c,4526
3,2022-06-19,0,0,0,0,0,0,b,c,4526
3,2022-06-20,12809,1225,1,0,0,0,b,c,4526
3,2022-06-21,14199,1079,1,0,0,0,b,c,4526
3,2022-06-22,16830,1969,1,1,0,0,b,c,4526
3,2022-06-23,13585,1482,1,0,0,0,b,c,4526
3,2022-06-24,12346,1184,1,0,0,0,b,c,4526
3,2022-06-25,11446,962,1,0,0,0,b,c,4526
3,2022-06-26,0,0,0,0,0,0,b,c,4526
3,2022-06-27,14669,1307,1,1,0,0,b,c,4526
3,2022-06-28,15513,1754,1,1,0,0,b,c,4526
3,2022-06-29,13837,1019,1,0,0,0,b,c,4526
3,2022-06-30,13366,1517,1,1,0,0,b,c,4526
3,2022-07-01,11946,1022,1,0,0,1,b,c,4526
3,2022-07-02,13385,971,1,1,0,1,b,c,4526
3,2022-07-03,0,0,0,0,0,1,b,c,4526
3,2022-07-04,15199,1643,1,1,0,1,b,c,4526
3,2022-07-05,15022,1325,1,0,0,1,b,c,4526
3,2022-07-06,15970,1568,1,1,0,1,b,c,4526
3,2022-07-07,14900,1397,1,1,0,1,b,c,4526
3,2022-07-08,14091,1232,1,1,0,1,b,c,4526
3,2022-07-09,14485,1334,1,1,0,1,b,c,4526
3,2022-07-10,0,0,0,0,0,1,b,c,4526
3,2022-07-11,15262,1482,1,1,0,1,b,c,4526
3,2022-07-12,16781,1584,1,1,0,1,b,c,4526
3,2022-07-13,15719,1452,1,0,0,1,b,c,4526
3,2022-07-14,12755,959,1,0,0,1,b,c,4526
3,2022-07-15,12083,1506,1,0,0,1,b,c,4526
3,2022-07-16,12219,999,1,0,0,1,b,c,4526
3,2022-07-17,0,0,0,0,0,1,b,c,4526
3,2022-07-18,13194,1429,1,0,0,1,b,c,4526
3,2022-07-19,14236,1761,1,0,0,1,b,c,4526
3,2022-07-20,16414,1797,1,1,0,1,b,c,4526
3,2022-07-21,14309,1318,1,0,0,1,b,c,4526
3,2022-07-22,15001,1410,1,1,0,1,b,c,4526
3,2022-07-23,11433,1064,1,0,0,1,b,c,4526
3,2022-07-24,0,0,0,0,0,1,b,c,4526
3,2022-07-25,12764,1033,1,0,0,1,b,c,4526
3,2022-07-26,14547,1059,1,0,0,1,b,c,4526
3,2022-07-27,14412,1043,1,0,0,1,b,c,4526
3,2022-07-28,13759,1112,1,0,0,1,b,c,4526
3,2022-07-29,12419,1380,1,0,0,1,b,c,4526
3,2022-07-30,12919,1506,1,1,0,1,b,c,4526
3,2022-07-31,0,0,0,0,0,1,b,c,4526
3,2022-08-01,15285,1276,1,1,0,1,b,c,4526
3,2022-08-02,15333,1353,1,0,0,1,b,c,4526
3,2022-08-03,13660,1693,1,0,0,1,b,c,4526
3,2022-08-04,13139,1088,1,0,0,1,b,c,4526
3,2022-08-05,13057,1073,1,0,0,1,b,c,4526
3,2022-08-06,11775,1150,1,0,0,1,b,c,4526
3,2022-08-07,0,0,0,0,0,1,b,c,4526
3,2022-08-08,13192,1295,1,0,0,1,b,c,4526
3,2022-08-09,15004,1196,1,1,0,1,b,c,4526
3,2022-08-10,15155,1197,1,1,0,1,b,c,4526
3,2022-08-11,13031,1393,1,0,0,1,b,c,4526
3,2022-08-12,12586,1342,1,0,0,1,b,c,4526
3,2022-08-13,11257,1051,1,0,0,1,b,c,4526
3,2022-08-14,0,0,0,0,0,1,b,c,4526
3,2022-08-15,14391,1362,1,1,0,1,b,c,4526
3,2022-08-16,15499,1365,1,1,0,1,b,c,4526
3,2022-08-17,15985,1757,1,1,0,1,b,c,4526
3,2022-08-18,14442,1439,1,1,0,1,b,c,4526
3,2022-08-19,13889,1135,1,1,0,1,b,c,4526
3,2022-08-20,11098,868,1,0,0,1,b,c,4526
3,2022-08-21,0,0,0,0,0,1,b,c,4526
3,2022-08-22,13322,1222,1,1,0,1,b,c,4526
3,2022-08-23,15988,1475,1,1,0,1,b,c,4526
3,2022-08-24,14708,1584,1,1,0,1,b,c,4526
3,2022-08-25,12837,1309,1,0,0,1,b,c,4526
3,2022-08-26,13402,974,1,1,0,1,b,c,4526
3,2022-08-27,11608,859,1,0,0,1,b,c,4526
3,2022-08-28,0,0,0,0,0,1,b,c,4526
3,2022-08-29,13948,1496,1,1,0,1,b,c,4526
3,2022-08-30,13447,1093,1,0,0,1,b,c,4526
3,2022-08-31,13124,1016,1,0,0,1,b,c,4526
3,2022-09-01,12695,1404,1,0,0,0,b,c,4526
3,2022-09-02,9848,782,1,0,0,0,b,c,4526
3,2022-09-03,9577,947,1,0,0,0,b,c,4526
3,2022-09-04,0,0,0,0,0,0,b,c,4526
3,2022-09-05,12646,999,1,1,0,0,b,c,4526
3,2022-09-06,13227,1114,1,1,0,0,b,c,4526
3,2022-09-07,14703,1102,1,1,0,0,b,c,4526
3,2022-09-08,14657,1591,1,1,0,0,b,c,4526
3,2022-09-09,10276,748,1,0,0,0,b,c,4526
3,2022-09-10,9994,820,1,0,0,0,b,c,4526
3,2022-09-11,0,0,0,0,0,0,b,c,4526
3,2022-09-12,11176,1192,1,0,0,0,b,c,4526
3,2022-09-13,12769,1254,1,0,0,0,b,c,4526
3,2022-09-14,12573,1098,1,0,0,0,b,c,4526
3,2022-09-15,13395,1125,1,1,0,0,b,c,4526
3,2022-09-16,10405,787,1,0,0,0,b,c,4526
3,2022-09-17,10478,1194,1,0,0,0,b,c,4526
3,2022-09-18,0,0,0,0,0,0,b,c,4526
3,2022-09-19,13292,975,1,1,0,0,b,c,4526
3,2022-09-20,11940,1084,1,0,0,0,b,c,4526
3,2022-09-21,12766,1318,1,0,0,0,b,c,4526
3,2022-09-22,13475,1099,1,1,0,0,b,c,4526
3,2022-09-23,10475,764,1,0,0,0,b,c,4526
3,2022-09-24,10270,1187,1,0,0,0,b,c,4526
3,2022-09-25,0,0,0,0,0,0,b,c,4526
3,2022-09-26,9272,1104,1,0,0,0,b,c,4526
3,2022-09-27,13668,1187,1,1,0,0,b,c,4526
3,2022-09-28,11610,1085,1,0,0,0,b,c,4526
3,2022-09-29,11417,1327,1,0,0,0,b,c,4526
3,2022-09-30,11387,1102,1,1,0,0,b,c,4526
3,2022-10-01,10991,991,1,1,0,0,b,c,4526
3,2022-10-02,0,0,0,0,0,0,b,c,4526
3,2022-10-03,12182,943,1,1,0,0,b,c,4526
3,2022-10-04,11207,853,1,0,0,0,b,c,4526
3,2022-10-05,11263,964,1,0,0,0,b,c,4526
3,2022-10-06,11474,1366,1,0,0,0,b,c,4526
3,2022-10-07,9504,857,1,0,0,0,b,c,4526
3,2022-10-08,10410,817,1,1,0,0,b,c,4526
3,2022-10-09,0,0,0,0,0,0,b,c,4526
3,2022-10-10,11130,1026,1,1,0,0,b,c,4526
3,2022-10-11,12158,931,1,0,0,0,b,c,4526
3,2022-10-12,11422,868,1,0,0,0,b,c,4526
3,2022-10-13,10491,1214,1,0,0,0,b,c,4526
3,2022-10-14,8584,697,1,0,0,0,b,c,4526
3,2022-10-15,11081,1113,1,1,0,0,b,c,4526
3,2022-10-16,0,0,0,0,0,0,b,c,4526
3,2022-10-17,9445,726,1,0,0,0,b,c,4526
3,2022-10-18,11274,983,1,0,0,0,b,c,4526
3,2022-10-19,12679,1370,1,1,0,0,b,c,4526
3,2022-10-20,12779,1205,1,1,0,0,b,c,4526
3,2022-10-21,10192,1033,1,0,0,0,b,c,4526
3,2022-10-22,9272,923,1,0,0,0,b,c,4526
3,2022-10-23,0,0,0,0,0,0,b,c,4526
3,2022-10-24,11843,1267,1,1,0,0,b,c,4526
3,2022-10-25,10246,773,1,0,0,0,b,c,4526
3,2022-10-26,13648,1203,1,1,0,0,b,c,4526
3,2022-10-27,11497,1162,1,1,0,0,b,c,4526
3,2022-10-28,7696,576,1,0,0,0,b,c,4526
3,2022-10-29,8216,923,1,0,0,0,b,c,4526
3,2022-10-30,0,0,0,0,0,0,b,c,4526
3,2022-10-31,10649,1029,1,1,0,0,b,c,4526
3,2022-11-01,12583,1327,1,1,0,0,b,c,4526
3,2022-11-02,12229,897,1,1,0,0,b,c,4526
3,2022-11-03,12763,1187,1,1,0,0,b,c,4526
3,2022-11-04,11153,840,1,1,0,0,b,c,4526
3,2022-11-05,9160,934,1,0,0,0,b,c,4526
3,2022-11-06,0,0,0,0,0,0,b,c,4526
3,2022-11-07,9514,795,1,0,0,0,b,c,4526
3,2022-11-08,12528,956,1,1,0,0,b,c,4526
3,2022-11-09,10206,752,1,0,0,0,b,c,4526
3,2022-11-10,12111,1269,1,1,0,0,b,c,4526
3,2022-11-11,9786,847,1,1,0,0,b,c,4526
3,2022-11-12,8015,964,1,0,0,0,b,c,4526
3,2022-11-13,0,0,0,0,0,0,b,c,4526
3,2022-11-14,11459,950,1,1,0,0,b,c,4526
3,2022-11-15,10224,923,1,0,0,0,b,c,4526
3,2022-11-16,12381,1191,1,1,0,0,b,c,4526
3,2022-11-17,11507,941,1,1,0,0,b,c,4526
3,2022-11-18,8445,784,1,0,0,0,b,c,4526
3,2022-11-19,10168,1142,1,1,0,0,b,c,4526
3,2022-11-20,0,0,0,0,0,0,b,c,4526
3,2022-11-21,9901,773,1,0,0,0,b,c,4526
3,2022-11-22,11336,972,1,1,0,0,b,c,4526
3,2022-11-23,11143,822,1,0,0,0,b,c,4526
3,2022-11-24,11633,1139,1,1,0,0,b,c,4526
3,2022-11-25,10079,965,1,1,0,0,b,c,4526
3,2022-11-26,7356,903,1,0,0,0,b,c,4526
3,2022-11-27,0,0,0,0,0,0,b,c,4526
3,2022-11-28,9463,679,1,0,0,0,b,c,4526
3,2022-11-29,10070,868,1,0,0,0,b,c,4526
3,2022-11-30,12095,965,1,1,0,0,b,c,4526
3,2022-12-01,8774,666,1,0,0,0,b,c,4526
3,2022-12-02,9934,898,1,1,0,0,b,c,4526
3,2022-12-03,7277,757,1,0,0,0,b,c,4526
3,2022-12-04,0,0,0,0,0,0,b,c,4526
3,2022-12-05,10226,1043,1,1,0,0,b,c,4526
3,2022-12-06,9530,912,1,0,0,0,b,c,4526
3,2022-12-07,9958,712,1,0,0,0,b,c,4526
3,2022-12-08,9011,875,1,0,0,0,b,c,4526
3,2022-12-09,9458,704,1,1,0,0,b,c,4526
3,2022-12-10,10172,950,1,1,0,0,b,c,4526
3,2022-12-11,0,0,0,0,0,0,b,c,4526
3,2022-12-12,10351,956,1,1,0,0,b,c,4526
3,2022-12-13,9357,766,1,0,0,0,b,c,4526
3,2022-12-14,11961,949,1,1,0,0,b,c,4526
3,2022-12-15,8849,713,1,0,0,0,b,c,4526
3,2022-12-16,8109,831,1,0,0,0,b,c,4526
3,2022-12-17,10066,849,1,1,0,0,b,c,4526
3,2022-12-18,0,0,0,0,0,0,b,c,4526
3,2022-12-19,8476,742,1,0,0,0,b,c,4526
3,2022-12-20,11020,812,1,1,0,0,b,c,4526
3,2022-12-21,9465,758,1,0,0,0,b,c,4526
3,2022-12-22,9987,976,1,0,0,0,b,c,4526
3,2022-12-23,9586,896,1,1,0,0,b,c,4526
3,2022-12-24,9828,776,1,1,0,0,b,c,4526
3,2022-12-25,0,0,0,0,a,0,b,c,4526
3,2022-12-26,9205,808,1,0,0,0,b,c,4526
3,2022-12-27,8723,884,1,0,0,0,b,c,4526
3,2022-12-28,11918,1467,1,1,0,0,b,c,4526
3,2022-12-29,10406,962,1,1,0,0,b,c,4526
3,2022-12-30,7984,782,1,0,0,0,b,c,4526
3,2022-12-31,7116,547,1,0,0,0,b,c,4526
3,2023-01-01,0,0,0,0,a,0,b,c,4526
3,2023-01-02,9245,971,1,0,0,0,b,c,4526
3,2023-01-03,10161,781,1,0,0,0,b,c,4526
3,2023-01-04,11751,1403,1,1,0,0,b,c,4526
3,2023-01-05,7785,713,1,0,0,0,b,c,4526
3,2023-01-06,8256,604,1,0,0,0,b,c,4526
3,2023-01-07,9604,703,1,1,0,0,b,c,4526
3,2023-01-08,0,0,0,0,0,0,b,c,4526
3,2023-01-09,10528,888,1,1,0,0,b,c,4526
3,2023-01-10,9505,770,1,0,0,0,b,c,4526
3,2023-01-11,11773,978,1,1,0,0,b,c,4526
3,2023-01-12,11707,1370,1,1,0,0,b,c,4526
3,2023-01-13,10374,890,1,1,0,0,b,c,4526
3,2023-01-14,6513,704,1,0,0,0,b,c,4526
3,2023-01-15,0,0,0,0,0,0,b,c,4526
3,2023-01-16,10157,780,1,1,0,0,b,c,4526
3,2023-01-17,9153,837,1,0,0,0,b,c,4526
3,2023-01-18,11270,968,1,1,0,0,b,c,4526
3,2023-01-19,10129,755,1,1,0,0,b,c,4526
3,2023-01-20,9473,1162,1,1,0,0,b,c,4526
3,2023-01-21,7862,888,1,0,0,0,b,c,4526
3,2023-01-22,0,0,0,0,0,0,b,c,4526
3,2023-01-23,10264,788,1,1,0,0,b,c,4526
3,2023-01-24,9684,914,1,0,0,0,b,c,4526
3,2023-01-25,10677,1272,1,1,0,0,b,c,4526
3,2023-01-26,7991,634,1,0,0,0,b,c,4526
3,2023-01-27,9023,738,1,1,0,0,b,c,4526
3,2023-01-28,8249,859,1,1,0,0,b,c,4526
3,2023-01-29,0,0,0,0,0,0,b,c,4526
3,2023-01-30,9039,1043,1,0,0,0,b,c,4526
3,2023-01-31,12335,1352,1,1,0,0,b,c,4526
3,2023-02-01,10625,986,1,0,0,0,b,c,4526
3,2023-02-02,9386,1000,1,0,0,0,b,c,4526
3,2023-02-03,9960,1091,1,1,0,0,b,c,4526
3,2023-02-04,8739,805,1,1,0,0,b,c,4526
3,2023-02-05,0,0,0,0,0,0,b,c,4526
3,2023-02-06,9486,837,1,0,0,0,b,c,4526
3,2023-02-07,11460,856,1,1,0,0,b,c,4526
3,2023-02-08,12162,1492,1,1,0,0,b,c,4526
3,2023-02-09,9404,703,1,0,0,0,b,c,4526
3,2023-02-10,7873,674,1,0,0,0,b,c,4526
3,2023-02-11,7149,578,1,0,0,0,b,c,4526
3,2023-02-12,0,0,0,0,0,0,b,c,4526
3,2023-02-13,10233,752,1,1,0,0,b,c,4526
3,2023-02-14,10407,1169,1,0,0,0,b,c,4526
3,2023-02-15,9690,1097,1,0,0,0,b,c,4526
3,2023-02-16,9749,1006,1,0,0,0,b,c,4526
3,2023-02-17,10795,1127,1,1,0,0,b,c,4526
3,2023-02-18,8400,608,1,0,0,0,b,c,4526
3,2023-02-19,0,0,0,0,0,0,b,c,4526
3,2023-02-20,9091,664,1,0,0,0,b,c,4526
3,2023-02-21,10383,975,1,0,0,0,b,c,4526
3,2023-02-22,11259,994,1,1,0,0,b,c,4526
3,2023-02-23,12179,1475,1,1,0,0,b,c,4526
3,2023-02-24,8144,679,1,0,0,0,b,c,4526
3,2023-02-25,8101,764,1,0,0,0,b,c,4526
3,2023-02-26,0,0,0,0,0,0,b,c,4526
3,2023-02-27,8813,1082,1,0,0,0,b,c,4526
3,2023-02-28,10490,764,1,0,0,0,b,c,4526
3,2023-03-01,10455,1208,1,0,0,0,b,c,4526
3,2023-03-02,10156,941,1,0,0,0,b,c,4526
3,2023-03-03,10248,1010,1,1,0,0,b,c,4526
3,2023-03-04,11591,997,1,1,0,0,b,c,4526
3,2023-03-05,0,0,0,0,0,0,b,c,4526
3,2023-03-06,11388,1068,1,1,0,0,b,c,4526
3,2023-03-07,10843,832,1,0,0,0,b,c,4526
3,2023-03-08,10777,809,1,0,0,0,b,c,4526
3,2023-03-09,12216,1359,1,1,0,0,b,c,4526
3,2023-03-10,10502,798,1,1,0,0,b,c,4526
3,2023-03-11,8280,796,1,0,0,0,b,c,4526
3,2023-03-12,0,0,0,0,0,0,b,c,4526
3,2023-03-13,10454,1027,1,0,0,0,b,c,4526
3,2023-03-14,12511,914,1,1,0,0,b,c,4526
3,2023-03-15,11288,1089,1,0,0,0,b,c,4526
3,2023-03-16,10364,1074,1,0,0,0,b,c,4526
3,2023-03-17,11088,1279,1,1,0,0,b,c,4526
3,2023-03-18,10864,868,1,1,0,0,b,c,4526
3,2023-03-19,0,0,0,0,0,0,b,c,4526
3,2023-03-20,11705,932,1,1,0,0,b,c,4526
3,2023-03-21,12005,1268,1,0,0,0,b,c,4526
3,2023-03-22,13392,1326,1,1,0,0,b,c,4526
3,2023-03-23,12547,922,1,1,0,0,b,c,4526
3,2023-03-24,9532,705,1,0,0,0,b,c,4526
3,2023-03-25,9930,796,1,0,0,0,b,c,4526
3,2023-03-26,0,0,0,0,0,0,b,c,4526
3,2023-03-27,9940,941,1,0,0,0,b,c,4526
3,2023-03-28,12804,1100,1,1,0,0,b,c,4526
3,2023-03-29,13356,1615,1,1,0,0,b,c,4526
3,2023-03-30,11716,840,1,1,0,0,b,c,4526
3,2023-03-31,10679,839,1,0,0,0,b,c,4526
3,2023-04-01,10311,819,1,0,0,0,b,c,4526
3,2023-04-02,0,0,0,0,0,0,b,c,4526
3,2023-04-03,12740,1434,1,1,0,0,b,c,4526
3,2023-04-04,10406,783,1,0,0,0,b,c,4526
3,2023-04-05,12051,1316,1,0,0,0,b,c,4526
3,2023-04-06,13773,1248,1,1,0,0,b,c,4526
3,2023-04-07,0,0,0,0,a,0,b,c,4526
3,2023-04-08,9456,1120,1,0,0,0,b,c,4526
3,2023-04-09,0,0,0,0,0,0,b,c,4526
3,2023-04-10,10252,976,1,0,0,0,b,c,4526
3,2023-04-11,11720,934,1,0,0,0,b,c,4526
3,2023-04-12,12517,1023,1,0,0,0,b,c,4526
3,2023-04-13,11512,886,1,0,0,0,b,c,4526
3,2023-04-14,10882,1265,1,0,0,0,b,c,4526
3,2023-04-15,11657,1273,1,1,0,0,b,c,4526
3,2023-04-16,0,0,0,0,0,0,b,c,4526
3,2023-04-17,12778,920,1,1,0,0,b,c,4526
3,2023-04-18,12100,1102,1,0,0,0,b,c,4526
3,2023-04-19,15006,1124,1,1,0,0,b,c,4526
3,2023-04-20,13802,1477,1,1,0,0,b,c,4526
3,2023-04-21,9580,878,1,0,0,0,b,c,4526
3,2023-04-22,11782,1453,1,1,0,0,b,c,4526
3,2023-04-23,0,0,0,0,0,0,b,c,4526
3,2023-04-24,13706,1515,1,1,0,0,b,c,4526
3,2023-04-25,14103,1013,1,1,0,0,b,c,4526
3,2023-04-26,12376,1173,1,0,0,0,b,c,4526
3,2023-04-27,11840,1006,1,0,0,0,b,c,4526
3,2023-04-28,10853,901,1,0,0,0,b,c,4526
3,2023-04-29,10538,1136,1,0,0,0,b,c,4526
3,2023-04-30,0,0,0,0,0,0,b,c,4526
3,2023-05-01,12899,1544,1,1,0,0,b,c,4526
3,2023-05-02,11986,1028,1,0,0,0,b,c,4526
3,2023-05-03,14984,1515,1,1,0,0,b,c,4526
3,2023-05-04,13026,1148,1,1,0,0,b,c,4526
3,2023-05-05,13882,1543,1,1,0,0,b,c,4526
3,2023-05-06,9855,784,1,0,0,0,b,c,4526
3,2023-05-07,0,0,0,0,0,0,b,c,4526
3,2023-05-08,10727,786,1,0,0,0,b,c,4526
3,2023-05-09,13580,1204,1,0,0,0,b,c,4526
3,2023-05-10,12757,1533,1,0,0,0,b,c,4526
3,2023-05-11,12796,1061,1,0,0,0,b,c,4526
3,2023-05-12,11125,987,1,0,0,0,b,c,4526
3,2023-05-13,11764,1425,1,1,0,0,b,c,4526
3,2023-05-14,0,0,0,0,0,0,b,c,4526
3,2023-05-15,13029,992,1,1,0,0,b,c,4526
3,2023-05-16,13376,1304,1,0,0,0,b,c,4526
3,2023-05-17,14031,1144,1,0,0,0,b,c,4526
3,2023-05-18,15322,1768,1,1,0,0,b,c,4526
3,2023-05-19,13607,1200,1,1,0,0,b,c,4526
3,2023-05-20,13362,994,1,1,0,0,b,c,4526
3,2023-05-21,0,0,0,0,0,0,b,c,4526
3,2023-05-22,11920,1030,1,0,0,0,b,c,4526
3,2023-05-23,14878,1389,1,1,0,0,b,c,4526
3,2023-05-24,14195,1284,1,0,0,0,b,c,4526
3,2023-05-25,14917,1642,1,1,0,0,b,c,4526
3,2023-05-26,13547,1052,1,1,0,0,b,c,4526
3,2023-05-27,13613,1033,1,1,0,0,b,c,4526
3,2023-05-28,0,0,0,0,0,0,b,c,4526
3,2023-05-29,15329,1755,1,1,0,0,b,c,4526
3,2023-05-30,14142,1069,1,1,0,0,b,c,4526
3,2023-05-31,13170,1024,1,0,0,0,b,c,4526
3,2023-06-01,12851,1494,1,0,0,0,b,c,4526
3,2023-06-02,13534,1401,1,1,0,0,b,c,4526
3,2023-06-03,11013,867,1,0,0,0,b,c,4526
3,2023-06-04,0,0,0,0,0,0,b,c,4526
3,2023-06-05,12095,1017,1,0,0,0,b,c,4526
3,2023-06-06,15801,1825,1,1,0,0,b,c,4526
3,2023-06-07,13962,1044,1,0,0,0,b,c,4526
3,2023-06-08,15651,1492,1,1,0,0,b,c,4526
3,2023-06-09,12645,995,1,0,0,0,b,c,4526
3,2023-06-10,13676,1365,1,1,0,0,b,c,4526
3,2023-06-11,0,0,0,0,0,0,b,c,4526
3,2023-06-12,12446,940,1,0,0,0,b,c,4526
3,2023-06-13,14614,1573,1,1,0,0,b,c,4526
3,2023-06-14,15560,1509,1,1,0,0,b,c,4526
3,2023-06-15,15650,1548,1,1,0,0,b,c,4526
3,2023-06-16,11672,1423,1,0,0,0,b,c,4526
3,2023-06-17,11214,1213,1,0,0,0,b,c,4526
3,2023-06-18,0,0,0,0,0,0,b,c,4526
3,2023-06-19,14591,1790,1,1,0,0,b,c,4526
3,2023-06-20,15246,1128,1,1,0,0,b,c,4526
3,2023-06-21,13720,1213,1,0,0,0,b,c,4526
3,2023-06-22,13051,1297,1,0,0,0,b,c,4526
3,2023-06-23,13034,960,1,0,0,0,b,c,4526
3,2023-06-24,13605,1371,1,1,0,0,b,c,4526
3,2023-06-25,0,0,0,0,0,0,b,c,4526
3,2023-06-26,12806,1096,1,0,0,0,b,c,4526
3,2023-06-27,13866,996,1,1,0,0,b,c,4526
3,2023-06-28,15345,1446,1,1,0,0,b,c,4526
3,2023-06-29,14666,1449,1,1,0,0,b,c,4526
3,2023-06-30,11901,1469,1,0,0,0,b,c,4526
3,2023-07-01,14704,1741,1,1,0,1,b,c,4526
3,2023-07-02,0,0,0,0,0,1,b,c,4526
3,2023-07-03,12293,921,1,0,0,1,b,c,4526
3,2023-07-04,15320,1165,1,1,0,1,b,c,4526
3,2023-07-05,15877,1348,1,1,0,1,b,c,4526
3,2023-07-06,15401,1345,1,1,0,1,b,c,4526
3,2023-07-07,15450,1273,1,1,0,1,b,c,4526
3,2023-07-08,11667,1241,1,0,0,1,b,c,4526
3,2023-07-09,0,0,0,0,0,1,b,c,4526
3,2023-07-10,14981,1822,1,1,0,1,b,c,4526
3,2023-07-11,14925,1332,1,0,0,1,b,c,4526
3,2023-07-12,13646,1518,1,0,0,1,b,c,4526
3,2023-07-13,12833,937,1,0,0,1,b,c,4526
3,2023-07-14,12858,1539,1,0,0,1,b,c,4526
3,2023-07-15,14730,1522,1,1,0,1,b,c,4526
3,2023-07-16,0,0,0,0,0,1,b,c,4526
3,2023-07-17,14383,1138,1,1,0,1,b,c,4526
3,2023-07-18,15619,1448,1,1,0,1,b,c,4526
3,2023-07-19,15617,1164,1,1,0,1,b,c,4526
3,2023-07-20,13845,1602,1,0,0,1,b,c,4526
3,2023-07-21,12105,1361,1,0,0,1,b,c,4526
3,2023-07-22,14755,1123,1,1,0,1,b,c,4526
3,2023-07-23,0,0,0,0,0,1,b,c,4526
3,2023-07-24,12251,1009,1,0,0,1,b,c,4526
3,2023-07-25,13952,1649,1,0,0,1,b,c,4526
3,2023-07-26,15470,1625,1,1,0,1,b,c,4526
3,2023-07-27,15456,1353,1,0,0,1,b,c,4526
3,2023-07-28,12535,1369,1,0,0,1,b,c,4526
3,2023-07-29,13275,1348,1,1,0,1,b,c,4526
3,2023-07-30,0,0,0,0,0,1,b,c,4526
3,2023-07-31,13583,1269,1,0,0,1,b,c,4526
3,2023-08-01,16857,1372,1,1,0,1,b,c,4526
3,2023-08-02,15110,1521,1,0,0,1,b,c,4526
3,2023-08-03,13390,1666,1,0,0,1,b,c,4526
3,2023-08-04,12813,1353,1,0,0,1,b,c,4526
3,2023-08-05,12588,1013,1,0,0,1,b,c,4526
3,2023-08-06,0,0,0,0,0,1,b,c,4526
3,2023-08-07,13107,1260,1,0,0,1,b,c,4526
3,2023-08-08,14238,1057,1,0,0,1,b,c,4526
3,2023-08-09,14431,1186,1,0,0,1,b,c,4526
3,2023-08-10,12551,1185,1,0,0,1,b,c,4526
3,2023-08-11,14508,1520,1,1,0,1,b,c,4526
3,2023-08-12,11278,810,1,0,0,1,b,c,4526
3,2023-08-13,0,0,0,0,0,1,b,c,4526
3,2023-08-14,12454,1420,1,0,0,1,b,c,4526
3,2023-08-15,14077,1439,1,0,0,1,b,c,4526
3,2023-08-16,16382,1333,1,1,0,1,b,c,4526
3,2023-08-17,15686,1186,1,1,0,1,b,c,4526
3,2023-08-18,14321,1353,1,1,0,1,b,c,4526
3,2023-08-19,14065,1504,1,1,0,1,b,c,4526
3,2023-08-20,0,0,0,0,0,1,b,c,4526
3,2023-08-21,12660,1439,1,0,0,1,b,c,4526
3,2023-08-22,13358,1304,1,0,0,1,b,c,4526
3,2023-08-23,15012,1074,1,1,0,1,b,c,4526
3,2023-08-24,12887,1364,1,0,0,1,b,c,4526
3,2023-08-25,11825,1035,1,0,0,1,b,c,4526
3,2023-08-26,10896,805,1,0,0,1,b,c,4526
3,2023-08-27,0,0,0,0,0,1,b,c,4526
3,2023-08-28,15008,1413,1,1,0,1,b,c,4526
3,2023-08-29,14926,1486,1,1,0,1,b,c,4526
3,2023-08-30,16017,1781,1,1,0,1,b,c,4526
3,2023-08-31,13810,1093,1,0,0,1,b,c,4526
3,2023-09-01,12758,1139,1,1,0,0,b,c,4526
3,2023-09-02,11216,1310,1,0,0,0,b,c,4526
3,2023-09-03,0,0,0,0,0,0,b,c,4526
3,2023-09-04,11764,1457,1,0,0,0,b,c,4526
3,2023-09-05,14452,1040,1,1,0,0,b,c,4526
3,2023-09-06,13079,974,1,0,0,0,b,c,4526
3,2023-09-07,14134,1063,1,1,0,0,b,c,4526
3,2023-09-08,12466,1095,1,1,0,0,b,c,4526
3,2023-09-09,8821,691,1,0,0,0,b,c,4526
3,2023-09-10,0,0,0,0,0,0,b,c,4526
3,2023-09-11,13397,995,1,1,0,0,b,c,4526
3,2023-09-12,11950,1407,1,0,0,0,b,c,4526
3,2023-09-13,12583,1068,1,0,0,0,b,c,4526
3,2023-09-14,13515,1352,1,1,0,0,b,c,4526
3,2023-09-15,12524,966,1,1,0,0,b,c,4526
3,2023-09-16,11547,977,1,1,0,0,b,c,4526
3,2023-09-17,0,0,0,0,0,0,b,c,4526
3,2023-09-18,13684,1250,1,1,0,0,b,c,4526
3,2023-09-19,11596,1225,1,0,0,0,b,c,4526
3,2023-09-20,12361,1087,1,0,0,0,b,c,4526
3,2023-09-21,11218,1282,1,0,0,0,b,c,4526
3,2023-09-22,10464,1044,1,0,0,0,b,c,4526
3,2023-09-23,9230,1100,1,0,0,0,b,c,4526
3,2023-09-24,0,0,0,0,0,0,b,c,4526
3,2023-09-25,12852,1063,1,1,0,0,b,c,4526
3,2023-09-26,12343,973,1,0,0,0,b,c,4526
3,2023-09-27,12411,1173,1,0,0,0,b,c,4526
3,2023-09-28,11325,1228,1,0,0,0,b,c,4526
3,2023-09-29,12388,918,1,1,0,0,b,c,4526
3,2023-09-30,11652,900,1,1,0,0,b,c,4526
3,2023-10-01,0,0,0,0,0,0,b,c,4526
3,2023-10-02,10261,1194,1,0,0,0,b,c,4526
3,2023-10-03,13743,1712,1,1,0,0,b,c,4526
3,2023-10-04,11433,1059,1,0,0,0,b,c,4526
3,2023-10-05,11359,1341,1,0,0,0,b,c,4526
3,2023-10-06,10986,1063,1,0,0,0,b,c,4526
3,2023-10-07,8949,1045,1,0,0,0,b,c,4526
3,2023-10-08,0,0,0,0,0,0,b,c,4526
3,2023-10-09,11138,1303,1,0,0,0,b,c,4526
3,2023-10-10,11572,854,1,0,0,0,b,c,4526
3,2023-10-11,13018,1301,1,1,0,0,b,c,4526
3,2023-10-12,11796,844,1,0,0,0,b,c,4526
3,2023-10-13,9877,1190,1,0,0,0,b,c,4526
3,2023-10-14,10959,907,1,1,0,0,b,c,4526
3,2023-10-15,0,0,0,0,0,0,b,c,4526
3,2023-10-16,12076,1091,1,1,0,0,b,c,4526
3,2023-10-17,12229,1083,1,1,0,0,b,c,4526
3,2023-10-18,10822,815,1,0,0,0,b,c,4526
3,2023-10-19,11029,1286,1,0,0,0,b,c,4526
3,2023-10-20,8901,862,1,0,0,0,b,c,4526
3,2023-10-21,10617,993,1,1,0,0,b,c,4526
3,2023-10-22,0,0,0,0,0,0,b,c,4526
3,2023-10-23,11608,1074,1,1,0,0,b,c,4526
3,2023-10-24,10170,982,1,0,0,0,b,c,4526
3,2023-10-25,12850,1331,1,1,0,0,b,c,4526
3,2023-10-26,10042,736,1,0,0,0,b,c,4526
3,2023-10-27,9636,807,1,0,0,0,b,c,4526
3,2023-10-28,8966,802,1,0,0,0,b,c,4526
3,2023-10-29,0,0,0,0,0,0,b,c,4526
3,2023-10-30,11007,1041,1,1,0,0,b,c,4526
3,2023-10-31,12613,916,1,1,0,0,b,c,4526
3,2023-11-01,10728,805,1,0,0,0,b,c,4526
3,2023-11-02,12223,1448,1,1,0,0,b,c,4526
3,2023-11-03,10041,1109,1,1,0,0,b,c,4526
3,2023-11-04,9157,697,1,0,0,0,b,c,4526
3,2023-11-05,0,0,0,0,0,0,b,c,4526
3,2023-11-06,10113,950,1,1,0,0,b,c,4526
3,2023-11-07,10595,991,1,0,0,0,b,c,4526
3,2023-11-08,11515,1045,1,0,0,0,b,c,4526
3,2023-11-09,10029,756,1,0,0,0,b,c,4526
3,2023-11-10,9748,1033,1,0,0,0,b,c,4526
3,2023-11-11,9060,771,1,1,0,0,b,c,4526
3,2023-11-12,0,0,0,0,0,0,b,c,4526
3,2023-11-13,9396,719,1,0,0,0,b,c,4526
3,2023-11-14,9865,950,1,0,0,0,b,c,4526
3,2023-11-15,12367,962,1,1,0,0,b,c,4526
3,2023-11-16,9118,766,1,0,0,0,b,c,4526
3,2023-11-17,9693,775,1,1,0,0,b,c,4526
3,2023-11-18,7750,886,1,0,0,0,b,c,4526
3,2023-11-19,0,0,0,0,0,0,b,c,4526
3,2023-11-20,11701,853,1,1,0,0,b,c,4526
3,2023-11-21,12956,953,1,1,0,0,b,c,4526
3,2023-11-22,10813,1082,1,0,0,0,b,c,4526
3,2023-11-23,11111,1030,1,1,0,0,b,c,4526
3,2023-11-24,8950,1006,1,0,0,0,b,c,4526
3,2023-11-25,10194,1115,1,1,0,0,b,c,4526
3,2023-11-26,0,0,0,0,0,0,b,c,4526
3,2023-11-27,8762,1075,1,0,0,0,b,c,4526
3,2023-11-28,12814,1541,1,1,0,0,b,c,4526
3,2023-11-29,10796,1278,1,0,0,0,b,c,4526
3,2023-11-30,10019,858,1,0,0,0,b,c,4526
3,2023-12-01,9523,988,1,0,0,0,b,c,4526
3,2023-12-02,6907,762,1,0,0,0,b,c,4526
3,2023-12-03,0,0,0,0,0,0,b,c,4526
3,2023-12-04,10897,874,1,1,0,0,b,c,4526
3,2023-12-05,10635,766,1,1,0,0,b,c,4526
3,2023-12-06,11424,1164,1,1,0,0,b,c,4526
3,2023-12-07,10625,1006,1,1,0,0,b,c,4526
3,2023-12-08,8828,1018,1,0,0,0,b,c,4526
3,2023-12-09,9844,704,1,1,0,0,b,c,4526
3,2023-12-10,0,0,0,0,0,0,b,c,4526
3,2023-12-11,8351,770,1,0,0,0,b,c,4526
3,2023-12-12,11887,1177,1,1,0,0,b,c,4526
3,2023-12-13,10325,892,1,0,0,0,b,c,4526
3,2023-12-14,11370,1182,1,1,0,0,b,c,4526
3,2023-12-15,9822,817,1,1,0,0,b,c,4526
3,2023-12-16,6557,679,1,0,0,0,b,c,4526
3,2023-12-17,0,0,0,0,0,0,b,c,4526
3,2023-12-18,9081,1045,1,0,0,0,b,c,4526
3,2023-12-19,9930,1152,1,0,0,0,b,c,4526
3,2023-12-20,12493,1076,1,1,0,0,b,c,4526
3,2023-12-21,10373,956,1,1,0,0,b,c,4526
3,2023-12-22,10226,1251,1,1,0,0,b,c,4526
3,2023-12-23,7181,678,1,0,0,0,b,c,4526
3,2023-12-24,0,0,0,0,0,0,b,c,4526
3,2023-12-25,0,0,0,0,a,0,b,c,4526
3,2023-12-26,9204,1042,1,0,0,0,b,c,4526
3,2023-12-27,10630,1315,1,1,0,0,b,c,4526
3,2023-12-28,9578,925,1,0,0,0,b,c,4526
3,2023-12-29,8952,793,1,0,0,0,b,c,4526
3,2023-12-30,6533,649,1,0,0,0,b,c,4526
3,2023-12-31,0,0,0,0,0,0,b,c,4526
4,2020-01-01,0,0,0,0,a,0,c,a,8422
4,2020-01-02,4548,538,1,0,0,0,c,a,8422
4,2020-01-03,4050,346,1,0,0,0,c,a,8422
4,2020-01-04,4690,453,1,1,0,0,c,a,8422
4,2020-01-05,0,0,0,0,0,0,c,a,8422
4,2020-01-06,4021,312,1,0,0,0,c,a,8422
4,2020-01-07,5988,515,1,1,0,0,c,a,8422
4,2020-01-08,5501,425,1,0,0,0,c,a,8422
4,2020-01-09,6106,730,1,1,0,0,c,a,8422
4,2020-01-10,5325,583,1,1,0,0,c,a,8422
4,2020-01-11,3788,279,1,0,0,0,c,a,8422
4,2020-01-12,0,0,0,0,0,0,c,a,8422
4,2020-01-13,5868,532,1,1,0,0,c,a,8422
4,2020-01-14,5239,546,1,0,0,0,c,a,8422
4,2020-01-15,6436,578,1,1,0,0,c,a,8422
4,2020-01-16,5410,673,1,1,0,0,c,a,8422
4,2020-01-17,5192,459,1,1,0,0,c,a,8422
4,2020-01-18,3804,442,1,0,0,0,c,a,8422
4,2020-01-19,0,0,0,0,0,0,c,a,8422
4,2020-01-20,4086,397,1,0,0,0,c,a,8422
4,2020-01-21,4479,341,1,0,0,0,c,a,8422
4,2020-01-22,5095,543,1,0,0,0,c,a,8422
4,2020-01-23,4659,568,1,0,0,0,c,a,8422
4,2020-01-24,5182,442,1,1,0,0,c,a,8422
4,2020-01-25,3622,272,1,0,0,0,c,a,8422
4,2020-01-26,0,0,0,0,0,0,c,a,8422
4,2020-01-27,4694,552,1,0,0,0,c,a,8422
4,2020-01-28,5704,556,1,1,0,0,c,a,8422
4,2020-01-29,5434,446,1,0,0,0,c,a,8422
4,2020-01-30,5064,516,1,0,0,0,c,a,8422
4,2020-01-31,5340,452,1,1,0,0,c,a,8422
4,2020-02-01,4500,421,1,0,0,0,c,a,8422
4,2020-02-02,0,0,0,0,0,0,c,a,8422
4,2020-02-03,4491,498,1,0,0,0,c,a,8422
4,2020-02-04,6462,717,1,1,0,0,c,a,8422
4,2020-02-05,6938,504,1,1,0,0,c,a,8422
4,2020-02-06,5102,373,1,0,0,0,c,a,8422
4,2020-02-07,5780,621,1,1,0,0,c,a,8422
4,2020-02-08,5193,409,1,1,0,0,c,a,8422
4,2020-02-09,0,0,0,0,0,0,c,a,8422
4,2020-02-10,4268,415,1,0,0,0,c,a,8422
4,2020-02-11,6815,511,1,1,0,0,c,a,8422
4,2020-02-12,4954,356,1,0,0,0,c,a,8422
4,2020-02-13,5107,372,1,1,0,0,c,a,8422
4,2020-02-14,4426,448,1,0,0,0,c,a,8422
4,2020-02-15,4042,290,1,0,0,0,c,a,8422
4,2020-02-16,0,0,0,0,0,0,c,a,8422
4,2020-02-17,5201,521,1,1,0,0,c,a,8422
4,2020-02-18,5386,409,1,0,0,0,c,a,8422
4,2020-02-19,5523,512,1,0,0,0,c,a,8422
4,2020-02-20,4841,360,1,0,0,0,c,a,8422
4,2020-02-21,4812,348,1,1,0,0,c,a,8422
4,2020-02-22,5185,452,1,1,0,0,c,a,8422
4,2020-02-23,0,0,0,0,0,0,c,a,8422
4,2020-02-24,5822,488,1,1,0,0,c,a,8422
4,2020-02-25,5754,550,1,0,0,0,c,a,8422
4,2020-02-26,6767,735,1,1,0,0,c,a,8422
4,2020-02-27,6576,480,1,1,0,0,c,a,8422
4,2020-02-28,5549,660,1,1,0,0,c,a,8422
4,2020-02-29,5299,469,1,1,0,0,c,a,8422
4,2020-03-01,0,0,0,0,0,0,c,a,8422
4,2020-03-02,6099,555,1,1,0,0,c,a,8422
4,2020-03-03,6057,557,1,0,0,0,c,a,8422
4,2020-03-04,6684,631,1,1,0,0,c,a,8422
4,2020-03-05,5185,472,1,0,0,0,c,a,8422
4,2020-03-06,4734,367,1,0,0,0,c,a,8422
4,2020-03-07,4066,298,1,0,0,0,c,a,8422
4,2020-03-08,0,0,0,0,0,0,c,a,8422
4,2020-03-09,6234,472,1,1,0,0,c,a,8422
4,2020-03-10,6569,687,1,1,0,0,c,a,8422
4,2020-03-11,6911,645,1,1,0,0,c,a,8422
4,2020-03-12,5525,456,1,0,0,0,c,a,8422
4,2020-03-13,4961,360,1,0,0,0,c,a,8422
4,2020-03-14,4397,427,1,0,0,0,c,a,8422
4,2020-03-15,0,0,0,0,0,0,c,a,8422
4,2020-03-16,6408,515,1,1,0,0,c,a,8422
4,2020-03-17,5911,527,1,0,0,0,c,a,8422
4,2020-03-18,6408,652,1,1,0,0,c,a,8422
4,2020-03-19,5460,476,1,0,0,0,c,a,8422
4,2020-03-20,5901,676,1,1,0,0,c,a,8422
4,2020-03-21,4177,403,1,0,0,0,c,a,8422
4,2020-03-22,0,0,0,0,0,0,c,a,8422
4,2020-03-23,5571,614,1,0,0,0,c,a,8422
4,2020-03-24,6106,502,1,0,0,0,c,a,8422
4,2020-03-25,6351,520,1,0,0,0,c,a,8422
4,2020-03-26,6356,556,1,1,0,0,c,a,8422
4,2020-03-27,5489,484,1,0,0,0,c,a,8422
4,2020-03-28,4992,546,1,0,0,0,c,a,8422
4,2020-03-29,0,0,0,0,0,0,c,a,8422
4,2020-03-30,5857,555,1,0,0,0,c,a,8422
4,2020-03-31,5740,559,1,0,0,0,c,a,8422
4,2020-04-01,6755,687,1,1,0,0,c,a,8422
4,2020-04-02,5908,662,1,0,0,0,c,a,8422
4,2020-04-03,5974,668,1,1,0,0,c,a,8422
4,2020-04-04,5615,440,1,1,0,0,c,a,8422
4,2020-04-05,0,0,0,0,0,0,c,a,8422
4,2020-04-06,4900,429,1,0,0,0,c,a,8422
4,2020-04-07,6558,770,1,1,0,0,c,a,8422
4,2020-04-08,7653,578,1,1,0,0,c,a,8422
4,2020-04-09,7433,701,1,1,0,0,c,a,8422
4,2020-04-10,0,0,0,0,a,0,c,a,8422
4,2020-04-11,6336,627,1,1,0,0,c,a,8422
4,2020-04-12,0,0,0,0,0,0,c,a,8422
4,2020-04-13,5725,617,1,0,0,0,c,a,8422
4,2020-04-14,6888,523,1,0,0,0,c,a,8422
4,2020-04-15,6761,638,1,1,0,0,c,a,8422
4,2020-04-16,6511,606,1,0,0,0,c,a,8422
4,2020-04-17,6095,752,1,1,0,0,c,a,8422
4,2020-04-18,4774,585,1,0,0,0,c,a,8422
4,2020-04-19,0,0,0,0,0,0,c,a,8422
4,2020-04-20,7362,640,1,1,0,0,c,a,8422
4,2020-04-21,6498,585,1,0,0,0,c,a,8422
4,2020-04-22,7712,571,1,1,0,0,c,a,8422
4,2020-04-23,6034,513,1,0,0,0,c,a,8422
4,2020-04-24,7338,743,1,1,0,0,c,a,8422
4,2020-04-25,5424,451,1,0,0,0,c,a,8422
4,2020-04-26,0,0,0,0,0,0,c,a,8422
4,2020-04-27,6527,769,1,1,0,0,c,a,8422
4,2020-04-28,6544,638,1,0,0,0,c,a,8422
4,2020-04-29,6442,462,1,0,0,0,c,a,8422
4,2020-04-30,6953,824,1,1,0,0,c,a,8422
4,2020-05-01,7130,709,1,1,0,0,c,a,8422
4,2020-05-02,5606,419,1,0,0,0,c,a,8422
4,2020-05-03,0,0,0,0,0,0,c,a,8422
4,2020-05-04,5949,433,1,0,0,0,c,a,8422
4,2020-05-05,6348,557,1,0,0,0,c,a,8422
4,2020-05-06,6459,575,1,0,0,0,c,a,8422
4,2020-05-07,7388,890,1,1,0,0,c,a,8422
4,2020-05-08,7332,623,1,1,0,0,c,a,8422
4,2020-05-09,6141,585,1,0,0,0,c,a,8422
4,2020-05-10,0,0,0,0,0,0,c,a,8422
4,2020-05-11,7203,887,1,1,0,0,c,a,8422
4,2020-05-12,7200,685,1,1,0,0,c,a,8422
4,2020-05-13,7304,635,1,0,0,0,c,a,8422
4,2020-05-14,7162,733,1,1,0,0,c,a,8422
4,2020-05-15,6627,550,1,1,0,0,c,a,8422
4,2020-05-16,6137,511,1,1,0,0,c,a,8422
4,2020-05-17,0,0,0,0,0,0,c,a,8422
4,2020-05-18,7581,862,1,1,0,0,c,a,8422
4,2020-05-19,7837,694,1,1,0,0,c,a,8422
4,2020-05-20,7090,790,1,0,0,0,c,a,8422
4,2020-05-21,6073,706,1,0,0,0,c,a,8422
4,2020-05-22,7092,543,1,1,0,0,c,a,8422
4,2020-05-23,6568,778,1,1,0,0,c,a,8422
4,2020-05-24,0,0,0,0,0,0,c,a,8422
4,2020-05-25,7606,633,1,1,0,0,c,a,8422
4,2020-05-26,7669,701,1,0,0,0,c,a,8422
4,2020-05-27,7236,659,1,0,0,0,c,a,8422
4,2020-05-28,6562,605,1,0,0,0,c,a,8422
4,2020-05-29,7428,687,1,1,0,0,c,a,8422
4,2020-05-30,7268,704,1,1,0,0,c,a,8422
4,2020-05-31,0,0,0,0,0,0,c,a,8422
4,2020-06-01,6768,583,1,0,0,0,c,a,8422
4,2020-06-02,7319,577,1,1,0,0,c,a,8422
4,2020-06-03,7526,540,1,0,0,0,c,a,8422
4,2020-06-04,7221,557,1,0,0,0,c,a,8422
4,2020-06-05,7435,627,1,1,0,0,c,a,8422
4,2020-06-06,7171,581,1,1,0,0,c,a,8422
4,2020-06-07,0,0,0,0,0,0,c,a,8422
4,2020-06-08,7445,878,1,0,0,0,c,a,8422
4,2020-06-09,6977,702,1,0,0,0,c,a,8422
4,2020-06-10,8118,903,1,1,0,0,c,a,8422
4,2020-06-11,6842,524,1,0,0,0,c,a,8422
4,2020-06-12,6541,471,1,0,0,0,c,a,8422
4,2020-06-13,6574,734,1,0,0,0,c,a,8422
4,2020-06-14,0,0,0,0,0,0,c,a,8422
4,2020-06-15,6927,813,1,0,0,0,c,a,8422
4,2020-06-16,6828,519,1,0,0,0,c,a,8422
4,2020-06-17,8387,619,1,1,0,0,c,a,8422
4,2020-06-18,7034,741,1,0,0,0,c,a,8422
4,2020-06-19,6612,623,1,0,0,0,c,a,8422
4,2020-06-20,6166,453,1,0,0,0,c,a,8422
4,2020-06-21,0,0,0,0,0,0,c,a,8422
4,2020-06-22,6664,611,1,0,0,0,c,a,8422
4,2020-06-23,7256,624,1,0,0,0,c,a,8422
4,2020-06-24,8677,725,1,1,0,0,c,a,8422
4,2020-06-25,7884,885,1,1,0,0,c,a,8422
4,2020-06-26,7255,827,1,1,0,0,c,a,8422
4,2020-06-27,5866,440,1,0,0,0,c,a,8422
4,2020-06-28,0,0,0,0,0,0,c,a,8422
4,2020-06-29,7056,602,1,0,0,0,c,a,8422
4,2020-06-30,8104,872,1,1,0,0,c,a,8422
4,2020-07-01,9405,1079,1,1,0,1,c,a,8422
4,2020-07-02,7629,863,1,0,0,1,c,a,8422
4,2020-07-03,7195,831,1,0,0,1,c,a,8422
4,2020-07-04,7199,870,1,1,0,1,c,a,8422
4,2020-07-05,0,0,0,0,0,1,c,a,8422
4,2020-07-06,7375,679,1,0,0,1,c,a,8422
4,2020-07-07,7939,680,1,0,0,1,c,a,8422
4,2020-07-08,8153,767,1,0,0,1,c,a,8422
4,2020-07-09,6970,516,1,0,0,1,c,a,8422
4,2020-07-10,7866,925,1,1,0,1,c,a,8422
4,2020-07-11,7262,621,1,1,0,1,c,a,8422
4,2020-07-12,0,0,0,0,0,1,c,a,8422
4,2020-07-13,7713,884,1,0,0,1,c,a,8422
4,2020-07-14,7668,769,1,0,0,1,c,a,8422
4,2020-07-15,8153,673,1,0,0,1,c,a,8422
4,2020-07-16,7719,568,1,1,0,1,c,a,8422
4,2020-07-17,7846,623,1,1,0,1,c,a,8422
4,2020-07-18,6310,559,1,0,0,1,c,a,8422
4,2020-07-19,0,0,0,0,0,1,c,a,8422
4,2020-07-20,7006,863,1,0,0,1,c,a,8422
4,2020-07-21,7401,575,1,0,0,1,c,a,8422
4,2020-07-22,8946,701,1,1,0,1,c,a,8422
4,2020-07-23,8649,719,1,1,0,1,c,a,8422
4,2020-07-24,7030,567,1,1,0,1,c,a,8422
4,2020-07-25,6494,576,1,0,0,1,c,a,8422
4,2020-07-26,0,0,0,0,0,1,c,a,8422
4,2020-07-27,6762,753,1,0,0,1,c,a,8422
4,2020-07-28,8197,711,1,1,0,1,c,a,8422
4,2020-07-29,8511,928,1,1,0,1,c,a,8422
4,2020-07-30,7660,617,1,0,0,1,c,a,8422
4,2020-07-31,7578,868,1,1,0,1,c,a,8422
4,2020-08-01,7234,904,1,1,0,1,c,a,8422
4,2020-08-02,0,0,0,0,0,1,c,a,8422
4,2020-08-03,7507,616,1,0,0,1,c,a,8422
4,2020-08-04,7195,592,1,0,0,1,c,a,8422
4,2020-08-05,7541,822,1,0,0,1,c,a,8422
4,2020-08-06,9081,940,1,1,0,1,c,a,8422
4,2020-08-07,6206,586,1,0,0,1,c,a,8422
4,2020-08-08,6063,486,1,0,0,1,c,a,8422
4,2020-08-09,0,0,0,0,0,1,c,a,8422
4,2020-08-10,8010,598,1,1,0,1,c,a,8422
4,2020-08-11,7039,649,1,0,0,1,c,a,8422
4,2020-08-12,8255,795,1,1,0,1,c,a,8422
4,2020-08-13,7238,517,1,0,0,1,c,a,8422
4,2020-08-14,6560,712,1,0,0,1,c,a,8422
4,2020-08-15,6237,533,1,0,0,1,c,a,8422
4,2020-08-16,0,0,0,0,0,1,c,a,8422
4,2020-08-17,7072,505,1,0,0,1,c,a,8422
4,2020-08-18,7177,807,1,0,0,1,c,a,8422
4,2020-08-19,8155,596,1,1,0,1,c,a,8422
4,2020-08-20,7137,607,1,0,0,1,c,a,8422
4,2020-08-21,5995,494,1,0,0,1,c,a,8422
4,2020-08-22,7192,668,1,1,0,1,c,a,8422
4,2020-08-23,0,0,0,0,0,1,c,a,8422
4,2020-08-24,6855,495,1,0,0,1,c,a,8422
4,2020-08-25,8131,722,1,1,0,1,c,a,8422
4,2020-08-26,8310,740,1,1,0,1,c,a,8422
4,2020-08-27,6559,511,1,0,0,1,c,a,8422
4,2020-08-28,7249,722,1,1,0,1,c,a,8422
4,2020-08-29,6705,687,1,1,0,1,c,a,8422
4,2020-08-30,0,0,0,0,0,1,c,a,8422
4,2020-08-31,6923,509,1,0,0,1,c,a,8422
4,2020-09-01,7805,615,1,1,0,0,c,a,8422
4,2020-09-02,6679,539,1,0,0,0,c,a,8422
4,2020-09-03,6759,521,1,0,0,0,c,a,8422
4,2020-09-04,5839,646,1,0,0,0,c,a,8422
4,2020-09-05,6198,555,1,1,0,0,c,a,8422
4,2020-09-06,0,0,0,0,0,0,c,a,8422
4,2020-09-07,7123,725,1,1,0,0,c,a,8422
4,2020-09-08,6804,618,1,0,0,0,c,a,8422
4,2020-09-09,7607,896,1,1,0,0,c,a,8422
4,2020-09-10,7185,812,1,1,0,0,c,a,8422
4,2020-09-11,5010,407,1,0,0,0,c,a,8422
4,2020-09-12,5780,547,1,0,0,0,c,a,8422
4,2020-09-13,0,0,0,0,0,0,c,a,8422
4,2020-09-14,5830,582,1,0,0,0,c,a,8422
4,2020-09-15,6750,735,1,0,0,0,c,a,8422
4,2020-09-16,7714,605,1,1,0,0,c,a,8422
4,2020-09-17,7056,587,1,1,0,0,c,a,8422
4,2020-09-18,4993,479,1,0,0,0,c,a,8422
4,2020-09-19,6383,674,1,1,0,0,c,a,8422
4,2020-09-20,0,0,0,0,0,0,c,a,8422
4,2020-09-21,6987,511,1,1,0,0,c,a,8422
4,2020-09-22,6542,550,1,1,0,0,c,a,8422
4,2020-09-23,7350,629,1,1,0,0,c,a,8422
4,2020-09-24,6115,757,1,0,0,0,c,a,8422
4,2020-09-25,5660,425,1,0,0,0,c,a,8422
4,2020-09-26,5430,479,1,1,0,0,c,a,8422
4,2020-09-27,0,0,0,0,0,0,c,a,8422
4,2020-09-28,5371,457,1,0,0,0,c,a,8422
4,2020-09-29,5696,509,1,0,0,0,c,a,8422
4,2020-09-30,7585,627,1,1,0,0,c,a,8422
4,2020-10-01,6111,705,1,0,0,0,c,a,8422
4,2020-10-02,6519,713,1,1,0,0,c,a,8422
4,2020-10-03,6498,793,1,1,0,0,c,a,8422
4,2020-10-04,0,0,0,0,0,0,c,a,8422
4,2020-10-05,5346,612,1,0,0,0,c,a,8422
4,2020-10-06,5416,438,1,0,0,0,c,a,8422
4,2020-10-07,6345,457,1,1,0,0,c,a,8422
4,2020-10-08,6328,696,1,0,0,0,c,a,8422
4,2020-10-09,6251,548,1,1,0,0,c,a,8422
4,2020-10-10,5440,409,1,1,0,0,c,a,8422
4,2020-10-11,0,0,0,0,0,0,c,a,8422
4,2020-10-12,6509,528,1,1,0,0,c,a,8422
4,2020-10-13,5597,474,1,0,0,0,c,a,8422
4,2020-10-14,6164,682,1,0,0,0,c,a,8422
4,2020-10-15,5561,521,1,0,0,0,c,a,8422
4,2020-10-16,5966,445,1,1,0,0,c,a,8422
4,2020-10-17,4450,451,1,0,0,0,c,a,8422
4,2020-10-18,0,0,0,0,0,0,c,a,8422
4,2020-10-19,6690,771,1,1,0,0,c,a,8422
4,2020-10-20,6830,501,1,1,0,0,c,a,8422
4,2020-10-21,6781,579,1,0,0,0,c,a,8422
4,2020-10-22,6289,488,1,1,0,0,c,a,8422
4,2020-10-23,5073,392,1,0,0,0,c,a,8422
4,2020-10-24,5426,388,1,1,0,0,c,a,8422
4,2020-10-25,0,0,0,0,0,0,c,a,8422
4,2020-10-26,6322,602,1,1,0,0,c,a,8422
4,2020-10-27,5517,555,1,0,0,0,c,a,8422
4,2020-10-28,6897,535,1,1,0,0,c,a,8422
4,2020-10-29,5870,516,1,1,0,0,c,a,8422
4,2020-10-30,5663,594,1,1,0,0,c,a,8422
4,2020-10-31,4909,565,1,1,0,0,c,a,8422
4,2020-11-01,0,0,0,0,0,0,c,a,8422
4,2020-11-02,5979,610,1,1,0,0,c,a,8422
4,2020-11-03,4977,520,1,0,0,0,c,a,8422
4,2020-11-04,7114,662,1,1,0,0,c,a,8422
4,2020-11-05,5009,444,1,0,0,0,c,a,8422
4,2020-11-06,5283,392,1,1,0,0,c,a,8422
4,2020-11-07,4129,317,1,0,0,0,c,a,8422
4,2020-11-08,0,0,0,0,0,0,c,a,8422
4,2020-11-09,4621,341,1,0,0,0,c,a,8422
4,2020-11-10,6579,659,1,1,0,0,c,a,8422
4,2020-11-11,6033,585,1,0,0,0,c,a,8422
4,2020-11-12,4878,425,1,0,0,0,c,a,8422
4,2020-11-13,4494,367,1,0,0,0,c,a,8422
4,2020-11-14,5122,544,1,1,0,0,c,a,8422
4,2020-11-15,0,0,0,0,0,0,c,a,8422
4,2020-11-16,5764,522,1,1,0,0,c,a,8422
4,2020-11-17,5095,455,1,0,0,0,c,a,8422
4,2020-11-18,6766,710,1,1,0,0,c,a,8422
4,2020-11-19,4724,516,1,0,0,0,c,a,8422
4,2020-11-20,5380,415,1,1,0,0,c,a,8422
4,2020-11-21,4350,506,1,0,0,0,c,a,8422
4,2020-11-22,0,0,0,0,0,0,c,a,8422
4,2020-11-23,5236,550,1,1,0,0,c,a,8422
4,2020-11-24,6483,492,1,1,0,0,c,a,8422
4,2020-11-25,6501,699,1,1,0,0,c,a,8422
4,2020-11-26,5833,701,1,1,0,0,c,a,8422
4,2020-11-27,4839,384,1,0,0,0,c,a,8422
4,2020-11-28,3961,347,1,0,0,0,c,a,8422
4,2020-11-29,0,0,0,0,0,0,c,a,8422
4,2020-11-30,5638,661,1,1,0,0,c,a,8422
4,2020-12-01,5068,409,1,0,0,0,c,a,8422
4,2020-12-02,6500,536,1,1,0,0,c,a,8422
4,2020-12-03,5577,627,1,1,0,0,c,a,8422
4,2020-12-04,5359,526,1,1,0,0,c,a,8422
4,2020-12-05,4286,324,1,0,0,0,c,a,8422
4,2020-12-06,0,0,0,0,0,0,c,a,8422
4,2020-12-07,5008,613,1,0,0,0,c,a,8422
4,2020-12-08,4502,367,1,0,0,0,c,a,8422
4,2020-12-09,6631,704,1,1,0,0,c,a,8422
4,2020-12-10,4719,435,1,0,0,0,c,a,8422
4,2020-12-11,4337,386,1,0,0,0,c,a,8422
4,2020-12-12,4004,447,1,0,0,0,c,a,8422
4,2020-12-13,0,0,0,0,0,0,c,a,8422
4,2020-12-14,4766,369,1,0,0,0,c,a,8422
4,2020-12-15,5174,487,1,0,0,0,c,a,8422
4,2020-12-16,5200,465,1,0,0,0,c,a,8422
4,2020-12-17,4544,383,1,0,0,0,c,a,8422
4,2020-12-18,5619,608,1,1,0,0,c,a,8422
4,2020-12-19,3649,284,1,0,0,0,c,a,8422
4,2020-12-20,0,0,0,0,0,0,c,a,8422
4,2020-12-21,5030,420,1,0,0,0,c,a,8422
4,2020-12-22,6750,546,1,1,0,0,c,a,8422
4,2020-12-23,5932,504,1,1,0,0,c,a,8422
4,2020-12-24,5334,387,1,1,0,0,c,a,8422
4,2020-12-25,0,0,0,0,a,0,c,a,8422
4,2020-12-26,4207,318,1,0,0,0,c,a,8422
4,2020-12-27,0,0,0,0,0,0,c,a,8422
4,2020-12-28,4917,490,1,1,0,0,c,a,8422
4,2020-12-29,4450,319,1,0,0,0,c,a,8422
4,2020-12-30,4738,481,1,0,0,0,c,a,8422
4,2020-12-31,5234,616,1,0,0,0,c,a,8422
4,2021-01-01,0,0,0,0,a,0,c,a,8422
4,2021-01-02,3772,273,1,0,0,0,c,a,8422
4,2021-01-03,0,0,0,0,0,0,c,a,8422
4,2021-01-04,4295,373,1,0,0,0,c,a,8422
4,2021-01-05,5507,559,1,0,0,0,c,a,8422
4,2021-01-06,5284,567,1,0,0,0,c,a,8422
4,2021-01-07,5331,397,1,1,0,0,c,a,8422
4,2021-01-08,4445,377,1,0,0,0,c,a,8422
4,2021-01-09,3771,345,1,0,0,0,c,a,8422
4,2021-01-10,0,0,0,0,0,0,c,a,8422
4,2021-01-11,4831,512,1,0,0,0,c,a,8422
4,2021-01-12,5442,411,1,0,0,0,c,a,8422
4,2021-01-13,4731,414,1,0,0,0,c,a,8422
4,2021-01-14,4623,468,1,0,0,0,c,a,8422
4,2021-01-15,4946,400,1,1,0,0,c,a,8422
4,2021-01-16,4048,381,1,0,0,0,c,a,8422
4,2021-01-17,0,0,0,0,0,0,c,a,8422
4,2021-01-18,5357,431,1,1,0,0,c,a,8422
4,2021-01-19,5645,505,1,1,0,0,c,a,8422
4,2021-01-20,4920,490,1,0,0,0,c,a,8422
4,2021-01-21,4361,369,1,0,0,0,c,a,8422
4,2021-01-22,4364,441,1,0,0,0,c,a,8422
4,2021-01-23,4399,415,1,1,0,0,c,a,8422
4,2021-01-24,0,0,0,0,0,0,c,a,8422
4,2021-01-25,5222,573,1,1,0,0,c,a,8422
4,2021-01-26,5064,533,1,0,0,0,c,a,8422
4,2021-01-27,6382,458,1,1,0,0,c,a,8422
4,2021-01-28,4525,381,1,0,0,0,c,a,8422
4,2021-01-29,5322,406,1,1,0,0,c,a,8422
4,2021-01-30,4696,404,1,1,0,0,c,a,8422
4,2021-01-31,0,0,0,0,0,0,c,a,8422
4,2021-02-01,4301,402,1,0,0,0,c,a,8422
4,2021-02-02,5754,449,1,1,0,0,c,a,8422
4,2021-02-03,6407,513,1,1,0,0,c,a,8422
4,2021-02-04,4917,359,1,0,0,0,c,a,8422
4,2021-02-05,5288,443,1,1,0,0,c,a,8422
4,2021-02-06,5184,504,1,1,0,0,c,a,8422
4,2021-02-07,0,0,0,0,0,0,c,a,8422
4,2021-02-08,6023,506,1,1,0,0,c,a,8422
4,2021-02-09,5734,431,1,1,0,0,c,a,8422
4,2021-02-10,5770,636,1,0,0,0,c,a,8422
4,2021-02-11,4781,588,1,0,0,0,c,a,8422
4,2021-02-12,4941,568,1,0,0,0,c,a,8422
4,2021-02-13,4489,522,1,0,0,0,c,a,8422
4,2021-02-14,0,0,0,0,0,0,c,a,8422
4,2021-02-15,4833,389,1,0,0,0,c,a,8422
4,2021-02-16,6079,627,1,1,0,0,c,a,8422
4,2021-02-17,6498,651,1,1,0,0,c,a,8422
4,2021-02-18,6416,677,1,1,0,0,c,a,8422
4,2021-02-19,5607,464,1,1,0,0,c,a,8422
4,2021-02-20,5732,696,1,1,0,0,c,a,8422
4,2021-02-21,0,0,0,0,0,0,c,a,8422
4,2021-02-22,4639,450,1,0,0,0,c,a,8422
4,2021-02-23,5257,408,1,0,0,0,c,a,8422
4,2021-02-24,6745,690,1,1,0,0,c,a,8422
4,2021-02-25,5755,565,1,0,0,0,c,a,8422
4,2021-02-26,6009,457,1,1,0,0,c,a,8422
4,2021-02-27,4395,500,1,0,0,0,c,a,8422
4,2021-02-28,0,0,0,0,0,0,c,a,8422
4,2021-03-01,6341,549,1,1,0,0,c,a,8422
4,2021-03-02,5426,499,1,0,0,0,c,a,8422
4,2021-03-03,5886,473,1,0,0,0,c,a,8422
4,2021-03-04,5698,484,1,0,0,0,c,a,8422
4,2021-03-05,6374,562,1,1,0,0,c,a,8422
4,2021-03-06,5605,596,1,1,0,0,c,a,8422
4,2021-03-07,0,0,0,0,0,0,c,a,8422
4,2021-03-08,6380,467,1,1,0,0,c,a,8422
4,2021-03-09,5608,501,1,0,0,0,c,a,8422
4,2021-03-10,6907,679,1,1,0,0,c,a,8422
4,2021-03-11,6292,474,1,1,0,0,c,a,8422
4,2021-03-12,6430,630,1,1,0,0,c,a,8422
4,2021-03-13,4949,437,1,0,0,0,c,a,8422
4,2021-03-14,0,0,0,0,0,0,c,a,8422
4,2021-03-15,6483,513,1,1,0,0,c,a,8422
4,2021-03-16,6466,522,1,0,0,0,c,a,8422
4,2021-03-17,6291,519,1,0,0,0,c,a,8422
4,2021-03-18,5198,456,1,0,0,0,c,a,8422
4,2021-03-19,6257,617,1,1,0,0,c,a,8422
4,2021-03-20,5878,497,1,1,0,0,c,a,8422
4,2021-03-21,0,0,0,0,0,0,c,a,8422
4,2021-03-22,6164,731,1,1,0,0,c,a,8422
4,2021-03-23,7243,654,1,1,0,0,c,a,8422
4,2021-03-24,6521,671,1,1,0,0,c,a,8422
4,2021-03-25,6751,698,1,1,0,0,c,a,8422
4,2021-03-26,6718,758,1,1,0,0,c,a,8422
4,2021-03-27,4743,391,1,0,0,0,c,a,8422
4,2021-03-28,0,0,0,0,0,0,c,a,8422
4,2021-03-29,6625,686,1,1,0,0,c,a,8422
4,2021-03-30,6158,668,1,0,0,0,c,a,8422
4,2021-03-31,5681,450,1,0,0,0,c,a,8422
4,2021-04-01,5943,480,1,0,0,0,c,a,8422
4,2021-04-02,0,0,0,0,a,0,c,a,8422
4,2021-04-03,5286,409,1,0,0,0,c,a,8422
4,2021-04-04,0,0,0,0,0,0,c,a,8422
4,2021-04-05,6202,484,1,0,0,0,c,a,8422
4,2021-04-06,8093,964,1,1,0,0,c,a,8422
4,2021-04-07,7402,657,1,1,0,0,c,a,8422
4,2021-04-08,6348,777,1,0,0,0,c,a,8422
4,2021-04-09,5009,403,1,0,0,0,c,a,8422
4,2021-04-10,4824,451,1,0,0,0,c,a,8422
4,2021-04-11,0,0,0,0,0,0,c,a,8422
4,2021-04-12,5692,580,1,0,0,0,c,a,8422
4,2021-04-13,5923,537,1,0,0,0,c,a,8422
4,2021-04-14,6078,458,1,0,0,0,c,a,8422
4,2021-04-15,7421,904,1,1,0,0,c,a,8422
4,2021-04-16,6483,491,1,1,0,0,c,a,8422
4,2021-04-17,6260,646,1,1,0,0,c,a,8422
4,2021-04-18,0,0,0,0,0,0,c,a,8422
4,2021-04-19,5920,538,1,0,0,0,c,a,8422
4,2021-04-20,8213,676,1,1,0,0,c,a,8422
4,2021-04-21,7483,912,1,1,0,0,c,a,8422
4,2021-04-22,6567,484,1,0,0,0,c,a,8422
4,2021-04-23,6987,737,1,1,0,0,c,a,8422
4,2021-04-24,5494,485,1,0,0,0,c,a,8422
4,2021-04-25,0,0,0,0,0,0,c,a,8422
4,2021-04-26,7060,519,1,1,0,0,c,a,8422
4,2021-04-27,7347,559,1,1,0,0,c,a,8422
4,2021-04-28,6632,739,1,0,0,0,c,a,8422
4,2021-04-29,6136,450,1,0,0,0,c,a,8422
4,2021-04-30,6938,501,1,1,0,0,c,a,8422
4,2021-05-01,5643,462,1,0,0,0,c,a,8422
4,2021-05-02,0,0,0,0,0,0,c,a,8422
4,2021-05-03,6413,484,1,0,0,0,c,a,8422
4,2021-05-04,6461,467,1,0,0,0,c,a,8422
4,2021-05-05,7878,863,1,1,0,0,c,a,8422
4,2021-05-06,7087,740,1,1,0,0,c,a,8422
4,2021-05-07,5567,579,1,0,0,0,c,a,8422
4,2021-05-08,5776,433,1,0,0,0,c,a,8422
4,2021-05-09,0,0,0,0,0,0,c,a,8422
4,2021-05-10,7574,861,1,1,0,0,c,a,8422
4,2021-05-11,7823,902,1,1,0,0,c,a,8422
4,2021-05-12,8306,671,1,1,0,0,c,a,8422
4,2021-05-13,8272,1008,1,1,0,0,c,a,8422
4,2021-05-14,6612,574,1,0,0,0,c,a,8422
4,2021-05-15,6748,523,1,1,0,0,c,a,8422
4,2021-05-16,0,0,0,0,0,0,c,a,8422
4,2021-05-17,6821,727,1,1,0,0,c,a,8422
4,2021-05-18,6970,566,1,0,0,0,c,a,8422
4,2021-05-19,8365,861,1,1,0,0,c,a,8422
4,2021-05-20,8155,948,1,1,0,0,c,a,8422
4,2021-05-21,7824,752,1,1,0,0,c,a,8422
4,2021-05-22,6836,540,1,1,0,0,c,a,8422
4,2021-05-23,0,0,0,0,0,0,c,a,8422
4,2021-05-24,7893,777,1,1,0,0,c,a,8422
4,2021-05-25,7212,619,1,0,0,0,c,a,8422
4,2021-05-26,7023,841,1,0,0,0,c,a,8422
4,2021-05-27,7577,563,1,1,0,0,c,a,8422
4,2021-05-28,6390,512,1,0,0,0,c,a,8422
4,2021-05-29,6476,657,1,1,0,0,c,a,8422
4,2021-05-30,0,0,0,0,0,0,c,a,8422
4,2021-05-31,7810,797,1,1,0,0,c,a,8422
4,2021-06-01,8612,617,1,1,0,0,c,a,8422
4,2021-06-02,7366,774,1,0,0,0,c,a,8422
4,2021-06-03,7303,573,1,0,0,0,c,a,8422
4,2021-06-04,7480,641,1,1,0,0,c,a,8422
4,2021-06-05,5976,526,1,0,0,0,c,a,8422
4,2021-06-06,0,0,0,0,0,0,c,a,8422
4,2021-06-07,7055,518,1,0,0,0,c,a,8422
4,2021-06-08,9008,736,1,1,0,0,c,a,8422
4,2021-06-09,7809,836,1,0,0,0,c,a,8422
4,2021-06-10,7991,729,1,1,0,0,c,a,8422
4,2021-06-11,6142,674,1,0,0,0,c,a,8422
4,2021-06-12,6101,506,1,0,0,0,c,a,8422
4,2021-06-13,0,0,0,0,0,0,c,a,8422
4,2021-06-14,7059,796,1,1,0,0,c,a,8422
4,2021-06-15,8517,755,1,1,0,0,c,a,8422
4,2021-06-16,7891,639,1,1,0,0,c,a,8422
4,2021-06-17,7357,789,1,0,0,0,c,a,8422
4,2021-06-18,6352,784,1,0,0,0,c,a,8422
4,2021-06-19,7084,743,1,0,0,0,c,a,8422
4,2021-06-20,0,0,0,0,0,0,c,a,8422
4,2021-06-21,7253,581,1,0,0,0,c,a,8422
4,2021-06-22,8004,682,1,1,0,0,c,a,8422
4,2021-06-23,7555,567,1,0,0,0,c,a,8422
4,2021-06-24,7009,625,1,0,0,0,c,a,8422
4,2021-06-25,6563,675,1,0,0,0,c,a,8422
4,2021-06-26,6542,611,1,0,0,0,c,a,8422
4,2021-06-27,0,0,0,0,0,0,c,a,8422
4,2021-06-28,6804,487,1,0,0,0,c,a,8422
4,2021-06-29,8172,635,1,1,0,0,c,a,8422
4,2021-06-30,6349,614,1,0,0,0,c,a,8422
4,2021-07-01,9179,731,1,1,0,1,c,a,8422
4,2021-07-02,6438,482,1,0,0,1,c,a,8422
4,2021-07-03,7859,981,1,1,0,1,c,a,8422
4,2021-07-04,0,0,0,0,0,1,c,a,8422
4,2021-07-05,8260,837,1,1,0,1,c,a,8422
4,2021-07-06,7542,812,1,0,0,1,c,a,8422
4,2021-07-07,8551,638,1,1,0,1,c,a,8422
4,2021-07-08,7162,647,1,0,0,1,c,a,8422
4,2021-07-09,6851,735,1,0,0,1,c,a,8422
4,2021-07-10,7344,541,1,1,0,1,c,a,8422
4,2021-07-11,0,0,0,0,0,1,c,a,8422
4,2021-07-12,8335,877,1,1,0,1,c,a,8422
4,2021-07-13,7694,873,1,0,0,1,c,a,8422
4,2021-07-14,7538,847,1,0,0,1,c,a,8422
4,2021-07-15,8611,712,1,1,0,1,c,a,8422
4,2021-07-16,8430,712,1,1,0,1,c,a,8422
4,2021-07-17,6953,791,1,0,0,1,c,a,8422
4,2021-07-18,0,0,0,0,0,1,c,a,8422
4,2021-07-19,7168,625,1,0,0,1,c,a,8422
4,2021-07-20,8482,955,1,1,0,1,c,a,8422
4,2021-07-21,9223,1090,1,1,0,1,c,a,8422
4,2021-07-22,7938,627,1,0,0,1,c,a,8422
4,2021-07-23,7899,892,1,1,0,1,c,a,8422
4,2021-07-24,6776,619,1,0,0,1,c,a,8422
4,2021-07-25,0,0,0,0,0,1,c,a,8422
4,2021-07-26,7033,574,1,0,0,1,c,a,8422
4,2021-07-27,8010,839,1,0,0,1,c,a,8422
4,2021-07-28,7834,817,1,0,0,1,c,a,8422
4,2021-07-29,7548,816,1,0,0,1,c,a,8422
4,2021-07-30,7639,821,1,1,0,1,c,a,8422
4,2021-07-31,6819,645,1,0,0,1,c,a,8422
4,2021-08-01,0,0,0,0,0,1,c,a,8422
4,2021-08-02,7862,618,1,1,0,1,c,a,8422
4,2021-08-03,8210,857,1,1,0,1,c,a,8422
4,2021-08-04,8900,641,1,1,0,1,c,a,8422
4,2021-08-05,8405,813,1,1,0,1,c,a,8422
4,2021-08-06,7632,777,1,1,0,1,c,a,8422
4,2021-08-07,5831,433,1,0,0,1,c,a,8422
4,2021-08-08,0,0,0,0,0,1,c,a,8422
4,2021-08-09,7114,674,1,0,0,1,c,a,8422
4,2021-08-10,8865,1015,1,1,0,1,c,a,8422
4,2021-08-11,7480,545,1,0,0,1,c,a,8422
4,2021-08-12,8819,645,1,1,0,1,c,a,8422
4,2021-08-13,6280,751,1,0,0,1,c,a,8422
4,2021-08-14,6233,466,1,0,0,1,c,a,8422
4,2021-08-15,0,0,0,0,0,1,c,a,8422
4,2021-08-16,6842,530,1,0,0,1,c,a,8422
4,2021-08-17,8096,764,1,0,0,1,c,a,8422
4,2021-08-18,7796,904,1,0,0,1,c,a,8422
4,2021-08-19,8110,655,1,1,0,1,c,a,8422
4,2021-08-20,7587,867,1,1,0,1,c,a,8422
4,2021-08-21,6035,576,1,0,0,1,c,a,8422
4,2021-08-22,0,0,0,0,0,1,c,a,8422
4,2021-08-23,8054,898,1,1,0,1,c,a,8422
4,2021-08-24,7390,667,1,0,0,1,c,a,8422
4,2021-08-25,7869,628,1,1,0,1,c,a,8422
4,2021-08-26,7928,793,1,1,0,1,c,a,8422
4,2021-08-27,6741,833,1,0,0,1,c,a,8422
4,2021-08-28,7095,621,1,1,0,1,c,a,8422
4,2021-08-29,0,0,0,0,0,1,c,a,8422
4,2021-08-30,6658,558,1,0,0,1,c,a,8422
4,2021-08-31,7026,522,1,0,0,1,c,a,8422
4,2021-09-01,6716,693,1,0,0,0,c,a,8422
4,2021-09-02,6554,546,1,0,0,0,c,a,8422
4,2021-09-03,6570,535,1,1,0,0,c,a,8422
4,2021-09-04,5393,665,1,0,0,0,c,a,8422
4,2021-09-05,0,0,0,0,0,0,c,a,8422
4,2021-09-06,6173,648,1,0,0,0,c,a,8422
4,2021-09-07,7871,626,1,1,0,0,c,a,8422
4,2021-09-08,6906,675,1,0,0,0,c,a,8422
4,2021-09-09,6063,706,1,0,0,0,c,a,8422
4,2021-09-10,5710,463,1,0,0,0,c,a,8422
4,2021-09-11,6864,618,1,1,0,0,c,a,8422
4,2021-09-12,0,0,0,0,0,0,c,a,8422
4,2021-09-13,6161,743,1,1,0,0,c,a,8422
4,2021-09-14,7129,859,1,1,0,0,c,a,8422
4,2021-09-15,6800,609,1,0,0,0,c,a,8422
4,2021-09-16,6930,509,1,1,0,0,c,a,8422
4,2021-09-17,5199,602,1,0,0,0,c,a,8422
4,2021-09-18,5562,529,1,0,0,0,c,a,8422
4,2021-09-19,0,0,0,0,0,0,c,a,8422
4,2021-09-20,7395,595,1,1,0,0,c,a,8422
4,2021-09-21,6056,497,1,0,0,0,c,a,8422
4,2021-09-22,6753,510,1,0,0,0,c,a,8422
4,2021-09-23,5683,420,1,0,0,0,c,a,8422
4,2021-09-24,6850,724,1,1,0,0,c,a,8422
4,2021-09-25,6650,533,1,1,0,0,c,a,8422
4,2021-09-26,0,0,0,0,0,0,c,a,8422
4,2021-09-27,5383,391,1,0,0,0,c,a,8422
4,2021-09-28,6439,527,1,0,0,0,c,a,8422
4,2021-09-29,6308,724,1,0,0,0,c,a,8422
4,2021-09-30,6766,664,1,1,0,0,c,a,8422
4,2021-10-01,5849,575,1,0,0,0,c,a,8422
4,2021-10-02,6087,570,1,1,0,0,c,a,8422
4,2021-10-03,0,0,0,0,0,0,c,a,8422
4,2021-10-04,5803,486,1,0,0,0,c,a,8422
4,2021-10-05,7082,568,1,1,0,0,c,a,8422
4,2021-10-06,7527,632,1,1,0,0,c,a,8422
4,2021-10-07,5756,457,1,0,0,0,c,a,8422
4,2021-10-08,5351,515,1,0,0,0,c,a,8422
4,2021-10-09,4996,411,1,0,0,0,c,a,8422
4,2021-10-10,0,0,0,0,0,0,c,a,8422
4,2021-10-11,6954,532,1,1,0,0,c,a,8422
4,2021-10-12,6339,774,1,0,0,0,c,a,8422
4,2021-10-13,6774,705,1,0,0,0,c,a,8422
4,2021-10-14,5715,504,1,0,0,0,c,a,8422
4,2021-10-15,5165,531,1,0,0,0,c,a,8422
4,2021-10-16,5220,450,1,1,0,0,c,a,8422
4,2021-10-17,0,0,0,0,0,0,c,a,8422
4,2021-10-18,5427,642,1,0,0,0,c,a,8422
4,2021-10-19,5962,490,1,0,0,0,c,a,8422
4,2021-10-20,6105,707,1,0,0,0,c,a,8422
4,2021-10-21,6847,642,1,1,0,0,c,a,8422
4,2021-10-22,6091,531,1,1,0,0,c,a,8422
4,2021-10-23,5019,457,1,0,0,0,c,a,8422
4,2021-10-24,0,0,0,0,0,0,c,a,8422
4,2021-10-25,6070,675,1,0,0,0,c,a,8422
4,2021-10-26,5718,523,1,0,0,0,c,a,8422
4,2021-10-27,6736,736,1,0,0,0,c,a,8422
4,2021-10-28,6131,465,1,0,0,0,c,a,8422
4,2021-10-29,4428,547,1,0,0,0,c,a,8422
4,2021-10-30,5101,392,1,0,0,0,c,a,8422
4,2021-10-31,0,0,0,0,0,0,c,a,8422
4,2021-11-01,5476,636,1,1,0,0,c,a,8422
4,2021-11-02,6779,563,1,1,0,0,c,a,8422
4,2021-11-03,6519,679,1,1,0,0,c,a,8422
4,2021-11-04,4958,610,1,0,0,0,c,a,8422
4,2021-11-05,5902,546,1,1,0,0,c,a,8422
4,2021-11-06,5514,621,1,1,0,0,c,a,8422
4,2021-11-07,0,0,0,0,0,0,c,a,8422
4,2021-11-08,6006,561,1,1,0,0,c,a,8422
4,2021-11-09,5474,602,1,0,0,0,c,a,8422
4,2021-11-10,5896,622,1,0,0,0,c,a,8422
4,2021-11-11,5540,475,1,0,0,0,c,a,8422
4,2021-11-12,4588,357,1,0,0,0,c,a,8422
4,2021-11-13,4017,340,1,0,0,0,c,a,8422
4,2021-11-14,0,0,0,0,0,0,c,a,8422
4,2021-11-15,4460,378,1,0,0,0,c,a,8422
4,2021-11-16,5761,503,1,0,0,0,c,a,8422
4,2021-11-17,5283,582,1,0,0,0,c,a,8422
4,2021-11-18,5298,535,1,0,0,0,c,a,8422
4,2021-11-19,5082,466,1,0,0,0,c,a,8422
4,2021-11-20,3596,351,1,0,0,0,c,a,8422
4,2021-11-21,0,0,0,0,0,0,c,a,8422
4,2021-11-22,5424,606,1,1,0,0,c,a,8422
4,2021-11-23,5701,625,1,0,0,0,c,a,8422
4,2021-11-24,5057,463,1,0,0,0,c,a,8422
4,2021-11-25,5122,565,1,0,0,0,c,a,8422
4,2021-11-26,4295,490,1,0,0,0,c,a,8422
4,2021-11-27,3812,274,1,0,0,0,c,a,8422
4,2021-11-28,0,0,0,0,0,0,c,a,8422
4,2021-11-29,4827,448,1,0,0,0,c,a,8422
4,2021-11-30,5867,527,1,0,0,0,c,a,8422
4,2021-12-01,5429,572,1,0,0,0,c,a,8422
4,2021-12-02,5972,670,1,1,0,0,c,a,8422
4,2021-12-03,4194,470,1,0,0,0,c,a,8422
4,2021-12-04,5261,562,1,1,0,0,c,a,8422
4,2021-12-05,0,0,0,0,0,0,c,a,8422
4,2021-12-06,5303,476,1,0,0,0,c,a,8422
4,2021-12-07,6524,809,1,1,0,0,c,a,8422
4,2021-12-08,5364,621,1,0,0,0,c,a,8422
4,2021-12-09,6317,486,1,1,0,0,c,a,8422
4,2021-12-10,5273,439,1,1,0,0,c,a,8422
4,2021-12-11,4725,390,1,1,0,0,c,a,8422
4,2021-12-12,0,0,0,0,0,0,c,a,8422
4,2021-12-13,6227,622,1,1,0,0,c,a,8422
4,2021-12-14,6063,545,1,1,0,0,c,a,8422
4,2021-12-15,6219,754,1,1,0,0,c,a,8422
4,2021-12-16,6070,595,1,1,0,0,c,a,8422
4,2021-12-17,4416,352,1,0,0,0,c,a,8422
4,2021-12-18,5026,466,1,1,0,0,c,a,8422
4,2021-12-19,0,0,0,0,0,0,c,a,8422
4,2021-12-20,5309,621,1,1,0,0,c,a,8422
4,2021-12-21,5740,510,1,1,0,0,c,a,8422
4,2021-12-22,5513,620,1,0,0,0,c,a,8422
4,2021-12-23,5521,575,1,1,0,0,c,a,8422
4,2021-12-24,4118,337,1,0,0,0,c,a,8422
4,2021-12-25,0,0,0,0,a,0,c,a,8422
4,2021-12-26,0,0,0,0,0,0,c,a,8422
4,2021-12-27,4284,376,1,0,0,0,c,a,8422
4,2021-12-28,6202,471,1,1,0,0,c,a,8422
4,2021-12-29,6689,481,1,1,0,0,c,a,8422
4,2021-12-30,5843,441,1,1,0,0,c,a,8422
4,2021-12-31,5738,469,1,1,0,0,c,a,8422
4,2022-01-01,0,0,0,0,a,0,c,a,8422
4,2022-01-02,0,0,0,0,0,0,c,a,8422
4,2022-01-03,5033,439,1,0,0,0,c,a,8422
4,2022-01-04,5819,462,1,1,0,0,c,a,8422
4,2022-01-05,5865,659,1,1,0,0,c,a,8422
4,2022-01-06,5922,639,1,1,0,0,c,a,8422
4,2022-01-07,5717,430,1,1,0,0,c,a,8422
4,2022-01-08,3977,329,1,0,0,0,c,a,8422
4,2022-01-09,0,0,0,0,0,0,c,a,8422
4,2022-01-10,4381,395,1,0,0,0,c,a,8422
4,2022-01-11,5144,459,1,0,0,0,c,a,8422
4,2022-01-12,6647,678,1,1,0,0,c,a,8422
4,2022-01-13,4763,366,1,0,0,0,c,a,8422
4,2022-01-14,4693,541,1,0,0,0,c,a,8422
4,2022-01-15,5637,602,1,1,0,0,c,a,8422
4,2022-01-16,0,0,0,0,0,0,c,a,8422
4,2022-01-17,4819,370,1,0,0,0,c,a,8422
4,2022-01-18,5083,492,1,0,0,0,c,a,8422
4,2022-01-19,6355,491,1,1,0,0,c,a,8422
4,2022-01-20,6037,537,1,1,0,0,c,a,8422
4,2022-01-21,6095,642,1,1,0,0,c,a,8422
4,2022-01-22,4164,335,1,0,0,0,c,a,8422
4,2022-01-23,0,0,0,0,0,0,c,a,8422
4,2022-01-24,4395,433,1,0,0,0,c,a,8422
4,2022-01-25,6569,797,1,1,0,0,c,a,8422
4,2022-01-26,5598,546,1,0,0,0,c,a,8422
4,2022-01-27,5702,450,1,0,0,0,c,a,8422
4,2022-01-28,4611,436,1,0,0,0,c,a,8422
4,2022-01-29,3559,323,1,0,0,0,c,a,8422
4,2022-01-30,0,0,0,0,0,0,c,a,8422
4,2022-01-31,5201,405,1,1,0,0,c,a,8422
4,2022-02-01,6463,500,1,1,0,0,c,a,8422
4,2022-02-02,6733,603,1,1,0,0,c,a,8422
4,2022-02-03,6192,753,1,1,0,0,c,a,8422
4,2022-02-04,4680,363,1,0,0,0,c,a,8422
4,2022-02-05,5573,422,1,1,0,0,c,a,8422
4,2022-02-06,0,0,0,0,0,0,c,a,8422
4,2022-02-07,4765,364,1,0,0,0,c,a,8422
4,2022-02-08,5755,480,1,0,0,0,c,a,8422
4,2022-02-09,7346,690,1,1,0,0,c,a,8422
4,2022-02-10,6409,596,1,1,0,0,c,a,8422
4,2022-02-11,4861,443,1,0,0,0,c,a,8422
4,2022-02-12,5513,457,1,1,0,0,c,a,8422
4,2022-02-13,0,0,0,0,0,0,c,a,8422
4,2022-02-14,6284,509,1,1,0,0,c,a,8422
4,2022-02-15,5679,449,1,0,0,0,c,a,8422
4,2022-02-16,6940,811,1,1,0,0,c,a,8422
4,2022-02-17,5106,444,1,0,0,0,c,a,8422
4,2022-02-18,5020,617,1,0,0,0,c,a,8422
4,2022-02-19,4536,407,1,0,0,0,c,a,8422
4,2022-02-20,0,0,0,0,0,0,c,a,8422
4,2022-02-21,6473,716,1,1,0,0,c,a,8422
4,2022-02-22,5883,564,1,0,0,0,c,a,8422
4,2022-02-23,7009,514,1,1,0,0,c,a,8422
4,2022-02-24,5561,555,1,0,0,0,c,a,8422
4,2022-02-25,4721,371,1,0,0,0,c,a,8422
4,2022-02-26,4063,339,1,0,0,0,c,a,8422
4,2022-02-27,0,0,0,0,0,0,c,a,8422
4,2022-02-28,6187,669,1,1,0,0,c,a,8422
4,2022-03-01,5977,442,1,0,0,0,c,a,8422
4,2022-03-02,5937,478,1,0,0,0,c,a,8422
4,2022-03-03,6638,823,1,1,0,0,c,a,8422
4,2022-03-04,6415,742,1,1,0,0,c,a,8422
4,2022-03-05,4701,497,1,0,0,0,c,a,8422
4,2022-03-06,0,0,0,0,0,0,c,a,8422
4,2022-03-07,6332,644,1,1,0,0,c,a,8422
4,2022-03-08,6413,669,1,1,0,0,c,a,8422
4,2022-03-09,6145,703,1,0,0,0,c,a,8422
4,2022-03-10,5371,434,1,0,0,0,c,a,8422
4,2022-03-11,5664,485,1,0,0,0,c,a,8422
4,2022-03-12,4783,562,1,0,0,0,c,a,8422
4,2022-03-13,0,0,0,0,0,0,c,a,8422
4,2022-03-14,6216,527,1,1,0,0,c,a,8422
4,2022-03-15,6847,624,1,1,0,0,c,a,8422
4,2022-03-16,6896,757,1,1,0,0,c,a,8422
4,2022-03-17,5711,627,1,0,0,0,c,a,8422
4,2022-03-18,4517,450,1,0,0,0,c,a,8422
4,2022-03-19,5301,641,1,0,0,0,c,a,8422
4,2022-03-20,0,0,0,0,0,0,c,a,8422
4,2022-03-21,5089,480,1,0,0,0,c,a,8422
4,2022-03-22,6532,490,1,0,0,0,c,a,8422
4,2022-03-23,6116,469,1,0,0,0,c,a,8422
4,2022-03-24,5843,530,1,0,0,0,c,a,8422
4,2022-03-25,6289,696,1,1,0,0,c,a,8422
4,2022-03-26,5214,449,1,1,0,0,c,a,8422
4,2022-03-27,0,0,0,0,0,0,c,a,8422
4,2022-03-28,7001,847,1,1,0,0,c,a,8422
4,2022-03-29,7064,538,1,1,0,0,c,a,8422
4,2022-03-30,7340,569,1,1,0,0,c,a,8422
4,2022-03-31,7284,886,1,1,0,0,c,a,8422
4,2022-04-01,6566,546,1,1,0,0,c,a,8422
4,2022-04-02,5492,452,1,0,0,0,c,a,8422
4,2022-04-03,0,0,0,0,0,0,c,a,8422
4,2022-04-04,6818,531,1,0,0,0,c,a,8422
4,2022-04-05,6712,590,1,0,0,0,c,a,8422
4,2022-04-06,6466,780,1,0,0,0,c,a,8422
4,2022-04-07,7005,742,1,1,0,0,c,a,8422
4,2022-04-08,5739,566,1,0,0,0,c,a,8422
4,2022-04-09,5505,555,1,0,0,0,c,a,8422
4,2022-04-10,0,0,0,0,0,0,c,a,8422
4,2022-04-11,6521,476,1,1,0,0,c,a,8422
4,2022-04-12,7795,780,1,1,0,0,c,a,8422
4,2022-04-13,6944,833,1,0,0,0,c,a,8422
4,2022-04-14,6527,474,1,0,0,0,c,a,8422
4,2022-04-15,0,0,0,0,a,0,c,a,8422
4,2022-04-16,5521,396,1,0,0,0,c,a,8422
4,2022-04-17,0,0,0,0,0,0,c,a,8422
4,2022-04-18,5999,716,1,0,0,0,c,a,8422
4,2022-04-19,6777,515,1,0,0,0,c,a,8422
4,2022-04-20,6492,633,1,0,0,0,c,a,8422
4,2022-04-21,6827,646,1,0,0,0,c,a,8422
4,2022-04-22,5562,455,1,0,0,0,c,a,8422
4,2022-04-23,7362,691,1,1,0,0,c,a,8422
4,2022-04-24,0,0,0,0,0,0,c,a,8422
4,2022-04-25,6655,562,1,0,0,0,c,a,8422
4,2022-04-26,7992,852,1,1,0,0,c,a,8422
4,2022-04-27,8124,681,1,1,0,0,c,a,8422
4,2022-04-28,6505,600,1,0,0,0,c,a,8422
4,2022-04-29,7129,590,1,1,0,0,c,a,8422
4,2022-04-30,5989,662,1,1,0,0,c,a,8422
4,2022-05-01,0,0,0,0,0,0,c,a,8422
4,2022-05-02,6815,602,1,1,0,0,c,a,8422
4,2022-05-03,7575,727,1,0,0,0,c,a,8422
4,2022-05-04,7195,619,1,0,0,0,c,a,8422
4,2022-05-05,6903,756,1,0,0,0,c,a,8422
4,2022-05-06,5758,545,1,0,0,0,c,a,8422
4,2022-05-07,6086,483,1,0,0,0,c,a,8422
4,2022-05-08,0,0,0,0,0,0,c,a,8422
4,2022-05-09,7135,673,1,1,0,0,c,a,8422
4,2022-05-10,7441,825,1,0,0,0,c,a,8422
4,2022-05-11,7091,769,1,0,0,0,c,a,8422
4,2022-05-12,6736,568,1,0,0,0,c,a,8422
4,2022-05-13,7608,863,1,1,0,0,c,a,8422
4,2022-05-14,6824,590,1,1,0,0,c,a,8422
4,2022-05-15,0,0,0,0,0,0,c,a,8422
4,2022-05-16,7701,644,1,1,0,0,c,a,8422
4,2022-05-17,7373,847,1,0,0,0,c,a,8422
4,2022-05-18,7515,927,1,0,0,0,c,a,8422
4,2022-05-19,6768,641,1,0,0,0,c,a,8422
4,2022-05-20,6587,817,1,0,0,0,c,a,8422
4,2022-05-21,6860,526,1,0,0,0,c,a,8422
4,2022-05-22,0,0,0,0,0,0,c,a,8422
4,2022-05-23,6571,570,1,0,0,0,c,a,8422
4,2022-05-24,8419,951,1,1,0,0,c,a,8422
4,2022-05-25,7210,554,1,0,0,0,c,a,8422
4,2022-05-26,6943,582,1,0,0,0,c,a,8422
4,2022-05-27,6620,578,1,0,0,0,c,a,8422
4,2022-05-28,5732,517,1,0,0,0,c,a,8422
4,2022-05-29,0,0,0,0,0,0,c,a,8422
4,2022-05-30,6616,698,1,0,0,0,c,a,8422
4,2022-05-31,8548,1054,1,1,0,0,c,a,8422
4,2022-06-01,7717,563,1,0,0,0,c,a,8422
4,2022-06-02,7973,727,1,1,0,0,c,a,8422
4,2022-06-03,6945,506,1,1,0,0,c,a,8422
4,2022-06-04,5914,586,1,0,0,0,c,a,8422
4,2022-06-05,0,0,0,0,0,0,c,a,8422
4,2022-06-06,7822,717,1,1,0,0,c,a,8422
4,2022-06-07,7203,733,1,0,0,0,c,a,8422
4,2022-06-08,8456,810,1,1,0,0,c,a,8422
4,2022-06-09,6542,709,1,0,0,0,c,a,8422
4,2022-06-10,7449,562,1,1,0,0,c,a,8422
4,2022-06-11,6339,539,1,0,0,0,c,a,8422
4,2022-06-12,0,0,0,0,0,0,c,a,8422
4,2022-06-13,7359,845,1,0,0,0,c,a,8422
4,2022-06-14,7492,907,1,0,0,0,c,a,8422
4,2022-06-15,8716,641,1,1,0,0,c,a,8422
4,2022-06-16,6569,792,1,0,0,0,c,a,8422
4,2022-06-17,7487,573,1,1,0,0,c,a,8422
4,2022-06-18,6881,585,1,1,0,0,c,a,8422
4,2022-06-19,0,0,0,0,0,0,c,a,8422
4,2022-06-20,6688,494,1,0,0,0,c,a,8422
4,2022-06-21,7305,638,1,0,0,0,c,a,8422
4,2022-06-22,8079,672,1,1,0,0,c,a,8422
4,2022-06-23,6780,711,1,0,0,0,c,a,8422
4,2022-06-24,7041,628,1,0,0,0,c,a,8422
4,2022-06-25,7469,536,1,1,0,0,c,a,8422
4,2022-06-26,0,0,0,0,0,0,c,a,8422
4,2022-06-27,6775,487,1,0,0,0,c,a,8422
4,2022-06-28,7883,770,1,0,0,0,c,a,8422
4,2022-06-29,8891,997,1,1,0,0,c,a,8422
4,2022-06-30,6862,612,1,0,0,0,c,a,8422
4,2022-07-01,7705,780,1,1,0,1,c,a,8422
4,2022-07-02,7804,700,1,1,0,1,c,a,8422
4,2022-07-03,0,0,0,0,0,1,c,a,8422
4,2022-07-04,7321,730,1,0,0,1,c,a,8422
4,2022-07-05,8589,633,1,1,0,1,c,a,8422
4,2022-07-06,8125,776,1,0,0,1,c,a,8422
4,2022-07-07,8037,607,1,0,0,1,c,a,8422
4,2022-07-08,7033,542,1,0,0,1,c,a,8422
4,2022-07-09,7672,698,1,1,0,1,c,a,8422
4,2022-07-10,0,0,0,0,0,1,c,a,8422
4,2022-07-11,7298,639,1,0,0,1,c,a,8422
4,2022-07-12,7905,570,1,0,0,1,c,a,8422
4,2022-07-13,8593,787,1,0,0,1,c,a,8422
4,2022-07-14,7786,693,1,0,0,1,c,a,8422
4,2022-07-15,8627,622,1,1,0,1,c,a,8422
4,2022-07-16,7409,619,1,1,0,1,c,a,8422
4,2022-07-17,0,0,0,0,0,1,c,a,8422
4,2022-07-18,8363,811,1,1,0,1,c,a,8422
4,2022-07-19,7961,771,1,0,0,1,c,a,8422
4,2022-07-20,8992,801,1,1,0,1,c,a,8422
4,2022-07-21,7938,739,1,0,0,1,c,a,8422
4,2022-07-22,7608,676,1,1,0,1,c,a,8422
4,2022-07-23,6527,471,1,0,0,1,c,a,8422
4,2022-07-24,0,0,0,0,0,1,c,a,8422
4,2022-07-25,7248,793,1,0,0,1,c,a,8422
4,2022-07-26,8869,699,1,1,0,1,c,a,8422
4,2022-07-27,8605,855,1,1,0,1,c,a,8422
4,2022-07-28,8659,1008,1,1,0,1,c,a,8422
4,2022-07-29,7238,741,1,0,0,1,c,a,8422
4,2022-07-30,7528,808,1,1,0,1,c,a,8422
4,2022-07-31,0,0,0,0,0,1,c,a,8422
4,2022-08-01,7380,578,1,0,0,1,c,a,8422
4,2022-08-02,8893,959,1,1,0,1,c,a,8422
4,2022-08-03,8195,837,1,0,0,1,c,a,8422
4,2022-08-04,8480,792,1,1,0,1,c,a,8422
4,2022-08-05,7703,628,1,1,0,1,c,a,8422
4,2022-08-06,6016,442,1,0,0,1,c,a,8422
4,2022-08-07,0,0,0,0,0,1,c,a,8422
4,2022-08-08,8485,707,1,1,0,1,c,a,8422
4,2022-08-09,8724,920,1,1,0,1,c,a,8422
4,2022-08-10,8018,810,1,0,0,1,c,a,8422
4,2022-08-11,7524,650,1,0,0,1,c,a,8422
4,2022-08-12,7159,706,1,0,0,1,c,a,8422
4,2022-08-13,7804,708,1,1,0,1,c,a,8422
4,2022-08-14,0,0,0,0,0,1,c,a,8422
4,2022-08-15,7947,603,1,1,0,1,c,a,8422
4,2022-08-16,7131,689,1,0,0,1,c,a,8422
4,2022-08-17,7545,802,1,0,0,1,c,a,8422
4,2022-08-18,8068,648,1,1,0,1,c,a,8422
4,2022-08-19,6186,712,1,0,0,1,c,a,8422
4,2022-08-20,7418,806,1,1,0,1,c,a,8422
4,2022-08-21,0,0,0,0,0,1,c,a,8422
4,2022-08-22,7905,637,1,1,0,1,c,a,8422
4,2022-08-23,8473,841,1,1,0,1,c,a,8422
4,2022-08-24,7313,553,1,0,0,1,c,a,8422
4,2022-08-25,7222,783,1,0,0,1,c,a,8422
4,2022-08-26,6379,585,1,0,0,1,c,a,8422
4,2022-08-27,7295,799,1,1,0,1,c,a,8422
4,2022-08-28,0,0,0,0,0,1,c,a,8422
4,2022-08-29,7362,544,1,0,0,1,c,a,8422
4,2022-08-30,6794,807,1,0,0,1,c,a,8422
4,2022-08-31,7671,938,1,0,0,1,c,a,8422
4,2022-09-01,6308,559,1,0,0,0,c,a,8422
4,2022-09-02,5747,420,1,0,0,0,c,a,8422
4,2022-09-03,5745,424,1,0,0,0,c,a,8422
4,2022-09-04,0,0,0,0,0,0,c,a,8422
4,2022-09-05,6083,506,1,0,0,0,c,a,8422
4,2022-09-06,7080,640,1,0,0,0,c,a,8422
4,2022-09-07,8453,1007,1,1,0,0,c,a,8422
4,2022-09-08,7163,626,1,0,0,0,c,a,8422
4,2022-09-09,5688,598,1,0,0,0,c,a,8422
4,2022-09-10,5332,463,1,0,0,0,c,a,8422
4,2022-09-11,0,0,0,0,0,0,c,a,8422
4,2022-09-12,7420,622,1,1,0,0,c,a,8422
4,2022-09-13,7636,587,1,1,0,0,c,a,8422
4,2022-09-14,7386,791,1,1,0,0,c,a,8422
4,2022-09-15,7195,523,1,1,0,0,c,a,8422
4,2022-09-16,7603,723,1,1,0,0,c,a,8422
4,2022-09-17,5525,671,1,0,0,0,c,a,8422
4,2022-09-18,0,0,0,0,0,0,c,a,8422
4,2022-09-19,5800,438,1,0,0,0,c,a,8422
4,2022-09-20,7167,814,1,0,0,0,c,a,8422
4,2022-09-21,7299,650,1,1,0,0,c,a,8422
4,2022-09-22,6557,480,1,0,0,0,c,a,8422
4,2022-09-23,6706,508,1,1,0,0,c,a,8422
4,2022-09-24,5914,453,1,1,0,0,c,a,8422
4,2022-09-25,0,0,0,0,0,0,c,a,8422
4,2022-09-26,6037,487,1,0,0,0,c,a,8422
4,2022-09-27,6590,494,1,0,0,0,c,a,8422
4,2022-09-28,7419,836,1,1,0,0,c,a,8422
4,2022-09-29,6497,605,1,0,0,0,c,a,8422
4,2022-09-30,6569,503,1,0,0,0,c,a,8422
4,2022-10-01,5428,548,1,0,0,0,c,a,8422
4,2022-10-02,0,0,0,0,0,0,c,a,8422
4,2022-10-03,7482,688,1,1,0,0,c,a,8422
4,2022-10-04,6799,739,1,0,0,0,c,a,8422
4,2022-10-05,6055,459,1,0,0,0,c,a,8422
4,2022-10-06,5930,438,1,0,0,0,c,a,8422
4,2022-10-07,5549,581,1,0,0,0,c,a,8422
4,2022-10-08,6611,480,1,1,0,0,c,a,8422
4,2022-10-09,0,0,0,0,0,0,c,a,8422
4,2022-10-10,6626,808,1,1,0,0,c,a,8422
4,2022-10-11,7150,550,1,1,0,0,c,a,8422
4,2022-10-12,7380,721,1,1,0,0,c,a,8422
4,2022-10-13,6101,450,1,0,0,0,c,a,8422
4,2022-10-14,4676,485,1,0,0,0,c,a,8422
4,2022-10-15,6080,647,1,1,0,0,c,a,8422
4,2022-10-16,0,0,0,0,0,0,c,a,8422
4,2022-10-17,7108,574,1,1,0,0,c,a,8422
4,2022-10-18,6751,503,1,1,0,0,c,a,8422
4,2022-10-19,6519,809,1,0,0,0,c,a,8422
4,2022-10-20,5416,446,1,0,0,0,c,a,8422
4,2022-10-21,5874,466,1,0,0,0,c,a,8422
4,2022-10-22,4676,396,1,0,0,0,c,a,8422
4,2022-10-23,0,0,0,0,0,0,c,a,8422
4,2022-10-24,5787,649,1,0,0,0,c,a,8422
4,2022-10-25,5878,678,1,0,0,0,c,a,8422
4,2022-10-26,5604,437,1,0,0,0,c,a,8422
4,2022-10-27,6773,556,1,1,0,0,c,a,8422
4,2022-10-28,4614,418,1,0,0,0,c,a,8422
4,2022-10-29,4200,347,1,0,0,0,c,a,8422
4,2022-10-30,0,0,0,0,0,0,c,a,8422
4,2022-10-31,5060,557,1,0,0,0,c,a,8422
4,2022-11-01,6503,721,1,1,0,0,c,a,8422
4,2022-11-02,7272,670,1,1,0,0,c,a,8422
4,2022-11-03,6614,713,1,1,0,0,c,a,8422
4,2022-11-04,5903,516,1,1,0,0,c,a,8422
4,2022-11-05,5227,512,1,1,0,0,c,a,8422
4,2022-11-06,0,0,0,0,0,0,c,a,8422
4,2022-11-07,5143,583,1,0,0,0,c,a,8422
4,2022-11-08,7417,540,1,1,0,0,c,a,8422
4,2022-11-09,6946,742,1,1,0,0,c,a,8422
4,2022-11-10,5298,604,1,0,0,0,c,a,8422
4,2022-11-11,4234,503,1,0,0,0,c,a,8422
4,2022-11-12,5136,474,1,0,0,0,c,a,8422
4,2022-11-13,0,0,0,0,0,0,c,a,8422
4,2022-11-14,5046,382,1,0,0,0,c,a,8422
4,2022-11-15,5858,590,1,0,0,0,c,a,8422
4,2022-11-16,5411,508,1,0,0,0,c,a,8422
4,2022-11-17,5273,564,1,0,0,0,c,a,8422
4,2022-11-18,6086,553,1,1,0,0,c,a,8422
4,2022-11-19,5672,411,1,1,0,0,c,a,8422
4,2022-11-20,0,0,0,0,0,0,c,a,8422
4,2022-11-21,5447,522,1,0,0,0,c,a,8422
4,2022-11-22,5925,435,1,0,0,0,c,a,8422
4,2022-11-23,6281,764,1,1,0,0,c,a,8422
4,2022-11-24,5504,537,1,0,0,0,c,a,8422
4,2022-11-25,5242,511,1,0,0,0,c,a,8422
4,2022-11-26,5674,518,1,1,0,0,c,a,8422
4,2022-11-27,0,0,0,0,0,0,c,a,8422
4,2022-11-28,4451,322,1,0,0,0,c,a,8422
4,2022-11-29,5793,585,1,1,0,0,c,a,8422
4,2022-11-30,6291,579,1,1,0,0,c,a,8422
4,2022-12-01,6068,591,1,1,0,0,c,a,8422
4,2022-12-02,5077,362,1,1,0,0,c,a,8422
4,2022-12-03,3839,299,1,0,0,0,c,a,8422
4,2022-12-04,0,0,0,0,0,0,c,a,8422
4,2022-12-05,6166,542,1,1,0,0,c,a,8422
4,2022-12-06,6123,680,1,1,0,0,c,a,8422
4,2022-12-07,4907,529,1,0,0,0,c,a,8422
4,2022-12-08,5191,581,1,0,0,0,c,a,8422
4,2022-12-09,5642,567,1,1,0,0,c,a,8422
4,2022-12-10,4719,371,1,1,0,0,c,a,8422
4,2022-12-11,0,0,0,0,0,0,c,a,8422
4,2022-12-12,5166,443,1,1,0,0,c,a,8422
4,2022-12-13,5612,696,1,0,0,0,c,a,8422
4,2022-12-14,4988,557,1,0,0,0,c,a,8422
4,2022-12-15,5931,424,1,1,0,0,c,a,8422
4,2022-12-16,4169,306,1,0,0,0,c,a,8422
4,2022-12-17,4187,315,1,0,0,0,c,a,8422
4,2022-12-18,0,0,0,0,0,0,c,a,8422
4,2022-12-19,4598,471,1,0,0,0,c,a,8422
4,2022-12-20,5502,573,1,0,0,0,c,a,8422
4,2022-12-21,6038,436,1,1,0,0,c,a,8422
4,2022-12-22,5642,408,1,0,0,0,c,a,8422
4,2022-12-23,3733,334,1,0,0,0,c,a,8422
4,2022-12-24,5565,538,1,1,0,0,c,a,8422
4,2022-12-25,0,0,0,0,a,0,c,a,8422
4,2022-12-26,6229,462,1,1,0,0,c,a,8422
4,2022-12-27,6151,583,1,1,0,0,c,a,8422
4,2022-12-28,5083,510,1,0,0,0,c,a,8422
4,2022-12-29,5922,598,1,1,0,0,c,a,8422
4,2022-12-30,5494,539,1,1,0,0,c,a,8422
4,2022-12-31,5164,453,1,1,0,0,c,a,8422
4,2023-01-01,0,0,0,0,a,0,c,a,8422
4,2023-01-02,5491,421,1,0,0,0,c,a,8422
4,2023-01-03,6283,634,1,1,0,0,c,a,8422
4,2023-01-04,5469,428,1,0,0,0,c,a,8422
4,2023-01-05,4971,479,1,0,0,0,c,a,8422
4,2023-01-06,5447,429,1,1,0,0,c,a,8422
4,2023-01-07,5184,580,1,1,0,0,c,a,8422
4,2023-01-08,0,0,0,0,0,0,c,a,8422
4,2023-01-09,4597,393,1,0,0,0,c,a,8422
4,2023-01-10,5015,483,1,0,0,0,c,a,8422
4,2023-01-11,5511,529,1,0,0,0,c,a,8422
4,2023-01-12,4957,358,1,0,0,0,c,a,8422
4,2023-01-13,4117,308,1,0,0,0,c,a,8422
4,2023-01-14,5692,602,1,1,0,0,c,a,8422
4,2023-01-15,0,0,0,0,0,0,c,a,8422
4,2023-01-16,6152,620,1,1,0,0,c,a,8422
4,2023-01-17,6183,444,1,1,0,0,c,a,8422
4,2023-01-18,6529,646,1,1,0,0,c,a,8422
4,2023-01-19,4715,470,1,0,0,0,c,a,8422
4,2023-01-20,4094,364,1,0,0,0,c,a,8422
4,2023-01-21,4258,437,1,0,0,0,c,a,8422
4,2023-01-22,0,0,0,0,0,0,c,a,8422
4,2023-01-23,5830,558,1,1,0,0,c,a,8422
4,2023-01-24,5276,439,1,0,0,0,c,a,8422
4,2023-01-25,5632,405,1,0,0,0,c,a,8422
4,2023-01-26,5092,451,1,0,0,0,c,a,8422
4,2023-01-27,4300,363,1,0,0,0,c,a,8422
4,2023-01-28,3840,284,1,0,0,0,c,a,8422
4,2023-01-29,0,0,0,0,0,0,c,a,8422
4,2023-01-30,5295,653,1,0,0,0,c,a,8422
4,2023-01-31,5204,513,1,0,0,0,c,a,8422
4,2023-02-01,5535,621,1,0,0,0,c,a,8422
4,2023-02-02,5220,374,1,0,0,0,c,a,8422
4,2023-02-03,4401,519,1,0,0,0,c,a,8422
4,2023-02-04,6028,682,1,1,0,0,c,a,8422
4,2023-02-05,0,0,0,0,0,0,c,a,8422
4,2023-02-06,6003,646,1,1,0,0,c,a,8422
4,2023-02-07,6659,601,1,1,0,0,c,a,8422
4,2023-02-08,6345,555,1,0,0,0,c,a,8422
4,2023-02-09,6233,481,1,1,0,0,c,a,8422
4,2023-02-10,4461,351,1,0,0,0,c,a,8422
4,2023-02-11,4640,427,1,0,0,0,c,a,8422
4,2023-02-12,0,0,0,0,0,0,c,a,8422
4,2023-02-13,6341,534,1,1,0,0,c,a,8422
4,2023-02-14,5448,516,1,0,0,0,c,a,8422
4,2023-02-15,6990,570,1,1,0,0,c,a,8422
4,2023-02-16,6073,494,1,1,0,0,c,a,8422
4,2023-02-17,6330,568,1,1,0,0,c,a,8422
4,2023-02-18,4042,455,1,0,0,0,c,a,8422
4,2023-02-19,0,0,0,0,0,0,c,a,8422
4,2023-02-20,5861,563,1,1,0,0,c,a,8422
4,2023-02-21,6460,591,1,1,0,0,c,a,8422
4,2023-02-22,5861,459,1,0,0,0,c,a,8422
4,2023-02-23,6172,657,1,1,0,0,c,a,8422
4,2023-02-24,4864,434,1,0,0,0,c,a,8422
4,2023-02-25,4711,538,1,0,0,0,c,a,8422
4,2023-02-26,0,0,0,0,0,0,c,a,8422
4,2023-02-27,5168,599,1,0,0,0,c,a,8422
4,2023-02-28,5844,707,1,0,0,0,c,a,8422
4,2023-03-01,5856,459,1,0,0,0,c,a,8422
4,2023-03-02,6337,593,1,1,0,0,c,a,8422
4,2023-03-03,4706,556,1,0,0,0,c,a,8422
4,2023-03-04,5855,434,1,1,0,0,c,a,8422
4,2023-03-05,0,0,0,0,0,0,c,a,8422
4,2023-03-06,4876,433,1,0,0,0,c,a,8422
4,2023-03-07,6518,486,1,1,0,0,c,a,8422
4,2023-03-08,6330,520,1,0,0,0,c,a,8422
4,2023-03-09,7322,892,1,1,0,0,c,a,8422
4,2023-03-10,5192,453,1,0,0,0,c,a,8422
4,2023-03-11,4925,368,1,0,0,0,c,a,8422
4,2023-03-12,0,0,0,0,0,0,c,a,8422
4,2023-03-13,5344,395,1,0,0,0,c,a,8422
4,2023-03-14,6855,543,1,1,0,0,c,a,8422
4,2023-03-15,6659,494,1,0,0,0,c,a,8422
4,2023-03-16,6353,558,1,1,0,0,c,a,8422
4,2023-03-17,5445,598,1,0,0,0,c,a,8422
4,2023-03-18,6689,664,1,1,0,0,c,a,8422
4,2023-03-19,0,0,0,0,0,0,c,a,8422
4,2023-03-20,5623,658,1,0,0,0,c,a,8422
4,2023-03-21,6892,804,1,0,0,0,c,a,8422
4,2023-03-22,6505,481,1,0,0,0,c,a,8422
4,2023-03-23,5346,436,1,0,0,0,c,a,8422
4,2023-03-24,5675,527,1,0,0,0,c,a,8422
4,2023-03-25,5573,567,1,0,0,0,c,a,8422
4,2023-03-26,0,0,0,0,0,0,c,a,8422
4,2023-03-27,7116,756,1,1,0,0,c,a,8422
4,2023-03-28,6282,544,1,0,0,0,c,a,8422
4,2023-03-29,7958,847,1,1,0,0,c,a,8422
4,2023-03-30,6717,528,1,1,0,0,c,a,8422
4,2023-03-31,6494,548,1,1,0,0,c,a,8422
4,2023-04-01,4989,410,1,0,0,0,c,a,8422
4,2023-04-02,0,0,0,0,0,0,c,a,8422
4,2023-04-03,6228,639,1,0,0,0,c,a,8422
4,2023-04-04,7280,564,1,1,0,0,c,a,8422
4,2023-04-05,7405,715,1,1,0,0,c,a,8422
4,2023-04-06,6518,468,1,0,0,0,c,a,8422
4,2023-04-07,0,0,0,0,a,0,c,a,8422
4,2023-04-08,5910,639,1,1,0,0,c,a,8422
4,2023-04-09,0,0,0,0,0,0,c,a,8422
4,2023-04-10,6002,532,1,0,0,0,c,a,8422
4,2023-04-11,7877,720,1,1,0,0,c,a,8422
4,2023-04-12,8300,811,1,1,0,0,c,a,8422
4,2023-04-13,7755,820,1,1,0,0,c,a,8422
4,2023-04-14,6133,591,1,0,0,0,c,a,8422
4,2023-04-15,6480,512,1,1,0,0,c,a,8422
4,2023-04-16,0,0,0,0,0,0,c,a,8422
4,2023-04-17,6430,658,1,0,0,0,c,a,8422
4,2023-04-18,7548,767,1,1,0,0,c,a,8422
4,2023-04-19,7087,777,1,0,0,0,c,a,8422
4,2023-04-20,7225,793,1,1,0,0,c,a,8422
4,2023-04-21,7067,568,1,1,0,0,c,a,8422
4,2023-04-22,7301,530,1,1,0,0,c,a,8422
4,2023-04-23,0,0,0,0,0,0,c,a,8422
4,2023-04-24,6104,560,1,0,0,0,c,a,8422
4,2023-04-25,6314,468,1,0,0,0,c,a,8422
4,2023-04-26,7017,594,1,0,0,0,c,a,8422
4,2023-04-27,7675,714,1,1,0,0,c,a,8422
4,2023-04-28,6237,772,1,0,0,0,c,a,8422
4,2023-04-29,6714,836,1,1,0,0,c,a,8422
4,2023-04-30,0,0,0,0,0,0,c,a,8422
4,2023-05-01,7248,686,1,1,0,0,c,a,8422
4,2023-05-02,7191,602,1,0,0,0,c,a,8422
4,2023-05-03,6560,511,1,0,0,0,c,a,8422
4,2023-05-04,7407,843,1,0,0,0,c,a,8422
4,2023-05-05,7339,675,1,1,0,0,c,a,8422
4,2023-05-06,7196,629,1,1,0,0,c,a,8422
4,2023-05-07,0,0,0,0,0,0,c,a,8422
4,2023-05-08,7994,575,1,1,0,0,c,a,8422
4,2023-05-09,6477,612,1,0,0,0,c,a,8422
4,2023-05-10,6506,674,1,0,0,0,c,a,8422
4,2023-05-11,8314,766,1,1,0,0,c,a,8422
4,2023-05-12,7330,731,1,1,0,0,c,a,8422
4,2023-05-13,6230,468,1,1,0,0,c,a,8422
4,2023-05-14,0,0,0,0,0,0,c,a,8422
4,2023-05-15,6666,610,1,0,0,0,c,a,8422
4,2023-05-16,7072,599,1,0,0,0,c,a,8422
4,2023-05-17,7554,724,1,0,0,0,c,a,8422
4,2023-05-18,8164,884,1,1,0,0,c,a,8422
4,2023-05-19,6116,543,1,0,0,0,c,a,8422
4,2023-05-20,7646,793,1,1,0,0,c,a,8422
4,2023-05-21,0,0,0,0,0,0,c,a,8422
4,2023-05-22,7174,872,1,0,0,0,c,a,8422
4,2023-05-23,8160,886,1,1,0,0,c,a,8422
4,2023-05-24,7601,549,1,0,0,0,c,a,8422
4,2023-05-25,7997,820,1,1,0,0,c,a,8422
4,2023-05-26,6783,551,1,1,0,0,c,a,8422
4,2023-05-27,6196,698,1,0,0,0,c,a,8422
4,2023-05-28,0,0,0,0,0,0,c,a,8422
4,2023-05-29,8208,761,1,1,0,0,c,a,8422
4,2023-05-30,7886,662,1,1,0,0,c,a,8422
4,2023-05-31,6970,680,1,0,0,0,c,a,8422
4,2023-06-01,7811,592,1,1,0,0,c,a,8422
4,2023-06-02,6284,682,1,0,0,0,c,a,8422
4,2023-06-03,8034,896,1,1,0,0,c,a,8422
4,2023-06-04,0,0,0,0,0,0,c,a,8422
4,2023-06-05,6631,567,1,0,0,0,c,a,8422
4,2023-06-06,7214,605,1,0,0,0,c,a,8422
4,2023-06-07,7873,683,1,0,0,0,c,a,8422
4,2023-06-08,8275,1025,1,1,0,0,c,a,8422
4,2023-06-09,6319,518,1,0,0,0,c,a,8422
4,2023-06-10,6288,461,1,0,0,0,c,a,8422
4,2023-06-11,0,0,0,0,0,0,c,a,8422
4,2023-06-12,7208,526,1,0,0,0,c,a,8422
4,2023-06-13,7737,823,1,0,0,0,c,a,8422
4,2023-06-14,7613,596,1,0,0,0,c,a,8422
4,2023-06-15,8101,679,1,1,0,0,c,a,8422
4,2023-06-16,6713,494,1,0,0,0,c,a,8422
4,2023-06-17,7022,528,1,1,0,0,c,a,8422
4,2023-06-18,0,0,0,0,0,0,c,a,8422
4,2023-06-19,7266,552,1,0,0,0,c,a,8422
4,2023-06-20,7684,926,1,0,0,0,c,a,8422
4,2023-06-21,8176,898,1,0,0,0,c,a,8422
4,2023-06-22,7144,615,1,0,0,0,c,a,8422
4,2023-06-23,6957,844,1,1,0,0,c,a,8422
4,2023-06-24,7329,807,1,1,0,0,c,a,8422
4,2023-06-25,0,0,0,0,0,0,c,a,8422
4,2023-06-26,7180,587,1,0,0,0,c,a,8422
4,2023-06-27,8208,630,1,1,0,0,c,a,8422
4,2023-06-28,7796,835,1,0,0,0,c,a,8422
4,2023-06-29,7934,661,1,0,0,0,c,a,8422
4,2023-06-30,7321,820,1,1,0,0,c,a,8422
4,2023-07-01,7633,572,1,1,0,1,c,a,8422
4,2023-07-02,0,0,0,0,0,1,c,a,8422
4,2023-07-03,9162,907,1,1,0,1,c,a,8422
4,2023-07-04,9416,703,1,1,0,1,c,a,8422
4,2023-07-05,8479,710,1,0,0,1,c,a,8422
4,2023-07-06,8492,672,1,1,0,1,c,a,8422
4,2023-07-07,7161,581,1,0,0,1,c,a,8422
4,2023-07-08,7581,806,1,1,0,1,c,a,8422
4,2023-07-09,0,0,0,0,0,1,c,a,8422
4,2023-07-10,8378,613,1,1,0,1,c,a,8422
4,2023-07-11,8087,652,1,0,0,1,c,a,8422
4,2023-07-12,7833,635,1,0,0,1,c,a,8422
4,2023-07-13,7548,791,1,0,0,1,c,a,8422
4,2023-07-14,8548,757,1,1,0,1,c,a,8422
4,2023-07-15,6870,736,1,0,0,1,c,a,8422
4,2023-07-16,0,0,0,0,0,1,c,a,8422
4,2023-07-17,8586,649,1,1,0,1,c,a,8422
4,2023-07-18,9207,785,1,1,0,1,c,a,8422
4,2023-07-19,8670,956,1,1,0,1,c,a,8422
4,2023-07-20,8973,723,1,1,0,1,c,a,8422
4,2023-07-21,6565,547,1,0,0,1,c,a,8422
4,2023-07-22,8086,785,1,1,0,1,c,a,8422
4,2023-07-23,0,0,0,0,0,1,c,a,8422
4,2023-07-24,8745,904,1,1,0,1,c,a,8422
4,2023-07-25,8392,637,1,0,0,1,c,a,8422
4,2023-07-26,7619,591,1,0,0,1,c,a,8422
4,2023-07-27,9163,1007,1,1,0,1,c,a,8422
4,2023-07-28,7253,550,1,0,0,1,c,a,8422
4,2023-07-29,6990,523,1,0,0,1,c,a,8422
4,2023-07-30,0,0,0,0,0,1,c,a,8422
4,2023-07-31,7990,792,1,1,0,1,c,a,8422
4,2023-08-01,7799,670,1,0,0,1,c,a,8422
4,2023-08-02,7489,764,1,0,0,1,c,a,8422
4,2023-08-03,8453,770,1,0,0,1,c,a,8422
4,2023-08-04,7480,786,1,0,0,1,c,a,8422
4,2023-08-05,6810,657,1,0,0,1,c,a,8422
4,2023-08-06,0,0,0,0,0,1,c,a,8422
4,2023-08-07,7222,564,1,0,0,1,c,a,8422
4,2023-08-08,7590,916,1,0,0,1,c,a,8422
4,2023-08-09,8911,673,1,1,0,1,c,a,8422
4,2023-08-10,7651,769,1,0,0,1,c,a,8422
4,2023-08-11,6834,565,1,0,0,1,c,a,8422
4,2023-08-12,6864,536,1,0,0,1,c,a,8422
4,2023-08-13,0,0,0,0,0,1,c,a,8422
4,2023-08-14,7297,750,1,0,0,1,c,a,8422
4,2023-08-15,7677,731,1,0,0,1,c,a,8422
4,2023-08-16,7097,790,1,0,0,1,c,a,8422
4,2023-08-17,8128,744,1,0,0,1,c,a,8422
4,2023-08-18,8311,668,1,1,0,1,c,a,8422
4,2023-08-19,6513,633,1,0,0,1,c,a,8422
4,2023-08-20,0,0,0,0,0,1,c,a,8422
4,2023-08-21,6753,486,1,0,0,1,c,a,8422
4,2023-08-22,7551,852,1,0,0,1,c,a,8422
4,2023-08-23,8505,723,1,0,0,1,c,a,8422
4,2023-08-24,7192,716,1,0,0,1,c,a,8422
4,2023-08-25,7744,776,1,1,0,1,c,a,8422
4,2023-08-26,6068,517,1,0,0,1,c,a,8422
4,2023-08-27,0,0,0,0,0,1,c,a,8422
4,2023-08-28,7955,966,1,1,0,1,c,a,8422
4,2023-08-29,7931,811,1,0,0,1,c,a,8422
4,2023-08-30,6888,495,1,0,0,1,c,a,8422
4,2023-08-31,7224,815,1,0,0,1,c,a,8422
4,2023-09-01,5587,585,1,0,0,0,c,a,8422
4,2023-09-02,7192,588,1,1,0,0,c,a,8422
4,2023-09-03,0,0,0,0,0,0,c,a,8422
4,2023-09-04,6778,558,1,1,0,0,c,a,8422
4,2023-09-05,6836,738,1,0,0,0,c,a,8422
4,2023-09-06,6861,842,1,0,0,0,c,a,8422
4,2023-09-07,7599,784,1,1,0,0,c,a,8422
4,2023-09-08,6012,439,1,0,0,0,c,a,8422
4,2023-09-09,5518,603,1,0,0,0,c,a,8422
4,2023-09-10,0,0,0,0,0,0,c,a,8422
4,2023-09-11,6879,645,1,0,0,0,c,a,8422
4,2023-09-12,7527,648,1,1,0,0,c,a,8422
4,2023-09-13,6567,570,1,0,0,0,c,a,8422
4,2023-09-14,6527,482,1,0,0,0,c,a,8422
4,2023-09-15,5816,585,1,0,0,0,c,a,8422
4,2023-09-16,5934,586,1,0,0,0,c,a,8422
4,2023-09-17,0,0,0,0,0,0,c,a,8422
4,2023-09-18,6311,459,1,0,0,0,c,a,8422
4,2023-09-19,7104,761,1,1,0,0,c,a,8422
4,2023-09-20,8012,719,1,1,0,0,c,a,8422
4,2023-09-21,6437,497,1,0,0,0,c,a,8422
4,2023-09-22,6566,759,1,1,0,0,c,a,8422
4,2023-09-23,6769,541,1,1,0,0,c,a,8422
4,2023-09-24,0,0,0,0,0,0,c,a,8422
4,2023-09-25,7120,517,1,1,0,0,c,a,8422
4,2023-09-26,6647,715,1,0,0,0,c,a,8422
4,2023-09-27,7263,855,1,0,0,0,c,a,8422
4,2023-09-28,7583,650,1,1,0,0,c,a,8422
4,2023-09-29,6560,672,1,1,0,0,c,a,8422
4,2023-09-30,4840,372,1,0,0,0,c,a,8422
4,2023-10-01,0,0,0,0,0,0,c,a,8422
4,2023-10-02,6773,823,1,1,0,0,c,a,8422
4,2023-10-03,7363,644,1,1,0,0,c,a,8422
4,2023-10-04,6250,524,1,0,0,0,c,a,8422
4,2023-10-05,6832,716,1,1,0,0,c,a,8422
4,2023-10-06,5722,415,1,0,0,0,c,a,8422
4,2023-10-07,5538,438,1,0,0,0,c,a,8422
4,2023-10-08,0,0,0,0,0,0,c,a,8422
4,2023-10-09,6736,486,1,1,0,0,c,a,8422
4,2023-10-10,6373,712,1,0,0,0,c,a,8422
4,2023-10-11,7031,854,1,1,0,0,c,a,8422
4,2023-10-12,5681,459,1,0,0,0,c,a,8422
4,2023-10-13,6724,526,1,1,0,0,c,a,8422
4,2023-10-14,5428,529,1,0,0,0,c,a,8422
4,2023-10-15,0,0,0,0,0,0,c,a,8422
4,2023-10-16,6515,472,1,1,0,0,c,a,8422
4,2023-10-17,6856,503,1,0,0,0,c,a,8422
4,2023-10-18,6601,565,1,0,0,0,c,a,8422
4,2023-10-19,6208,614,1,0,0,0,c,a,8422
4,2023-10-20,6407,540,1,1,0,0,c,a,8422
4,2023-10-21,4850,554,1,0,0,0,c,a,8422
4,2023-10-22,0,0,0,0,0,0,c,a,8422
4,2023-10-23,5802,434,1,0,0,0,c,a,8422
4,2023-10-24,6803,624,1,1,0,0,c,a,8422
4,2023-10-25,7016,600,1,1,0,0,c,a,8422
4,2023-10-26,6868,610,1,1,0,0,c,a,8422
4,2023-10-27,5263,431,1,0,0,0,c,a,8422
4,2023-10-28,4558,408,1,0,0,0,c,a,8422
4,2023-10-29,0,0,0,0,0,0,c,a,8422
4,2023-10-30,6273,549,1,1,0,0,c,a,8422
4,2023-10-31,5529,461,1,0,0,0,c,a,8422
4,2023-11-01,6134,468,1,0,0,0,c,a,8422
4,2023-11-02,6987,614,1,1,0,0,c,a,8422
4,2023-11-03,5432,455,1,0,0,0,c,a,8422
4,2023-11-04,3942,290,1,0,0,0,c,a,8422
4,2023-11-05,0,0,0,0,0,0,c,a,8422
4,2023-11-06,5129,518,1,0,0,0,c,a,8422
4,2023-11-07,6771,553,1,1,0,0,c,a,8422
4,2023-11-08,7019,625,1,1,0,0,c,a,8422
4,2023-11-09,6399,537,1,1,0,0,c,a,8422
4,2023-11-10,4831,348,1,0,0,0,c,a,8422
4,2023-11-11,4709,478,1,0,0,0,c,a,8422
4,2023-11-12,0,0,0,0,0,0,c,a,8422
4,2023-11-13,4987,473,1,0,0,0,c,a,8422
4,2023-11-14,6137,575,1,1,0,0,c,a,8422
4,2023-11-15,5500,625,1,0,0,0,c,a,8422
4,2023-11-16,6638,742,1,1,0,0,c,a,8422
4,2023-11-17,4890,360,1,0,0,0,c,a,8422
4,2023-11-18,5393,646,1,1,0,0,c,a,8422
4,2023-11-19,0,0,0,0,0,0,c,a,8422
4,2023-11-20,4770,376,1,0,0,0,c,a,8422
4,2023-11-21,6186,689,1,1,0,0,c,a,8422
4,2023-11-22,6137,474,1,0,0,0,c,a,8422
4,2023-11-23,6236,486,1,1,0,0,c,a,8422
4,2023-11-24,4312,439,1,0,0,0,c,a,8422
4,2023-11-25,4618,401,1,0,0,0,c,a,8422
4,2023-11-26,0,0,0,0,0,0,c,a,8422
4,2023-11-27,5879,446,1,1,0,0,c,a,8422
4,2023-11-28,6320,586,1,1,0,0,c,a,8422
4,2023-11-29,5492,430,1,0,0,0,c,a,8422
4,2023-11-30,5934,679,1,1,0,0,c,a,8422
4,2023-12-01,5023,386,1,0,0,0,c,a,8422
4,2023-12-02,4417,393,1,0,0,0,c,a,8422
4,2023-12-03,0,0,0,0,0,0,c,a,8422
4,2023-12-04,5078,503,1,0,0,0,c,a,8422
4,2023-12-05,6367,729,1,1,0,0,c,a,8422
4,2023-12-06,6825,753,1,1,0,0,c,a,8422
4,2023-12-07,5961,573,1,1,0,0,c,a,8422
4,2023-12-08,5411,480,1,1,0,0,c,a,8422
4,2023-12-09,4334,495,1,0,0,0,c,a,8422
4,2023-12-10,0,0,0,0,0,0,c,a,8422
4,2023-12-11,4779,348,1,0,0,0,c,a,8422
4,2023-12-12,6853,754,1,1,0,0,c,a,8422
4,2023-12-13,6207,617,1,0,0,0,c,a,8422
4,2023-12-14,6146,450,1,1,0,0,c,a,8422
4,2023-12-15,5086,368,1,1,0,0,c,a,8422
4,2023-12-16,5588,573,1,1,0,0,c,a,8422
4,2023-12-17,0,0,0,0,0,0,c,a,8422
4,2023-12-18,4731,386,1,0,0,0,c,a,8422
4,2023-12-19,6788,488,1,1,0,0,c,a,8422
4,2023-12-20,5757,638,1,0,0,0,c,a,8422
4,2023-12-21,6473,626,1,1,0,0,c,a,8422
4,2023-12-22,4047,326,1,0,0,0,c,a,8422
4,2023-12-23,3839,307,1,0,0,0,c,a,8422
4,2023-12-24,0,0,0,0,0,0,c,a,8422
4,2023-12-25,0,0,0,0,a,0,c,a,8422
4,2023-12-26,5015,425,1,0,0,0,c,a,8422
4,2023-12-27,6884,656,1,1,0,0,c,a,8422
4,2023-12-28,5715,501,1,0,0,0,c,a,8422
4,2023-12-29,4621,458,1,0,0,0,c,a,8422
4,2023-12-30,5264,387,1,1,0,0,c,a,8422
4,2023-12-31,0,0,0,0,0,0,c,a,8422
5,2020-01-01,0,0,0,0,a,0,b,a,869
5,2020-01-02,11521,1029,1,1,0,0,b,a,869
5,2020-01-03,8213,695,1,0,0,0,b,a,869
5,2020-01-04,8257,765,1,0,0,0,b,a,869
5,2020-01-05,0,0,0,0,0,0,b,a,869
5,2020-01-06,9586,806,1,0,0,0,b,a,869
5,2020-01-07,12084,1491,1,1,0,0,b,a,869
5,2020-01-08,10627,1158,1,0,0,0,b,a,869
5,2020-01-09,11556,1160,1,1,0,0,b,a,869
5,2020-01-10,9096,676,1,0,0,0,b,a,869
5,2020-01-11,7221,612,1,0,0,0,b,a,869
5,2020-01-12,0,0,0,0,0,0,b,a,869
5,2020-01-13,10483,1044,1,0,0,0,b,a,869
5,2020-01-14,11279,1267,1,1,0,0,b,a,869
5,2020-01-15,11109,1058,1,0,0,0,b,a,869
5,2020-01-16,11444,1039,1,1,0,0,b,a,869
5,2020-01-17,8273,668,1,0,0,0,b,a,869
5,2020-01-18,8608,639,1,0,0,0,b,a,869
5,2020-01-19,0,0,0,0,0,0,b,a,869
5,2020-01-20,11556,914,1,1,0,0,b,a,869
5,2020-01-21,12005,1493,1,1,0,0,b,a,869
5,2020-01-22,12345,906,1,1,0,0,b,a,869
5,2020-01-23,10883,802,1,0,0,0,b,a,869
5,2020-01-24,11365,822,1,1,0,0,b,a,869
5,2020-01-25,8471,822,1,0,0,0,b,a,869
5,2020-01-26,0,0,0,0,0,0,b,a,869
5,2020-01-27,8010,646,1,0,0,0,b,a,869
5,2020-01-28,12065,1083,1,1,0,0,b,a,869
5,2020-01-29,11678,1442,1,0,0,0,b,a,869
5,2020-01-30,12175,876,1,1,0,0,b,a,869
5,2020-01-31,9320,810,1,0,0,0,b,a,869
5,2020-02-01,7911,827,1,0,0,0,b,a,869
5,2020-02-02,0,0,0,0,0,0,b,a,869
5,2020-02-03,12348,1204,1,1,0,0,b,a,869
5,2020-02-04,11788,1237,1,0,0,0,b,a,869
5,2020-02-05,10184,1221,1,0,0,0,b,a,869
5,2020-02-06,11969,1137,1,1,0,0,b,a,869
5,2020-02-07,10099,1096,1,0,0,0,b,a,869
5,2020-02-08,10265,749,1,0,0,0,b,a,869
5,2020-02-09,0,0,0,0,0,0,b,a,869
5,2020-02-10,8553,737,1,0,0,0,b,a,869
5,2020-02-11,11597,1256,1,0,0,0,b,a,869
5,2020-02-12,11178,928,1,0,0,0,b,a,869
5,2020-02-13,11073,1225,1,0,0,0,b,a,869
5,2020-02-14,8205,753,1,0,0,0,b,a,869
5,2020-02-15,8614,674,1,0,0,0,b,a,869
5,2020-02-16,0,0,0,0,0,0,b,a,869
5,2020-02-17,10343,964,1,0,0,0,b,a,869
5,2020-02-18,12944,1407,1,1,0,0,b,a,869
5,2020-02-19,11610,866,1,0,0,0,b,a,869
5,2020-02-20,11537,910,1,0,0,0,b,a,869
5,2020-02-21,12195,1170,1,1,0,0,b,a,869
5,2020-02-22,11838,1175,1,1,0,0,b,a,869
5,2020-02-23,0,0,0,0,0,0,b,a,869
5,2020-02-24,12723,1332,1,1,0,0,b,a,869
5,2020-02-25,11395,941,1,0,0,0,b,a,869
5,2020-02-26,12826,1106,1,0,0,0,b,a,869
5,2020-02-27,9756,793,1,0,0,0,b,a,869
5,2020-02-28,12272,1283,1,1,0,0,b,a,869
5,2020-02-29,9859,806,1,0,0,0,b,a,869
5,2020-03-01,0,0,0,0,0,0,b,a,869
5,2020-03-02,13185,1273,1,1,0,0,b,a,869
5,2020-03-03,11045,908,1,0,0,0,b,a,869
5,2020-03-04,11479,842,1,0,0,0,b,a,869
5,2020-03-05,13936,1557,1,1,0,0,b,a,869
5,2020-03-06,9737,766,1,0,0,0,b,a,869
5,2020-03-07,8668,719,1,0,0,0,b,a,869
5,2020-03-08,0,0,0,0,0,0,b,a,869
5,2020-03-09,11208,860,1,0,0,0,b,a,869
5,2020-03-10,11063,1315,1,0,0,0,b,a,869
5,2020-03-11,12566,1393,1,0,0,0,b,a,869
5,2020-03-12,12928,1133,1,1,0,0,b,a,869
5,2020-03-13,9371,912,1,0,0,0,b,a,869
5,2020-03-14,11009,978,1,1,0,0,b,a,869
5,2020-03-15,0,0,0,0,0,0,b,a,869
5,2020-03-16,9663,758,1,0,0,0,b,a,869
5,2020-03-17,10668,897,1,0,0,0,b,a,869
5,2020-03-18,13612,1230,1,1,0,0,b,a,869
5,2020-03-19,13448,1358,1,1,0,0,b,a,869
5,2020-03-20,9685,914,1,0,0,0,b,a,869
5,2020-03-21,9506,713,1,0,0,0,b,a,869
5,2020-03-22,0,0,0,0,0,0,b,a,869
5,2020-03-23,10710,871,1,0,0,0,b,a,869
5,2020-03-24,13330,1305,1,1,0,0,b,a,869
5,2020-03-25,14385,1423,1,1,0,0,b,a,869
5,2020-03-26,13311,1216,1,0,0,0,b,a,869
5,2020-03-27,12141,1076,1,1,0,0,b,a,869
5,2020-03-28,10174,1173,1,0,0,0,b,a,869
5,2020-03-29,0,0,0,0,0,0,b,a,869
5,2020-03-30,11722,921,1,0,0,0,b,a,869
5,2020-03-31,16131,1368,1,1,0,0,b,a,869
5,2020-04-01,14117,1168,1,0,0,0,b,a,869
5,2020-04-02,11180,1246,1,0,0,0,b,a,869
5,2020-04-03,11738,980,1,0,0,0,b,a,869
5,2020-04-04,13399,1040,1,1,0,0,b,a,869
5,2020-04-05,0,0,0,0,0,0,b,a,869
5,2020-04-06,10692,998,1,0,0,0,b,a,869
5,2020-04-07,16340,1472,1,1,0,0,b,a,869
5,2020-04-08,15662,1880,1,1,0,0,b,a,869
5,2020-04-09,11722,850,1,0,0,0,b,a,869
5,2020-04-10,0,0,0,0,a,0,b,a,869
5,2020-04-11,12412,1239,1,1,0,0,b,a,869
5,2020-04-12,0,0,0,0,0,0,b,a,869
5,2020-04-13,15008,1275,1,1,0,0,b,a,869
5,2020-04-14,13232,1051,1,0,0,0,b,a,869
5,2020-04-15,16145,1200,1,1,0,0,b,a,869
5,2020-04-16,12746,1094,1,0,0,0,b,a,869
5,2020-04-17,12923,1420,1,1,0,0,b,a,869
5,2020-04-18,12109,971,1,1,0,0,b,a,869
5,2020-04-19,0,0,0,0,0,0,b,a,869
5,2020-04-20,13608,1208,1,0,0,0,b,a,869
5,2020-04-21,15500,1200,1,1,0,0,b,a,869
5,2020-04-22,13536,1406,1,0,0,0,b,a,869
5,2020-04-23,13167,1292,1,0,0,0,b,a,869
5,2020-04-24,12216,1150,1,0,0,0,b,a,869
5,2020-04-25,13954,1677,1,1,0,0,b,a,869
5,2020-04-26,0,0,0,0,0,0,b,a,869
5,2020-04-27,13550,1071,1,0,0,0,b,a,869
5,2020-04-28,14560,1180,1,0,0,0,b,a,869
5,2020-04-29,17517,1251,1,1,0,0,b,a,869
5,2020-04-30,14004,1257,1,0,0,0,b,a,869
5,2020-05-01,11004,1328,1,0,0,0,b,a,869
5,2020-05-02,13544,1352,1,1,0,0,b,a,869
5,2020-05-03,0,0,0,0,0,0,b,a,869
5,2020-05-04,12551,915,1,0,0,0,b,a,869
5,2020-05-05,15871,1231,1,1,0,0,b,a,869
5,2020-05-06,14167,1237,1,0,0,0,b,a,869
5,2020-05-07,14117,1138,1,0,0,0,b,a,869
5,2020-05-08,13905,1194,1,1,0,0,b,a,869
5,2020-05-09,11293,1316,1,0,0,0,b,a,869
5,2020-05-10,0,0,0,0,0,0,b,a,869
5,2020-05-11,13904,1644,1,0,0,0,b,a,869
5,2020-05-12,14156,1094,1,0,0,0,b,a,869
5,2020-05-13,17022,1553,1,1,0,0,b,a,869
5,2020-05-14,13364,964,1,0,0,0,b,a,869
5,2020-05-15,13944,1400,1,1,0,0,b,a,869
5,2020-05-16,11554,1422,1,0,0,0,b,a,869
5,2020-05-17,0,0,0,0,0,0,b,a,869
5,2020-05-18,15140,1884,1,0,0,0,b,a,869
5,2020-05-19,14653,1798,1,0,0,0,b,a,869
5,2020-05-20,15821,1768,1,1,0,0,b,a,869
5,2020-05-21,16406,1223,1,1,0,0,b,a,869
5,2020-05-22,15490,1570,1,1,0,0,b,a,869
5,2020-05-23,12839,1027,1,1,0,0,b,a,869
5,2020-05-24,0,0,0,0,0,0,b,a,869
5,2020-05-25,16756,1667,1,1,0,0,b,a,869
5,2020-05-26,13643,1315,1,0,0,0,b,a,869
5,2020-05-27,16352,1228,1,1,0,0,b,a,869
5,2020-05-28,14203,1500,1,0,0,0,b,a,869
5,2020-05-29,13786,1259,1,0,0,0,b,a,869
5,2020-05-30,15788,1594,1,1,0,0,b,a,869
5,2020-05-31,0,0,0,0,0,0,b,a,869
5,2020-06-01,15956,1331,1,1,0,0,b,a,869
5,2020-06-02,16300,1496,1,1,0,0,b,a,869
5,2020-06-03,18076,2137,1,1,0,0,b,a,869
5,2020-06-04,16609,1199,1,1,0,0,b,a,869
5,2020-06-05,16251,1629,1,1,0,0,b,a,869
5,2020-06-06,12194,903,1,0,0,0,b,a,869
5,2020-06-07,0,0,0,0,0,0,b,a,869
5,2020-06-08,15626,1663,1,1,0,0,b,a,869
5,2020-06-09,14935,1402,1,0,0,0,b,a,869
5,2020-06-10,16013,1273,1,0,0,0,b,a,869
5,2020-06-11,15347,1190,1,1,0,0,b,a,869
5,2020-06-12,14808,1780,1,0,0,0,b,a,869
5,2020-06-13,13100,1107,1,0,0,0,b,a,869
5,2020-06-14,0,0,0,0,0,0,b,a,869
5,2020-06-15,15819,1403,1,1,0,0,b,a,869
5,2020-06-16,17494,1558,1,1,0,0,b,a,869
5,2020-06-17,15164,1127,1,0,0,0,b,a,869
5,2020-06-18,14447,1296,1,0,0,0,b,a,869
5,2020-06-19,15389,1691,1,1,0,0,b,a,869
5,2020-06-20,14348,1229,1,1,0,0,b,a,869
5,2020-06-21,0,0,0,0,0,0,b,a,869
5,2020-06-22,15174,1285,1,0,0,0,b,a,869
5,2020-06-23,14694,1096,1,0,0,0,b,a,869
5,2020-06-24,14662,1083,1,0,0,0,b,a,869
5,2020-06-25,14430,1291,1,0,0,0,b,a,869
5,2020-06-26,15397,1630,1,1,0,0,b,a,869
5,2020-06-27,13530,1188,1,1,0,0,b,a,869
5,2020-06-28,0,0,0,0,0,0,b,a,869
5,2020-06-29,16104,1303,1,1,0,0,b,a,869
5,2020-06-30,15447,1498,1,0,0,0,b,a,869
5,2020-07-01,18050,1825,1,1,0,1,b,a,869
5,2020-07-02,15930,1501,1,0,0,1,b,a,869
5,2020-07-03,11355,984,1,0,0,1,b,a,869
5,2020-07-04,12642,1082,1,0,0,1,b,a,869
5,2020-07-05,0,0,0,0,0,1,b,a,869
5,2020-07-06,16884,2045,1,1,0,1,b,a,869
5,2020-07-07,18264,1492,1,1,0,1,b,a,869
5,2020-07-08,16147,1323,1,0,0,1,b,a,869
5,2020-07-09,18032,1414,1,1,0,1,b,a,869
5,2020-07-10,16154,1178,1,1,0,1,b,a,869
5,2020-07-11,15778,1872,1,1,0,1,b,a,869
5,2020-07-12,0,0,0,0,0,1,b,a,869
5,2020-07-13,17194,1679,1,1,0,1,b,a,869
5,2020-07-14,18037,2234,1,1,0,1,b,a,869
5,2020-07-15,16058,1244,1,0,0,1,b,a,869
5,2020-07-16,14778,1323,1,0,0,1,b,a,869
5,2020-07-17,14092,1662,1,0,0,1,b,a,869
5,2020-07-18,14658,1790,1,1,0,1,b,a,869
5,2020-07-19,0,0,0,0,0,1,b,a,869
5,2020-07-20,16148,1975,1,0,0,1,b,a,869
5,2020-07-21,18594,1426,1,1,0,1,b,a,869
5,2020-07-22,18194,1511,1,1,0,1,b,a,869
5,2020-07-23,14491,1103,1,0,0,1,b,a,869
5,2020-07-24,16247,1302,1,1,0,1,b,a,869
5,2020-07-25,15502,1284,1,1,0,1,b,a,869
5,2020-07-26,0,0,0,0,0,1,b,a,869
5,2020-07-27,15730,1533,1,1,0,1,b,a,869
5,2020-07-28,18474,2279,1,1,0,1,b,a,869
5,2020-07-29,17925,1283,1,1,0,1,b,a,869
5,2020-07-30,17186,2094,1,1,0,1,b,a,869
5,2020-07-31,15623,1582,1,1,0,1,b,a,869
5,2020-08-01,11888,1122,1,0,0,1,b,a,869
5,2020-08-02,0,0,0,0,0,1,b,a,869
5,2020-08-03,15181,1551,1,0,0,1,b,a,869
5,2020-08-04,15786,1315,1,0,0,1,b,a,869
5,2020-08-05,17810,1518,1,1,0,1,b,a,869
5,2020-08-06,15736,1485,1,0,0,1,b,a,869
5,2020-08-07,13726,1066,1,0,0,1,b,a,869
5,2020-08-08,13844,1199,1,1,0,1,b,a,869
5,2020-08-09,0,0,0,0,0,1,b,a,869
5,2020-08-10,14519,1277,1,0,0,1,b,a,869
5,2020-08-11,15240,1624,1,0,0,1,b,a,869
5,2020-08-12,17427,1342,1,1,0,1,b,a,869
5,2020-08-13,16828,1405,1,1,0,1,b,a,869
5,2020-08-14,13925,1056,1,0,0,1,b,a,869
5,2020-08-15,12631,1412,1,0,0,1,b,a,869
5,2020-08-16,0,0,0,0,0,1,b,a,869
5,2020-08-17,14990,1086,1,0,0,1,b,a,869
5,2020-08-18,14344,1713,1,0,0,1,b,a,869
5,2020-08-19,17711,1925,1,1,0,1,b,a,869
5,2020-08-20,14671,1342,1,0,0,1,b,a,869
5,2020-08-21,13533,1046,1,0,0,1,b,a,869
5,2020-08-22,14544,1620,1,1,0,1,b,a,869
5,2020-08-23,0,0,0,0,0,1,b,a,869
5,2020-08-24,15530,1146,1,1,0,1,b,a,869
5,2020-08-25,16004,1666,1,0,0,1,b,a,869
5,2020-08-26,15465,1563,1,0,0,1,b,a,869
5,2020-08-27,15188,1843,1,0,0,1,b,a,869
5,2020-08-28,12001,1256,1,0,0,1,b,a,869
5,2020-08-29,14190,1279,1,1,0,1,b,a,869
5,2020-08-30,0,0,0,0,0,1,b,a,869
5,2020-08-31,15600,1434,1,1,0,1,b,a,869
5,2020-09-01,13485,1546,1,0,0,0,b,a,869
5,2020-09-02,16273,1914,1,1,0,0,b,a,869
5,2020-09-03,15164,1096,1,1,0,0,b,a,869
5,2020-09-04,13156,1428,1,1,0,0,b,a,869
5,2020-09-05,13160,976,1,1,0,0,b,a,869
5,2020-09-06,0,0,0,0,0,0,b,a,869
5,2020-09-07,15037,1256,1,1,0,0,b,a,869
5,2020-09-08,16137,1332,1,1,0,0,b,a,869
5,2020-09-09,14248,1314,1,0,0,0,b,a,869
5,2020-09-10,12343,963,1,0,0,0,b,a,869
5,2020-09-11,12898,960,1,1,0,0,b,a,869
5,2020-09-12,11412,956,1,0,0,0,b,a,869
5,2020-09-13,0,0,0,0,0,0,b,a,869
5,2020-09-14,14532,1108,1,1,0,0,b,a,869
5,2020-09-15,13126,1631,1,0,0,0,b,a,869
5,2020-09-16,13848,1003,1,0,0,0,b,a,869
5,2020-09-17,12436,1148,1,0,0,0,b,a,869
5,2020-09-18,11267,1137,1,0,0,0,b,a,869
5,2020-09-19,10111,844,1,0,0,0,b,a,869
5,2020-09-20,0,0,0,0,0,0,b,a,869
5,2020-09-21,14161,1173,1,1,0,0,b,a,869
5,2020-09-22,14802,1383,1,1,0,0,b,a,869
5,2020-09-23,15118,1469,1,1,0,0,b,a,869
5,2020-09-24,15201,1236,1,1,0,0,b,a,869
5,2020-09-25,13545,1557,1,1,0,0,b,a,869
5,2020-09-26,11245,814,1,0,0,0,b,a,869
5,2020-09-27,0,0,0,0,0,0,b,a,869
5,2020-09-28,11825,953,1,0,0,0,b,a,869
5,2020-09-29,12305,1257,1,0,0,0,b,a,869
5,2020-09-30,13485,1052,1,0,0,0,b,a,869
5,2020-10-01,13882,1395,1,1,0,0,b,a,869
5,2020-10-02,9528,727,1,0,0,0,b,a,869
5,2020-10-03,9633,741,1,0,0,0,b,a,869
5,2020-10-04,0,0,0,0,0,0,b,a,869
5,2020-10-05,11562,1037,1,0,0,0,b,a,869
5,2020-10-06,14204,1153,1,0,0,0,b,a,869
5,2020-10-07,13834,1025,1,0,0,0,b,a,869
5,2020-10-08,13093,1484,1,0,0,0,b,a,869
5,2020-10-09,12685,1491,1,1,0,0,b,a,869
5,2020-10-10,9475,696,1,0,0,0,b,a,869
5,2020-10-11,0,0,0,0,0,0,b,a,869
5,2020-10-12,13643,1664,1,1,0,0,b,a,869
5,2020-10-13,14411,1267,1,1,0,0,b,a,869
5,2020-10-14,12079,1066,1,0,0,0,b,a,869
5,2020-10-15,14310,1441,1,1,0,0,b,a,869
5,2020-10-16,12023,1173,1,1,0,0,b,a,869
5,2020-10-17,11340,840,1,1,0,0,b,a,869
5,2020-10-18,0,0,0,0,0,0,b,a,869
5,2020-10-19,10291,766,1,0,0,0,b,a,869
5,2020-10-20,14126,1113,1,1,0,0,b,a,869
5,2020-10-21,14302,1039,1,1,0,0,b,a,869
5,2020-10-22,10159,839,1,0,0,0,b,a,869
5,2020-10-23,12677,931,1,1,0,0,b,a,869
5,2020-10-24,11076,1179,1,1,0,0,b,a,869
5,2020-10-25,0,0,0,0,0,0,b,a,869
5,2020-10-26,10836,1071,1,0,0,0,b,a,869
5,2020-10-27,12309,983,1,0,0,0,b,a,869
5,2020-10-28,14073,1084,1,1,0,0,b,a,869
5,2020-10-29,13419,1138,1,1,0,0,b,a,869
5,2020-10-30,10024,964,1,0,0,0,b,a,869
5,2020-10-31,9559,980,1,0,0,0,b,a,869
5,2020-11-01,0,0,0,0,0,0,b,a,869
5,2020-11-02,9712,869,1,0,0,0,b,a,869
5,2020-11-03,10878,849,1,0,0,0,b,a,869
5,2020-11-04,10839,1089,1,0,0,0,b,a,869
5,2020-11-05,10996,855,1,0,0,0,b,a,869
5,2020-11-06,12054,1274,1,1,0,0,b,a,869
5,2020-11-07,9990,728,1,1,0,0,b,a,869
5,2020-11-08,0,0,0,0,0,0,b,a,869
5,2020-11-09,12836,1041,1,1,0,0,b,a,869
5,2020-11-10,13660,993,1,1,0,0,b,a,869
5,2020-11-11,14153,1177,1,1,0,0,b,a,869
5,2020-11-12,12958,1377,1,1,0,0,b,a,869
5,2020-11-13,9410,876,1,0,0,0,b,a,869
5,2020-11-14,9877,846,1,1,0,0,b,a,869
5,2020-11-15,0,0,0,0,0,0,b,a,869
5,2020-11-16,12654,1082,1,1,0,0,b,a,869
5,2020-11-17,12693,1299,1,1,0,0,b,a,869
5,2020-11-18,12016,890,1,0,0,0,b,a,869
5,2020-11-19,13722,992,1,1,0,0,b,a,869
5,2020-11-20,10922,1158,1,1,0,0,b,a,869
5,2020-11-21,7316,801,1,0,0,0,b,a,869
5,2020-11-22,0,0,0,0,0,0,b,a,869
5,2020-11-23,9349,946,1,0,0,0,b,a,869
5,2020-11-24,14003,1077,1,1,0,0,b,a,869
5,2020-11-25,12704,1292,1,1,0,0,b,a,869
5,2020-11-26,11739,1265,1,0,0,0,b,a,869
5,2020-11-27,8680,705,1,0,0,0,b,a,869
5,2020-11-28,7924,737,1,0,0,0,b,a,869
5,2020-11-29,0,0,0,0,0,0,b,a,869
5,2020-11-30,8984,802,1,0,0,0,b,a,869
5,2020-12-01,10502,824,1,0,0,0,b,a,869
5,2020-12-02,12556,1220,1,1,0,0,b,a,869
5,2020-12-03,11246,1009,1,0,0,0,b,a,869
5,2020-12-04,10080,775,1,0,0,0,b,a,869
5,2020-12-05,10069,1136,1,1,0,0,b,a,869
5,2020-12-06,0,0,0,0,0,0,b,a,869
5,2020-12-07,11697,1136,1,1,0,0,b,a,869
5,2020-12-08,10183,773,1,0,0,0,b,a,869
5,2020-12-09,12676,1129,1,1,0,0,b,a,869
5,2020-12-10,12038,1039,1,1,0,0,b,a,869
5,2020-12-11,11023,861,1,1,0,0,b,a,869
5,2020-12-12,7314,855,1,0,0,0,b,a,869
5,2020-12-13,0,0,0,0,0,0,b,a,869
5,2020-12-14,12464,991,1,1,0,0,b,a,869
5,2020-12-15,13011,1085,1,1,0,0,b,a,869
5,2020-12-16,11658,849,1,0,0,0,b,a,869
5,2020-12-17,9618,857,1,0,0,0,b,a,869
5,2020-12-18,8767,753,1,0,0,0,b,a,869
5,2020-12-19,6925,546,1,0,0,0,b,a,869
5,2020-12-20,0,0,0,0,0,0,b,a,869
5,2020-12-21,10379,1036,1,1,0,0,b,a,869
5,2020-12-22,13764,1084,1,1,0,0,b,a,869
5,2020-12-23,11220,1085,1,0,0,0,b,a,869
5,2020-12-24,12518,1212,1,1,0,0,b,a,869
5,2020-12-25,0,0,0,0,a,0,b,a,869
5,2020-12-26,9642,852,1,1,0,0,b,a,869
5,2020-12-27,0,0,0,0,0,0,b,a,869
5,2020-12-28,8702,825,1,0,0,0,b,a,869
5,2020-12-29,10427,1024,1,0,0,0,b,a,869
5,2020-12-30,11439,1094,1,0,0,0,b,a,869
5,2020-12-31,9528,1021,1,0,0,0,b,a,869
5,2021-01-01,0,0,0,0,a,0,b,a,869
5,2021-01-02,8195,806,1,0,0,0,b,a,869
5,2021-01-03,0,0,0,0,0,0,b,a,869
5,2021-01-04,8868,805,1,0,0,0,b,a,869
5,2021-01-05,13181,1403,1,1,0,0,b,a,869
5,2021-01-06,11282,877,1,1,0,0,b,a,869
5,2021-01-07,11191,841,1,0,0,0,b,a,869
5,2021-01-08,11449,887,1,1,0,0,b,a,869
5,2021-01-09,10243,818,1,1,0,0,b,a,869
5,2021-01-10,0,0,0,0,0,0,b,a,869
5,2021-01-11,8854,1036,1,0,0,0,b,a,869
5,2021-01-12,12548,1501,1,1,0,0,b,a,869
5,2021-01-13,11136,962,1,0,0,0,b,a,869
5,2021-01-14,10911,988,1,1,0,0,b,a,869
5,2021-01-15,8773,752,1,0,0,0,b,a,869
5,2021-01-16,11343,1089,1,1,0,0,b,a,869
5,2021-01-17,0,0,0,0,0,0,b,a,869
5,2021-01-18,9416,734,1,0,0,0,b,a,869
5,2021-01-19,10162,1056,1,0,0,0,b,a,869
5,2021-01-20,13487,1156,1,1,0,0,b,a,869
5,2021-01-21,9421,701,1,0,0,0,b,a,869
5,2021-01-22,8308,1027,1,0,0,0,b,a,869
5,2021-01-23,9764,802,1,1,0,0,b,a,869
5,2021-01-24,0,0,0,0,0,0,b,a,869
5,2021-01-25,11326,947,1,1,0,0,b,a,869
5,2021-01-26,9490,778,1,0,0,0,b,a,869
5,2021-01-27,13137,1065,1,1,0,0,b,a,869
5,2021-01-28,11992,1342,1,1,0,0,b,a,869
5,2021-01-29,7940,847,1,0,0,0,b,a,869
5,2021-01-30,9821,830,1,1,0,0,b,a,869
5,2021-01-31,0,0,0,0,0,0,b,a,869
5,2021-02-01,11732,1282,1,1,0,0,b,a,869
5,2021-02-02,12802,927,1,1,0,0,b,a,869
5,2021-02-03,12655,1272,1,1,0,0,b,a,869
5,2021-02-04,9885,817,1,0,0,0,b,a,869
5,2021-02-05,8796,808,1,0,0,0,b,a,869
5,2021-02-06,11249,1189,1,1,0,0,b,a,869
5,2021-02-07,0,0,0,0,0,0,b,a,869
5,2021-02-08,11338,1030,1,1,0,0,b,a,869
5,2021-02-09,11403,902,1,0,0,0,b,a,869
5,2021-02-10,14315,1521,1,1,0,0,b,a,869
5,2021-02-11,12461,944,1,1,0,0,b,a,869
5,2021-02-12,11076,797,1,1,0,0,b,a,869
5,2021-02-13,9538,806,1,0,0,0,b,a,869
5,2021-02-14,0,0,0,0,0,0,b,a,869
5,2021-02-15,10515,874,1,0,0,0,b,a,869
5,2021-02-16,11600,1060,1,0,0,0,b,a,869
5,2021-02-17,10281,1018,1,0,0,0,b,a,869
5,2021-02-18,10557,1125,1,0,0,0,b,a,869
5,2021-02-19,9556,920,1,0,0,0,b,a,869
5,2021-02-20,9369,796,1,0,0,0,b,a,869
5,2021-02-21,0,0,0,0,0,0,b,a,869
5,2021-02-22,11887,857,1,1,0,0,b,a,869
5,2021-02-23,10708,1316,1,0,0,0,b,a,869
5,2021-02-24,11873,849,1,0,0,0,b,a,869
5,2021-02-25,12831,1564,1,1,0,0,b,a,869
5,2021-02-26,7997,687,1,0,0,0,b,a,869
5,2021-02-27,8683,638,1,0,0,0,b,a,869
5,2021-02-28,0,0,0,0,0,0,b,a,869
5,2021-03-01,10874,1224,1,0,0,0,b,a,869
5,2021-03-02,11762,1360,1,0,0,0,b,a,869
5,2021-03-03,10456,992,1,0,0,0,b,a,869
5,2021-03-04,13304,1488,1,1,0,0,b,a,869
5,2021-03-05,9775,875,1,0,0,0,b,a,869
5,2021-03-06,10887,1052,1,1,0,0,b,a,869
5,2021-03-07,0,0,0,0,0,0,b,a,869
5,2021-03-08,9967,1062,1,0,0,0,b,a,869
5,2021-03-09,13639,1622,1,1,0,0,b,a,869
5,2021-03-10,11183,1378,1,0,0,0,b,a,869
5,2021-03-11,14745,1445,1,1,0,0,b,a,869
5,2021-03-12,12101,1171,1,1,0,0,b,a,869
5,2021-03-13,8132,1000,1,0,0,0,b,a,869
5,2021-03-14,0,0,0,0,0,0,b,a,869
5,2021-03-15,11174,1259,1,0,0,0,b,a,869
5,2021-03-16,14596,1093,1,1,0,0,b,a,869
5,2021-03-17,14138,1267,1,1,0,0,b,a,869
5,2021-03-18,12453,916,1,1,0,0,b,a,869
5,2021-03-19,10657,916,1,1,0,0,b,a,869
5,2021-03-20,11221,824,1,0,0,0,b,a,869
5,2021-03-21,0,0,0,0,0,0,b,a,869
5,2021-03-22,11476,1356,1,0,0,0,b,a,869
5,2021-03-23,14261,1179,1,1,0,0,b,a,869
5,2021-03-24,12019,916,1,0,0,0,b,a,869
5,2021-03-25,12300,1182,1,0,0,0,b,a,869
5,2021-03-26,12138,889,1,0,0,0,b,a,869
5,2021-03-27,12500,1111,1,1,0,0,b,a,869
5,2021-03-28,0,0,0,0,0,0,b,a,869
5,2021-03-29,15418,1331,1,1,0,0,b,a,869
5,2021-03-30,11956,917,1,0,0,0,b,a,869
5,2021-03-31,14099,1050,1,0,0,0,b,a,869
5,2021-04-01,14570,1318,1,1,0,0,b,a,869
5,2021-04-02,0,0,0,0,a,0,b,a,869
5,2021-04-03,11928,887,1,1,0,0,b,a,869
5,2021-04-04,0,0,0,0,0,0,b,a,869
5,2021-04-05,12217,913,1,1,0,0,b,a,869
5,2021-04-06,13096,1033,1,0,0,0,b,a,869
5,2021-04-07,13721,982,1,1,0,0,b,a,869
5,2021-04-08,13120,1196,1,0,0,0,b,a,869
5,2021-04-09,13861,1229,1,1,0,0,b,a,869
5,2021-04-10,10461,843,1,0,0,0,b,a,869
5,2021-04-11,0,0,0,0,0,0,b,a,869
5,2021-04-12,13510,1420,1,1,0,0,b,a,869
5,2021-04-13,13488,980,1,0,0,0,b,a,869
5,2021-04-14,14952,1277,1,1,0,0,b,a,869
5,2021-04-15,14994,1291,1,1,0,0,b,a,869
5,2021-04-16,13380,999,1,1,0,0,b,a,869
5,2021-04-17,12985,1500,1,1,0,0,b,a,869
5,2021-04-18,0,0,0,0,0,0,b,a,869
5,2021-04-19,12431,976,1,0,0,0,b,a,869
5,2021-04-20,13440,1315,1,0,0,0,b,a,869
5,2021-04-21,14949,1206,1,0,0,0,b,a,869
5,2021-04-22,13602,1197,1,0,0,0,b,a,869
5,2021-04-23,10990,927,1,0,0,0,b,a,869
5,2021-04-24,10723,1197,1,0,0,0,b,a,869
5,2021-04-25,0,0,0,0,0,0,b,a,869
5,2021-04-26,15126,1235,1,1,0,0,b,a,869
5,2021-04-27,13216,1106,1,0,0,0,b,a,869
5,2021-04-28,14759,1336,1,0,0,0,b,a,869
5,2021-04-29,12802,1179,1,0,0,0,b,a,869
5,2021-04-30,12001,1125,1,0,0,0,b,a,869
5,2021-05-01,12304,1204,1,0,0,0,b,a,869
5,2021-05-02,0,0,0,0,0,0,b,a,869
5,2021-05-03,14412,1410,1,1,0,0,b,a,869
5,2021-05-04,14356,1659,1,0,0,0,b,a,869
5,2021-05-05,14296,1227,1,0,0,0,b,a,869
5,2021-05-06,15586,1442,1,1,0,0,b,a,869
5,2021-05-07,14625,1290,1,1,0,0,b,a,869
5,2021-05-08,13967,1271,1,1,0,0,b,a,869
5,2021-05-09,0,0,0,0,0,0,b,a,869
5,2021-05-10,13437,1135,1,0,0,0,b,a,869
5,2021-05-11,13929,1540,1,0,0,0,b,a,869
5,2021-05-12,14440,1116,1,0,0,0,b,a,869
5,2021-05-13,12276,1422,1,0,0,0,b,a,869
5,2021-05-14,14861,1132,1,1,0,0,b,a,869
5,2021-05-15,11242,804,1,0,0,0,b,a,869
5,2021-05-16,0,0,0,0,0,0,b,a,869
5,2021-05-17,14160,1501,1,0,0,0,b,a,869
5,2021-05-18,16150,1317,1,1,0,0,b,a,869
5,2021-05-19,14976,1108,1,0,0,0,b,a,869
5,2021-05-20,13931,1303,1,0,0,0,b,a,869
5,2021-05-21,15440,1107,1,1,0,0,b,a,869
5,2021-05-22,14135,1264,1,1,0,0,b,a,869
5,2021-05-23,0,0,0,0,0,0,b,a,869
5,2021-05-24,12703,1112,1,0,0,0,b,a,869
5,2021-05-25,15251,1754,1,0,0,0,b,a,869
5,2021-05-26,17604,1542,1,1,0,0,b,a,869
5,2021-05-27,16338,1687,1,1,0,0,b,a,869
5,2021-05-28,12447,984,1,0,0,0,b,a,869
5,2021-05-29,14447,1045,1,1,0,0,b,a,869
5,2021-05-30,0,0,0,0,0,0,b,a,869
5,2021-05-31,12946,986,1,0,0,0,b,a,869
5,2021-06-01,16261,1671,1,1,0,0,b,a,869
5,2021-06-02,17703,1742,1,1,0,0,b,a,869
5,2021-06-03,13597,1063,1,0,0,0,b,a,869
5,2021-06-04,15335,1157,1,1,0,0,b,a,869
5,2021-06-05,14243,1126,1,1,0,0,b,a,869
5,2021-06-06,0,0,0,0,0,0,b,a,869
5,2021-06-07,13136,949,1,0,0,0,b,a,869
5,2021-06-08,17337,1545,1,1,0,0,b,a,869
5,2021-06-09,15395,1523,1,0,0,0,b,a,869
5,2021-06-10,13593,1166,1,0,0,0,b,a,869
5,2021-06-11,14736,1497,1,1,0,0,b,a,869
5,2021-06-12,12813,943,1,0,0,0,b,a,869
5,2021-06-13,0,0,0,0,0,0,b,a,869
5,2021-06-14,14319,1615,1,0,0,0,b,a,869
5,2021-06-15,14643,1263,1,0,0,0,b,a,869
5,2021-06-16,16846,1548,1,0,0,0,b,a,869
5,2021-06-17,17801,1662,1,1,0,0,b,a,869
5,2021-06-18,12809,1304,1,0,0,0,b,a,869
5,2021-06-19,12259,1481,1,0,0,0,b,a,869
5,2021-06-20,0,0,0,0,0,0,b,a,869
5,2021-06-21,16657,1738,1,1,0,0,b,a,869
5,2021-06-22,15936,1632,1,0,0,0,b,a,869
5,2021-06-23,16815,1602,1,1,0,0,b,a,869
5,2021-06-24,15357,1315,1,0,0,0,b,a,869
5,2021-06-25,12704,1414,1,0,0,0,b,a,869
5,2021-06-26,14299,1235,1,1,0,0,b,a,869
5,2021-06-27,0,0,0,0,0,0,b,a,869
5,2021-06-28,14691,1488,1,0,0,0,b,a,869
5,2021-06-29,14665,1137,1,0,0,0,b,a,869
5,2021-06-30,18324,1412,1,1,0,0,b,a,869
5,2021-07-01,16014,1982,1,0,0,1,b,a,869
5,2021-07-02,14626,1174,1,0,0,1,b,a,869
5,2021-07-03,12245,1510,1,0,0,1,b,a,869
5,2021-07-04,0,0,0,0,0,1,b,a,869
5,2021-07-05,16075,1655,1,0,0,1,b,a,869
5,2021-07-06,15030,1554,1,0,0,1,b,a,869
5,2021-07-07,18732,1734,1,1,0,1,b,a,869
5,2021-07-08,15768,1934,1,0,0,1,b,a,869
5,2021-07-09,14424,1236,1,0,0,1,b,a,869
5,2021-07-10,12508,1021,1,0,0,1,b,a,869
5,2021-07-11,0,0,0,0,0,1,b,a,869
5,2021-07-12,14691,1529,1,0,0,1,b,a,869
5,2021-07-13,18446,2110,1,1,0,1,b,a,869
5,2021-07-14,15132,1286,1,0,0,1,b,a,869
5,2021-07-15,17922,1904,1,1,0,1,b,a,869
5,2021-07-16,15887,1501,1,1,0,1,b,a,869
5,2021-07-17,12801,1412,1,0,0,1,b,a,869
5,2021-07-18,0,0,0,0,0,1,b,a,869
5,2021-07-19,15257,1279,1,0,0,1,b,a,869
5,2021-07-20,14080,1497,1,0,0,1,b,a,869
5,2021-07-21,15390,1455,1,0,0,1,b,a,869
5,2021-07-22,17890,2220,1,1,0,1,b,a,869
5,2021-07-23,16481,1640,1,1,0,1,b,a,869
5,2021-07-24,15295,1510,1,1,0,1,b,a,869
5,2021-07-25,0,0,0,0,0,1,b,a,869
5,2021-07-26,13529,1036,1,0,0,1,b,a,869
5,2021-07-27,17195,1230,1,1,0,1,b,a,869
5,2021-07-28,17996,1474,1,1,0,1,b,a,869
5,2021-07-29,15687,1743,1,0,0,1,b,a,869
5,2021-07-30,14056,1577,1,0,0,1,b,a,869
5,2021-07-31,15401,1475,1,1,0,1,b,a,869
5,2021-08-01,0,0,0,0,0,1,b,a,869
5,2021-08-02,13237,963,1,0,0,1,b,a,869
5,2021-08-03,18337,1598,1,1,0,1,b,a,869
5,2021-08-04,15213,1589,1,0,0,1,b,a,869
5,2021-08-05,13928,1084,1,0,0,1,b,a,869
5,2021-08-06,13417,1124,1,0,0,1,b,a,869
5,2021-08-07,11743,1052,1,0,0,1,b,a,869
5,2021-08-08,0,0,0,0,0,1,b,a,869
5,2021-08-09,16707,1324,1,1,0,1,b,a,869
5,2021-08-10,15685,1334,1,0,0,1,b,a,869
5,2021-08-11,15792,1307,1,0,0,1,b,a,869
5,2021-08-12,14948,1449,1,0,0,1,b,a,869
5,2021-08-13,14440,1404,1,0,0,1,b,a,869
5,2021-08-14,14973,1102,1,1,0,1,b,a,869
5,2021-08-15,0,0,0,0,0,1,b,a,869
5,2021-08-16,13930,1317,1,0,0,1,b,a,869
5,2021-08-17,16456,2028,1,1,0,1,b,a,869
5,2021-08-18,17468,1291,1,1,0,1,b,a,869
5,2021-08-19,14342,1115,1,0,0,1,b,a,869
5,2021-08-20,12649,951,1,0,0,1,b,a,869
5,2021-08-21,12787,1069,1,0,0,1,b,a,869
5,2021-08-22,0,0,0,0,0,1,b,a,869
5,2021-08-23,14471,1140,1,0,0,1,b,a,869
5,2021-08-24,14966,1140,1,0,0,1,b,a,869
5,2021-08-25,16982,1529,1,1,0,1,b,a,869
5,2021-08-26,17007,1575,1,1,0,1,b,a,869
5,2021-08-27,16138,1215,1,1,0,1,b,a,869
5,2021-08-28,15529,1355,1,1,0,1,b,a,869
5,2021-08-29,0,0,0,0,0,1,b,a,869
5,2021-08-30,12739,1294,1,0,0,1,b,a,869
5,2021-08-31,13617,1421,1,0,0,1,b,a,869
5,2021-09-01,17447,1559,1,1,0,0,b,a,869
5,2021-09-02,13950,1113,1,0,0,0,b,a,869
5,2021-09-03,11924,874,1,0,0,0,b,a,869
5,2021-09-04,11328,1115,1,0,0,0,b,a,869
5,2021-09-05,0,0,0,0,0,0,b,a,869
5,2021-09-06,12487,977,1,0,0,0,b,a,869
5,2021-09-07,14778,1662,1,1,0,0,b,a,869
5,2021-09-08,12553,1059,1,0,0,0,b,a,869
5,2021-09-09,13305,1447,1,0,0,0,b,a,869
5,2021-09-10,13050,1434,1,0,0,0,b,a,869
5,2021-09-11,10970,1233,1,0,0,0,b,a,869
5,2021-09-12,0,0,0,0,0,0,b,a,869
5,2021-09-13,15401,1688,1,1,0,0,b,a,869
5,2021-09-14,13566,1034,1,1,0,0,b,a,869
5,2021-09-15,14849,1811,1,1,0,0,b,a,869
5,2021-09-16,14031,1196,1,0,0,0,b,a,869
5,2021-09-17,13916,1126,1,1,0,0,b,a,869
5,2021-09-18,13233,1270,1,1,0,0,b,a,869
5,2021-09-19,0,0,0,0,0,0,b,a,869
5,2021-09-20,12837,1043,1,0,0,0,b,a,869
5,2021-09-21,14600,1074,1,1,0,0,b,a,869
5,2021-09-22,14560,1604,1,1,0,0,b,a,869
5,2021-09-23,14098,1063,1,1,0,0,b,a,869
5,2021-09-24,11805,885,1,0,0,0,b,a,869
5,2021-09-25,10531,1094,1,0,0,0,b,a,869
5,2021-09-26,0,0,0,0,0,0,b,a,869
5,2021-09-27,13394,974,1,1,0,0,b,a,869
5,2021-09-28,14847,1175,1,1,0,0,b,a,869
5,2021-09-29,15840,1291,1,1,0,0,b,a,869
5,2021-09-30,13314,1398,1,0,0,0,b,a,869
5,2021-10-01,13770,1004,1,1,0,0,b,a,869
5,2021-10-02,11009,919,1,0,0,0,b,a,869
5,2021-10-03,0,0,0,0,0,0,b,a,869
5,2021-10-04,12164,915,1,0,0,0,b,a,869
5,2021-10-05,13202,1494,1,0,0,0,b,a,869
5,2021-10-06,13121,964,1,0,0,0,b,a,869
5,2021-10-07,12361,1008,1,0,0,0,b,a,869
5,2021-10-08,11113,925,1,0,0,0,b,a,869
5,2021-10-09,10809,1014,1,1,0,0,b,a,869
5,2021-10-10,0,0,0,0,0,0,b,a,869
5,2021-10-11,10184,762,1,0,0,0,b,a,869
5,2021-10-12,13857,1154,1,1,0,0,b,a,869
5,2021-10-13,15056,1122,1,1,0,0,b,a,869
5,2021-10-14,14059,1367,1,1,0,0,b,a,869
5,2021-10-15,11273,934,1,0,0,0,b,a,869
5,2021-10-16,11097,823,1,0,0,0,b,a,869
5,2021-10-17,0,0,0,0,0,0,b,a,869
5,2021-10-18,12837,1199,1,1,0,0,b,a,869
5,2021-10-19,11602,1338,1,0,0,0,b,a,869
5,2021-10-20,13433,1173,1,1,0,0,b,a,869
5,2021-10-21,11951,1067,1,0,0,0,b,a,869
5,2021-10-22,8841,645,1,0,0,0,b,a,869
5,2021-10-23,8746,1060,1,0,0,0,b,a,869
5,2021-10-24,0,0,0,0,0,0,b,a,869
5,2021-10-25,10916,930,1,0,0,0,b,a,869
5,2021-10-26,11269,1258,1,0,0,0,b,a,869
5,2021-10-27,10831,1272,1,0,0,0,b,a,869
5,2021-10-28,10110,1179,1,0,0,0,b,a,869
5,2021-10-29,10103,748,1,0,0,0,b,a,869
5,2021-10-30,11466,828,1,1,0,0,b,a,869
5,2021-10-31,0,0,0,0,0,0,b,a,869
5,2021-11-01,12717,1091,1,1,0,0,b,a,869
5,2021-11-02,11938,854,1,0,0,0,b,a,869
5,2021-11-03,11131,901,1,0,0,0,b,a,869
5,2021-11-04,9668,876,1,0,0,0,b,a,869
5,2021-11-05,8762,701,1,0,0,0,b,a,869
5,2021-11-06,10870,812,1,1,0,0,b,a,869
5,2021-11-07,0,0,0,0,0,0,b,a,869
5,2021-11-08,10563,1071,1,0,0,0,b,a,869
5,2021-11-09,13199,1288,1,1,0,0,b,a,869
5,2021-11-10,13547,1359,1,1,0,0,b,a,869
5,2021-11-11,13714,1024,1,1,0,0,b,a,869
5,2021-11-12,10152,1128,1,0,0,0,b,a,869
5,2021-11-13,9966,1233,1,0,0,0,b,a,869
5,2021-11-14,0,0,0,0,0,0,b,a,869
5,2021-11-15,9704,765,1,0,0,0,b,a,869
5,2021-11-16,13750,1082,1,1,0,0,b,a,869
5,2021-11-17,13846,1301,1,1,0,0,b,a,869
5,2021-11-18,11718,1200,1,1,0,0,b,a,869
5,2021-11-19,11658,860,1,1,0,0,b,a,869
5,2021-11-20,8442,822,1,0,0,0,b,a,869
5,2021-11-21,0,0,0,0,0,0,b,a,869
5,2021-11-22,12255,1228,1,1,0,0,b,a,869
5,2021-11-23,12551,1446,1,1,0,0,b,a,869
5,2021-11-24,10558,842,1,0,0,0,b,a,869
5,2021-11-25,10265,853,1,0,0,0,b,a,869
5,2021-11-26,9695,1026,1,0,0,0,b,a,869
5,2021-11-27,11541,919,1,1,0,0,b,a,869
5,2021-11-28,0,0,0,0,0,0,b,a,869
5,2021-11-29,12039,1125,1,1,0,0,b,a,869
5,2021-11-30,13362,1083,1,1,0,0,b,a,869
5,2021-12-01,11862,932,1,1,0,0,b,a,869
5,2021-12-02,11499,1154,1,0,0,0,b,a,869
5,2021-12-03,11605,1396,1,1,0,0,b,a,869
5,2021-12-04,7655,636,1,0,0,0,b,a,869
5,2021-12-05,0,0,0,0,0,0,b,a,869
5,2021-12-06,12662,965,1,1,0,0,b,a,869
5,2021-12-07,11869,938,1,0,0,0,b,a,869
5,2021-12-08,12919,1378,1,1,0,0,b,a,869
5,2021-12-09,11214,1131,1,0,0,0,b,a,869
5,2021-12-10,9344,759,1,0,0,0,b,a,869
5,2021-12-11,8019,810,1,0,0,0,b,a,869
5,2021-12-12,0,0,0,0,0,0,b,a,869
5,2021-12-13,11414,1124,1,1,0,0,b,a,869
5,2021-12-14,10381,868,1,0,0,0,b,a,869
5,2021-12-15,10454,919,1,0,0,0,b,a,869
5,2021-12-16,9696,1153,1,0,0,0,b,a,869
5,2021-12-17,10604,983,1,1,0,0,b,a,869
5,2021-12-18,10906,1108,1,1,0,0,b,a,869
5,2021-12-19,0,0,0,0,0,0,b,a,869
5,2021-12-20,8920,909,1,0,0,0,b,a,869
5,2021-12-21,10569,830,1,0,0,0,b,a,869
5,2021-12-22,13324,1201,1,1,0,0,b,a,869
5,2021-12-23,9335,890,1,0,0,0,b,a,869
5,2021-12-24,11177,880,1,1,0,0,b,a,869
5,2021-12-25,0,0,0,0,a,0,b,a,869
5,2021-12-26,0,0,0,0,0,0,b,a,869
5,2021-12-27,10864,1078,1,1,0,0,b,a,869
5,2021-12-28,10788,875,1,0,0,0,b,a,869
5,2021-12-29,12548,1156,1,1,0,0,b,a,869
5,2021-12-30,11918,1053,1,1,0,0,b,a,869
5,2021-12-31,7347,682,1,0,0,0,b,a,869
5,2022-01-01,0,0,0,0,a,0,b,a,869
5,2022-01-02,0,0,0,0,0,0,b,a,869
5,2022-01-03,10916,912,1,1,0,0,b,a,869
5,2022-01-04,10999,1205,1,0,0,0,b,a,869
5,2022-01-05,11677,883,1,0,0,0,b,a,869
5,2022-01-06,10059,813,1,0,0,0,b,a,869
5,2022-01-07,10321,1061,1,0,0,0,b,a,869
5,2022-01-08,8018,863,1,0,0,0,b,a,869
5,2022-01-09,0,0,0,0,0,0,b,a,869
5,2022-01-10,12297,962,1,1,0,0,b,a,869
5,2022-01-11,10201,839,1,0,0,0,b,a,869
5,2022-01-12,12446,1319,1,1,0,0,b,a,869
5,2022-01-13,10638,1177,1,0,0,0,b,a,869
5,2022-01-14,7755,642,1,0,0,0,b,a,869
5,2022-01-15,8640,815,1,1,0,0,b,a,869
5,2022-01-16,0,0,0,0,0,0,b,a,869
5,2022-01-17,9521,691,1,0,0,0,b,a,869
5,2022-01-18,12321,1093,1,1,0,0,b,a,869
5,2022-01-19,12072,1116,1,1,0,0,b,a,869
5,2022-01-20,12235,932,1,1,0,0,b,a,869
5,2022-01-21,12121,956,1,1,0,0,b,a,869
5,2022-01-22,9672,725,1,1,0,0,b,a,869
5,2022-01-23,0,0,0,0,0,0,b,a,869
5,2022-01-24,11044,814,1,1,0,0,b,a,869
5,2022-01-25,10015,908,1,0,0,0,b,a,869
5,2022-01-26,11232,1280,1,0,0,0,b,a,869
5,2022-01-27,9266,1073,1,0,0,0,b,a,869
5,2022-01-28,9995,1108,1,0,0,0,b,a,869
5,2022-01-29,9630,738,1,1,0,0,b,a,869
5,2022-01-30,0,0,0,0,0,0,b,a,869
5,2022-01-31,10948,892,1,1,0,0,b,a,869
5,2022-02-01,14107,1186,1,1,0,0,b,a,869
5,2022-02-02,11782,1265,1,0,0,0,b,a,869
5,2022-02-03,10910,867,1,1,0,0,b,a,869
5,2022-02-04,9664,1196,1,0,0,0,b,a,869
5,2022-02-05,10057,731,1,1,0,0,b,a,869
5,2022-02-06,0,0,0,0,0,0,b,a,869
5,2022-02-07,10248,953,1,0,0,0,b,a,869
5,2022-02-08,9868,975,1,0,0,0,b,a,869
5,2022-02-09,14288,1773,1,1,0,0,b,a,869
5,2022-02-10,12814,1110,1,1,0,0,b,a,869
5,2022-02-11,9423,1134,1,0,0,0,b,a,869
5,2022-02-12,10440,891,1,1,0,0,b,a,869
5,2022-02-13,0,0,0,0,0,0,b,a,869
5,2022-02-14,10752,778,1,0,0,0,b,a,869
5,2022-02-15,13196,1016,1,1,0,0,b,a,869
5,2022-02-16,13622,988,1,1,0,0,b,a,869
5,2022-02-17,12954,1068,1,1,0,0,b,a,869
5,2022-02-18,9057,873,1,0,0,0,b,a,869
5,2022-02-19,9957,1131,1,1,0,0,b,a,869
5,2022-02-20,0,0,0,0,0,0,b,a,869
5,2022-02-21,11356,908,1,1,0,0,b,a,869
5,2022-02-22,11927,1480,1,0,0,0,b,a,869
5,2022-02-23,12282,1055,1,0,0,0,b,a,869
5,2022-02-24,10711,1200,1,0,0,0,b,a,869
5,2022-02-25,12870,1361,1,1,0,0,b,a,869
5,2022-02-26,10880,1021,1,1,0,0,b,a,869
5,2022-02-27,0,0,0,0,0,0,b,a,869
5,2022-02-28,9910,926,1,0,0,0,b,a,869
5,2022-03-01,12955,1546,1,0,0,0,b,a,869
5,2022-03-02,14471,1588,1,1,0,0,b,a,869
5,2022-03-03,10936,994,1,0,0,0,b,a,869
5,2022-03-04,11479,894,1,0,0,0,b,a,869
5,2022-03-05,11180,869,1,1,0,0,b,a,869
5,2022-03-06,0,0,0,0,0,0,b,a,869
5,2022-03-07,12161,1405,1,1,0,0,b,a,869
5,2022-03-08,11947,914,1,0,0,0,b,a,869
5,2022-03-09,11055,1042,1,0,0,0,b,a,869
5,2022-03-10,14676,1533,1,1,0,0,b,a,869
5,2022-03-11,13689,1194,1,1,0,0,b,a,869
5,2022-03-12,9766,906,1,0,0,0,b,a,869
5,2022-03-13,0,0,0,0,0,0,b,a,869
5,2022-03-14,12144,1234,1,0,0,0,b,a,869
5,2022-03-15,14899,1676,1,1,0,0,b,a,869
5,2022-03-16,12352,1039,1,0,0,0,b,a,869
5,2022-03-17,11997,1172,1,0,0,0,b,a,869
5,2022-03-18,12094,1159,1,1,0,0,b,a,869
5,2022-03-19,12120,1078,1,1,0,0,b,a,869
5,2022-03-20,0,0,0,0,0,0,b,a,869
5,2022-03-21,12338,1179,1,0,0,0,b,a,869
5,2022-03-22,13042,970,1,0,0,0,b,a,869
5,2022-03-23,14716,1435,1,1,0,0,b,a,869
5,2022-03-24,13114,1303,1,1,0,0,b,a,869
5,2022-03-25,10471,1048,1,0,0,0,b,a,869
5,2022-03-26,10074,750,1,0,0,0,b,a,869
5,2022-03-27,0,0,0,0,0,0,b,a,869
5,2022-03-28,11722,1281,1,0,0,0,b,a,869
5,2022-03-29,12473,1337,1,0,0,0,b,a,869
5,2022-03-30,13065,1308,1,0,0,0,b,a,869
5,2022-03-31,13492,1009,1,1,0,0,b,a,869
5,2022-04-01,11152,900,1,0,0,0,b,a,869
5,2022-04-02,12484,1067,1,1,0,0,b,a,869
5,2022-04-03,0,0,0,0,0,0,b,a,869
5,2022-04-04,12223,1012,1,0,0,0,b,a,869
5,2022-04-05,13734,1654,1,0,0,0,b,a,869
5,2022-04-06,15196,1158,1,1,0,0,b,a,869
5,2022-04-07,11001,787,1,0,0,0,b,a,869
5,2022-04-08,11292,978,1,0,0,0,b,a,869
5,2022-04-09,12186,1189,1,1,0,0,b,a,869
5,2022-04-10,0,0,0,0,0,0,b,a,869
5,2022-04-11,12335,928,1,0,0,0,b,a,869
5,2022-04-12,15806,1431,1,1,0,0,b,a,869
5,2022-04-13,14391,1442,1,0,0,0,b,a,869
5,2022-04-14,12314,1008,1,0,0,0,b,a,869
5,2022-04-15,0,0,0,0,a,0,b,a,869
5,2022-04-16,13381,1244,1,1,0,0,b,a,869
5,2022-04-17,0,0,0,0,0,0,b,a,869
5,2022-04-18,11609,951,1,0,0,0,b,a,869
5,2022-04-19,12702,979,1,0,0,0,b,a,869
5,2022-04-20,16286,1355,1,1,0,0,b,a,869
5,2022-04-21,14585,1596,1,1,0,0,b,a,869
5,2022-04-22,11490,900,1,0,0,0,b,a,869
5,2022-04-23,12412,915,1,1,0,0,b,a,869
5,2022-04-24,0,0,0,0,0,0,b,a,869
5,2022-04-25,12014,1064,1,0,0,0,b,a,869
5,2022-04-26,12917,1089,1,0,0,0,b,a,869
5,2022-04-27,14805,1640,1,0,0,0,b,a,869
5,2022-04-28,15719,1405,1,1,0,0,b,a,869
5,2022-04-29,14586,1399,1,1,0,0,b,a,869
5,2022-04-30,12659,1087,1,1,0,0,b,a,869
5,2022-05-01,0,0,0,0,0,0,b,a,869
5,2022-05-02,12749,1367,1,0,0,0,b,a,869
5,2022-05-03,16590,1412,1,1,0,0,b,a,869
5,2022-05-04,14712,1186,1,0,0,0,b,a,869
5,2022-05-05,13589,1465,1,0,0,0,b,a,869
5,2022-05-06,14792,1505,1,1,0,0,b,a,869
5,2022-05-07,13949,1135,1,1,0,0,b,a,869
5,2022-05-08,0,0,0,0,0,0,b,a,869
5,2022-05-09,14589,1340,1,0,0,0,b,a,869
5,2022-05-10,16890,1299,1,1,0,0,b,a,869
5,2022-05-11,16569,1610,1,1,0,0,b,a,869
5,2022-05-12,16865,1541,1,1,0,0,b,a,869
5,2022-05-13,11863,976,1,0,0,0,b,a,869
5,2022-05-14,11959,1250,1,0,0,0,b,a,869
5,2022-05-15,0,0,0,0,0,0,b,a,869
5,2022-05-16,15884,1352,1,1,0,0,b,a,869
5,2022-05-17,16973,1351,1,1,0,0,b,a,869
5,2022-05-18,16720,1496,1,1,0,0,b,a,869
5,2022-05-19,14444,1284,1,0,0,0,b,a,869
5,2022-05-20,14866,1065,1,1,0,0,b,a,869
5,2022-05-21,12321,939,1,0,0,0,b,a,869
5,2022-05-22,0,0,0,0,0,0,b,a,869
5,2022-05-23,13899,1015,1,0,0,0,b,a,869
5,2022-05-24,16708,1306,1,1,0,0,b,a,869
5,2022-05-25,15464,1808,1,0,0,0,b,a,869
5,2022-05-26,15214,1758,1,0,0,0,b,a,869
5,2022-05-27,15029,1481,1,1,0,0,b,a,869
5,2022-05-28,13589,1110,1,1,0,0,b,a,869
5,2022-05-29,0,0,0,0,0,0,b,a,869
5,2022-05-30,13744,1323,1,1,0,0,b,a,869
5,2022-05-31,17741,1776,1,1,0,0,b,a,869
5,2022-06-01,14559,1112,1,0,0,0,b,a,869
5,2022-06-02,15263,1249,1,0,0,0,b,a,869
5,2022-06-03,12096,937,1,0,0,0,b,a,869
5,2022-06-04,13729,1275,1,1,0,0,b,a,869
5,2022-06-05,0,0,0,0,0,0,b,a,869
5,2022-06-06,16106,1988,1,1,0,0,b,a,869
5,2022-06-07,16170,1195,1,0,0,0,b,a,869
5,2022-06-08,17187,1559,1,1,0,0,b,a,869
5,2022-06-09,16418,1246,1,1,0,0,b,a,869
5,2022-06-10,15364,1152,1,1,0,0,b,a,869
5,2022-06-11,13108,1356,1,0,0,0,b,a,869
5,2022-06-12,0,0,0,0,0,0,b,a,869
5,2022-06-13,16054,1609,1,1,0,0,b,a,869
5,2022-06-14,15408,1102,1,1,0,0,b,a,869
5,2022-06-15,14566,1161,1,0,0,0,b,a,869
5,2022-06-16,14267,1260,1,0,0,0,b,a,869
5,2022-06-17,13632,1465,1,0,0,0,b,a,869
5,2022-06-18,12312,1275,1,0,0,0,b,a,869
5,2022-06-19,0,0,0,0,0,0,b,a,869
5,2022-06-20,15794,1580,1,1,0,0,b,a,869
5,2022-06-21,16107,1265,1,1,0,0,b,a,869
5,2022-06-22,18307,1401,1,1,0,0,b,a,869
5,2022-06-23,15990,1258,1,1,0,0,b,a,869
5,2022-06-24,14276,1144,1,1,0,0,b,a,869
5,2022-06-25,13166,1038,1,0,0,0,b,a,869
5,2022-06-26,0,0,0,0,0,0,b,a,869
5,2022-06-27,16039,1751,1,1,0,0,b,a,869
5,2022-06-28,16036,1286,1,0,0,0,b,a,869
5,2022-06-29,16821,1235,1,1,0,0,b,a,869
5,2022-06-30,16994,1603,1,1,0,0,b,a,869
5,2022-07-01,16948,1227,1,1,0,1,b,a,869
5,2022-07-02,14222,1238,1,0,0,1,b,a,869
5,2022-07-03,0,0,0,0,0,1,b,a,869
5,2022-07-04,17049,1313,1,1,0,1,b,a,869
5,2022-07-05,16341,1551,1,0,0,1,b,a,869
5,2022-07-06,16621,1208,1,0,0,1,b,a,869
5,2022-07-07,16372,1942,1,0,0,1,b,a,869
5,2022-07-08,14220,1624,1,0,0,1,b,a,869
5,2022-07-09,13362,1547,1,0,0,1,b,a,869
5,2022-07-10,0,0,0,0,0,1,b,a,869
5,2022-07-11,16715,1248,1,1,0,1,b,a,869
5,2022-07-12,16904,1443,1,1,0,1,b,a,869
5,2022-07-13,18903,1685,1,1,0,1,b,a,869
5,2022-07-14,15728,1184,1,0,0,1,b,a,869
5,2022-07-15,14711,1548,1,0,0,1,b,a,869
5,2022-07-16,15543,1132,1,1,0,1,b,a,869
5,2022-07-17,0,0,0,0,0,1,b,a,869
5,2022-07-18,18305,1384,1,1,0,1,b,a,869
5,2022-07-19,18607,1579,1,1,0,1,b,a,869
5,2022-07-20,16781,1321,1,1,0,1,b,a,869
5,2022-07-21,14820,1069,1,0,0,1,b,a,869
5,2022-07-22,13104,1141,1,0,0,1,b,a,869
5,2022-07-23,13123,1474,1,0,0,1,b,a,869
5,2022-07-24,0,0,0,0,0,1,b,a,869
5,2022-07-25,16469,1290,1,1,0,1,b,a,869
5,2022-07-26,15390,1448,1,0,0,1,b,a,869
5,2022-07-27,17015,1992,1,0,0,1,b,a,869
5,2022-07-28,16716,1242,1,1,0,1,b,a,869
5,2022-07-29,15340,1535,1,0,0,1,b,a,869
5,2022-07-30,14586,1185,1,1,0,1,b,a,869
5,2022-07-31,0,0,0,0,0,1,b,a,869
5,2022-08-01,14731,1721,1,0,0,1,b,a,869
5,2022-08-02,15763,1462,1,0,0,1,b,a,869
5,2022-08-03,14701,1224,1,0,0,1,b,a,869
5,2022-08-04,17550,1530,1,1,0,1,b,a,869
5,2022-08-05,12483,1140,1,0,0,1,b,a,869
5,2022-08-06,15052,1383,1,1,0,1,b,a,869
5,2022-08-07,0,0,0,0,0,1,b,a,869
5,2022-08-08,15408,1215,1,0,0,1,b,a,869
5,2022-08-09,15410,1622,1,0,0,1,b,a,869
5,2022-08-10,16763,1531,1,0,0,1,b,a,869
5,2022-08-11,15749,1222,1,0,0,1,b,a,869
5,2022-08-12,13818,1643,1,0,0,1,b,a,869
5,2022-08-13,15238,1840,1,1,0,1,b,a,869
5,2022-08-14,0,0,0,0,0,1,b,a,869
5,2022-08-15,15241,1389,1,0,0,1,b,a,869
5,2022-08-16,14851,1269,1,0,0,1,b,a,869
5,2022-08-17,15635,1275,1,0,0,1,b,a,869
5,2022-08-18,15430,1227,1,0,0,1,b,a,869
5,2022-08-19,17017,1985,1,1,0,1,b,a,869
5,2022-08-20,12477,913,1,0,0,1,b,a,869
5,2022-08-21,0,0,0,0,0,1,b,a,869
5,2022-08-22,14566,1323,1,0,0,1,b,a,869
5,2022-08-23,18391,2095,1,1,0,1,b,a,869
5,2022-08-24,16743,1248,1,1,0,1,b,a,869
5,2022-08-25,15248,1183,1,0,0,1,b,a,869
5,2022-08-26,13689,1547,1,0,0,1,b,a,869
5,2022-08-27,15396,1682,1,1,0,1,b,a,869
5,2022-08-28,0,0,0,0,0,1,b,a,869
5,2022-08-29,14050,1290,1,0,0,1,b,a,869
5,2022-08-30,13960,1471,1,0,0,1,b,a,869
5,2022-08-31,16610,1250,1,1,0,1,b,a,869
5,2022-09-01,16514,1344,1,1,0,0,b,a,869
5,2022-09-02,12176,1188,1,0,0,0,b,a,869
5,2022-09-03,13639,1144,1,1,0,0,b,a,869
5,2022-09-04,0,0,0,0,0,0,b,a,869
5,2022-09-05,14685,1710,1,1,0,0,b,a,869
5,2022-09-06,13052,1613,1,0,0,0,b,a,869
5,2022-09-07,16922,2024,1,1,0,0,b,a,869
5,2022-09-08,13318,1393,1,0,0,0,b,a,869
5,2022-09-09,11703,1268,1,0,0,0,b,a,869
5,2022-09-10,12092,1426,1,0,0,0,b,a,869
5,2022-09-11,0,0,0,0,0,0,b,a,869
5,2022-09-12,15748,1302,1,1,0,0,b,a,869
5,2022-09-13,13264,1497,1,0,0,0,b,a,869
5,2022-09-14,15296,1807,1,1,0,0,b,a,869
5,2022-09-15,13992,1438,1,0,0,0,b,a,869
5,2022-09-16,11463,1313,1,0,0,0,b,a,869
5,2022-09-17,9977,745,1,0,0,0,b,a,869
5,2022-09-18,0,0,0,0,0,0,b,a,869
5,2022-09-19,14181,1175,1,1,0,0,b,a,869
5,2022-09-20,13654,1166,1,0,0,0,b,a,869
5,2022-09-21,14040,1403,1,0,0,0,b,a,869
5,2022-09-22,12795,1229,1,0,0,0,b,a,869
5,2022-09-23,14087,1727,1,1,0,0,b,a,869
5,2022-09-24,12856,1287,1,1,0,0,b,a,869
5,2022-09-25,0,0,0,0,0,0,b,a,869
5,2022-09-26,13144,1489,1,0,0,0,b,a,869
5,2022-09-27,15416,1475,1,0,0,0,b,a,869
5,2022-09-28,12647,1575,1,0,0,0,b,a,869
5,2022-09-29,14214,1040,1,1,0,0,b,a,869
5,2022-09-30,11370,870,1,0,0,0,b,a,869
5,2022-10-01,12988,1215,1,1,0,0,b,a,869
5,2022-10-02,0,0,0,0,0,0,b,a,869
5,2022-10-03,11447,1314,1,0,0,0,b,a,869
5,2022-10-04,11864,1111,1,0,0,0,b,a,869
5,2022-10-05,11254,948,1,0,0,0,b,a,869
5,2022-10-06,13466,1557,1,1,0,0,b,a,869
5,2022-10-07,10959,869,1,0,0,0,b,a,869
5,2022-10-08,10973,845,1,0,0,0,b,a,869
5,2022-10-09,0,0,0,0,0,0,b,a,869
5,2022-10-10,12936,967,1,1,0,0,b,a,869
5,2022-10-11,14723,1177,1,1,0,0,b,a,869
5,2022-10-12,12425,1331,1,0,0,0,b,a,869
5,2022-10-13,14195,1480,1,1,0,0,b,a,869
5,2022-10-14,12136,1016,1,1,0,0,b,a,869
5,2022-10-15,12123,1352,1,1,0,0,b,a,869
5,2022-10-16,0,0,0,0,0,0,b,a,869
5,2022-10-17,12864,1323,1,1,0,0,b,a,869
5,2022-10-18,10784,1319,1,0,0,0,b,a,869
5,2022-10-19,14503,1407,1,1,0,0,b,a,869
5,2022-10-20,13267,1290,1,0,0,0,b,a,869
5,2022-10-21,9200,1013,1,0,0,0,b,a,869
5,2022-10-22,11500,880,1,1,0,0,b,a,869
5,2022-10-23,0,0,0,0,0,0,b,a,869
5,2022-10-24,11380,1066,1,0,0,0,b,a,869
5,2022-10-25,14115,1443,1,1,0,0,b,a,869
5,2022-10-26,11259,957,1,0,0,0,b,a,869
5,2022-10-27,12422,1061,1,0,0,0,b,a,869
5,2022-10-28,10828,953,1,0,0,0,b,a,869
5,2022-10-29,10172,1113,1,0,0,0,b,a,869
5,2022-10-30,0,0,0,0,0,0,b,a,869
5,2022-10-31,10683,869,1,0,0,0,b,a,869
5,2022-11-01,12257,1274,1,0,0,0,b,a,869
5,2022-11-02,13371,1455,1,1,0,0,b,a,869
5,2022-11-03,10431,1109,1,0,0,0,b,a,869
5,2022-11-04,13477,1543,1,1,0,0,b,a,869
5,2022-11-05,9976,785,1,1,0,0,b,a,869
5,2022-11-06,0,0,0,0,0,0,b,a,869
5,2022-11-07,9977,782,1,0,0,0,b,a,869
5,2022-11-08,13417,1000,1,1,0,0,b,a,869
5,2022-11-09,10789,1054,1,0,0,0,b,a,869
5,2022-11-10,10802,1298,1,0,0,0,b,a,869
5,2022-11-11,12646,1313,1,1,0,0,b,a,869
5,2022-11-12,11111,794,1,1,0,0,b,a,869
5,2022-11-13,0,0,0,0,0,0,b,a,869
5,2022-11-14,12717,1111,1,1,0,0,b,a,869
5,2022-11-15,11651,965,1,0,0,0,b,a,869
5,2022-11-16,13589,1411,1,1,0,0,b,a,869
5,2022-11-17,13019,938,1,1,0,0,b,a,869
5,2022-11-18,9834,1090,1,0,0,0,b,a,869
5,2022-11-19,7377,736,1,0,0,0,b,a,869
5,2022-11-20,0,0,0,0,0,0,b,a,869
5,2022-11-21,12036,957,1,1,0,0,b,a,869
5,2022-11-22,12766,917,1,1,0,0,b,a,869
5,2022-11-23,11843,1247,1,0,0,0,b,a,869
5,2022-11-24,11450,1304,1,0,0,0,b,a,869
5,2022-11-25,12302,1374,1,1,0,0,b,a,869
5,2022-11-26,7553,541,1,0,0,0,b,a,869
5,2022-11-27,0,0,0,0,0,0,b,a,869
5,2022-11-28,11943,1088,1,1,0,0,b,a,869
5,2022-11-29,10054,810,1,0,0,0,b,a,869
5,2022-11-30,10791,948,1,0,0,0,b,a,869
5,2022-12-01,11764,1080,1,1,0,0,b,a,869
5,2022-12-02,9334,1151,1,0,0,0,b,a,869
5,2022-12-03,8761,744,1,0,0,0,b,a,869
5,2022-12-04,0,0,0,0,0,0,b,a,869
5,2022-12-05,12661,1212,1,1,0,0,b,a,869
5,2022-12-06,11118,1031,1,0,0,0,b,a,869
5,2022-12-07,11701,1422,1,0,0,0,b,a,869
5,2022-12-08,10024,1145,1,0,0,0,b,a,869
5,2022-12-09,9600,761,1,0,0,0,b,a,869
5,2022-12-10,9165,657,1,0,0,0,b,a,869
5,2022-12-11,0,0,0,0,0,0,b,a,869
5,2022-12-12,9258,865,1,0,0,0,b,a,869
5,2022-12-13,11803,1038,1,1,0,0,b,a,869
5,2022-12-14,9861,714,1,0,0,0,b,a,869
5,2022-12-15,11059,936,1,1,0,0,b,a,869
5,2022-12-16,11496,1219,1,1,0,0,b,a,869
5,2022-12-17,11178,901,1,1,0,0,b,a,869
5,2022-12-18,0,0,0,0,0,0,b,a,869
5,2022-12-19,11624,1012,1,1,0,0,b,a,869
5,2022-12-20,9805,752,1,0,0,0,b,a,869
5,2022-12-21,13565,1199,1,1,0,0,b,a,869
5,2022-12-22,9520,1062,1,0,0,0,b,a,869
5,2022-12-23,11831,1049,1,1,0,0,b,a,869
5,2022-12-24,8430,840,1,0,0,0,b,a,869
5,2022-12-25,0,0,0,0,a,0,b,a,869
5,2022-12-26,9519,690,1,0,0,0,b,a,869
5,2022-12-27,10711,1312,1,0,0,0,b,a,869
5,2022-12-28,10318,1061,1,0,0,0,b,a,869
5,2022-12-29,10175,773,1,0,0,0,b,a,869
5,2022-12-30,11188,809,1,1,0,0,b,a,869
5,2022-12-31,8603,727,1,0,0,0,b,a,869
5,2023-01-01,0,0,0,0,a,0,b,a,869
5,2023-01-02,12421,1046,1,1,0,0,b,a,869
5,2023-01-03,12628,992,1,1,0,0,b,a,869
5,2023-01-04,10089,877,1,0,0,0,b,a,869
5,2023-01-05,12581,899,1,1,0,0,b,a,869
5,2023-01-06,9757,746,1,0,0,0,b,a,869
5,2023-01-07,9999,747,1,1,0,0,b,a,869
5,2023-01-08,0,0,0,0,0,0,b,a,869
5,2023-01-09,9860,808,1,0,0,0,b,a,869
5,2023-01-10,11110,1080,1,0,0,0,b,a,869
5,2023-01-11,12908,1036,1,1,0,0,b,a,869
5,2023-01-12,10141,822,1,0,0,0,b,a,869
5,2023-01-13,12090,1052,1,1,0,0,b,a,869
5,2023-01-14,8374,675,1,0,0,0,b,a,869
5,2023-01-15,0,0,0,0,0,0,b,a,869
5,2023-01-16,12421,934,1,1,0,0,b,a,869
5,2023-01-17,10790,976,1,0,0,0,b,a,869
5,2023-01-18,11627,913,1,0,0,0,b,a,869
5,2023-01-19,10159,871,1,0,0,0,b,a,869
5,2023-01-20,12057,955,1,1,0,0,b,a,869
5,2023-01-21,8639,844,1,0,0,0,b,a,869
5,2023-01-22,0,0,0,0,0,0,b,a,869
5,2023-01-23,13698,1115,1,1,0,0,b,a,869
5,2023-01-24,12862,1335,1,1,0,0,b,a,869
5,2023-01-25,11124,1106,1,0,0,0,b,a,869
5,2023-01-26,11128,1337,1,1,0,0,b,a,869
5,2023-01-27,9569,908,1,0,0,0,b,a,869
5,2023-01-28,6924,515,1,0,0,0,b,a,869
5,2023-01-29,0,0,0,0,0,0,b,a,869
5,2023-01-30,10183,906,1,0,0,0,b,a,869
5,2023-01-31,13143,1502,1,1,0,0,b,a,869
5,2023-02-01,11056,1037,1,0,0,0,b,a,869
5,2023-02-02,10472,871,1,0,0,0,b,a,869
5,2023-02-03,11204,1050,1,1,0,0,b,a,869
5,2023-02-04,8169,645,1,0,0,0,b,a,869
5,2023-02-05,0,0,0,0,0,0,b,a,869
5,2023-02-06,10004,870,1,0,0,0,b,a,869
5,2023-02-07,11784,1263,1,0,0,0,b,a,869
5,2023-02-08,11884,1067,1,0,0,0,b,a,869
5,2023-02-09,10567,1101,1,0,0,0,b,a,869
5,2023-02-10,8794,849,1,0,0,0,b,a,869
5,2023-02-11,12238,1294,1,1,0,0,b,a,869
5,2023-02-12,0,0,0,0,0,0,b,a,869
5,2023-02-13,9975,789,1,0,0,0,b,a,869
5,2023-02-14,12873,1103,1,1,0,0,b,a,869
5,2023-02-15,14045,1351,1,1,0,0,b,a,869
5,2023-02-16,10603,1016,1,0,0,0,b,a,869
5,2023-02-17,8789,1040,1,0,0,0,b,a,869
5,2023-02-18,8179,989,1,0,0,0,b,a,869
5,2023-02-19,0,0,0,0,0,0,b,a,869
5,2023-02-20,10101,1155,1,0,0,0,b,a,869
5,2023-02-21,14134,1011,1,1,0,0,b,a,869
5,2023-02-22,11800,1250,1,0,0,0,b,a,869
5,2023-02-23,12206,878,1,1,0,0,b,a,869
5,2023-02-24,11363,1201,1,1,0,0,b,a,869
5,2023-02-25,10102,748,1,1,0,0,b,a,869
5,2023-02-26,0,0,0,0,0,0,b,a,869
5,2023-02-27,9900,933,1,0,0,0,b,a,869
5,2023-02-28,14088,1366,1,1,0,0,b,a,869
5,2023-03-01,12267,1275,1,0,0,0,b,a,869
5,2023-03-02,14558,1261,1,1,0,0,b,a,869
5,2023-03-03,12800,1588,1,1,0,0,b,a,869
5,2023-03-04,9736,811,1,0,0,0,b,a,869
5,2023-03-05,0,0,0,0,0,0,b,a,869
5,2023-03-06,12347,1214,1,1,0,0,b,a,869
5,2023-03-07,15192,1220,1,1,0,0,b,a,869
5,2023-03-08,14603,1291,1,1,0,0,b,a,869
5,2023-03-09,13463,1449,1,1,0,0,b,a,869
5,2023-03-10,8358,668,1,0,0,0,b,a,869
5,2023-03-11,11029,1184,1,0,0,0,b,a,869
5,2023-03-12,0,0,0,0,0,0,b,a,869
5,2023-03-13,12521,1367,1,1,0,0,b,a,869
5,2023-03-14,14386,1568,1,1,0,0,b,a,869
5,2023-03-15,15235,1215,1,1,0,0,b,a,869
5,2023-03-16,13731,1702,1,1,0,0,b,a,869
5,2023-03-17,13220,1204,1,1,0,0,b,a,869
5,2023-03-18,11938,1418,1,1,0,0,b,a,869
5,2023-03-19,0,0,0,0,0,0,b,a,869
5,2023-03-20,12580,1443,1,1,0,0,b,a,869
5,2023-03-21,11553,1267,1,0,0,0,b,a,869
5,2023-03-22,12587,1019,1,0,0,0,b,a,869
5,2023-03-23,12642,1094,1,0,0,0,b,a,869
5,2023-03-24,11955,1305,1,0,0,0,b,a,869
5,2023-03-25,12106,1433,1,1,0,0,b,a,869
5,2023-03-26,0,0,0,0,0,0,b,a,869
5,2023-03-27,12144,1109,1,0,0,0,b,a,869
5,2023-03-28,14176,1278,1,1,0,0,b,a,869
5,2023-03-29,13563,1010,1,0,0,0,b,a,869
5,2023-03-30,14776,1180,1,1,0,0,b,a,869
5,2023-03-31,13071,1551,1,1,0,0,b,a,869
5,2023-04-01,10293,949,1,0,0,0,b,a,869
5,2023-04-02,0,0,0,0,0,0,b,a,869
5,2023-04-03,15119,1243,1,1,0,0,b,a,869
5,2023-04-04,12681,1518,1,0,0,0,b,a,869
5,2023-04-05,13873,1347,1,0,0,0,b,a,869
5,2023-04-06,14504,1251,1,1,0,0,b,a,869
5,2023-04-07,0,0,0,0,a,0,b,a,869
5,2023-04-08,11702,1294,1,0,0,0,b,a,869
5,2023-04-09,0,0,0,0,0,0,b,a,869
5,2023-04-10,13764,1414,1,1,0,0,b,a,869
5,2023-04-11,15800,1417,1,1,0,0,b,a,869
5,2023-04-12,14073,1094,1,0,0,0,b,a,869
5,2023-04-13,12302,1021,1,0,0,0,b,a,869
5,2023-04-14,13414,1125,1,1,0,0,b,a,869
5,2023-04-15,9261,803,1,0,0,0,b,a,869
5,2023-04-16,0,0,0,0,0,0,b,a,869
5,2023-04-17,12609,1433,1,0,0,0,b,a,869
5,2023-04-18,13069,978,1,0,0,0,b,a,869
5,2023-04-19,13339,1223,1,0,0,0,b,a,869
5,2023-04-20,15447,1740,1,1,0,0,b,a,869
5,2023-04-21,12833,1177,1,0,0,0,b,a,869
5,2023-04-22,13524,1116,1,1,0,0,b,a,869
5,2023-04-23,0,0,0,0,0,0,b,a,869
5,2023-04-24,11620,881,1,0,0,0,b,a,869
5,2023-04-25,16226,1919,1,1,0,0,b,a,869
5,2023-04-26,14122,1373,1,0,0,0,b,a,869
5,2023-04-27,15214,1738,1,1,0,0,b,a,869
5,2023-04-28,13840,1055,1,0,0,0,b,a,869
5,2023-04-29,14442,1246,1,1,0,0,b,a,869
5,2023-04-30,0,0,0,0,0,0,b,a,869
5,2023-05-01,13837,1309,1,0,0,0,b,a,869
5,2023-05-02,15899,1158,1,1,0,0,b,a,869
5,2023-05-03,16476,1722,1,1,0,0,b,a,869
5,2023-05-04,13599,1299,1,1,0,0,b,a,869
5,2023-05-05,14730,1432,1,1,0,0,b,a,869
5,2023-05-06,12903,1399,1,0,0,0,b,a,869
5,2023-05-07,0,0,0,0,0,0,b,a,869
5,2023-05-08,14820,1222,1,1,0,0,b,a,869
5,2023-05-09,15447,1430,1,0,0,0,b,a,869
5,2023-05-10,15231,1300,1,0,0,0,b,a,869
5,2023-05-11,14648,1358,1,1,0,0,b,a,869
5,2023-05-12,11844,1046,1,0,0,0,b,a,869
5,2023-05-13,11959,1491,1,0,0,0,b,a,869
5,2023-05-14,0,0,0,0,0,0,b,a,869
5,2023-05-15,12707,1471,1,0,0,0,b,a,869
5,2023-05-16,14666,1517,1,0,0,0,b,a,869
5,2023-05-17,13834,1302,1,0,0,0,b,a,869
5,2023-05-18,13615,1636,1,0,0,0,b,a,869
5,2023-05-19,15273,1273,1,1,0,0,b,a,869
5,2023-05-20,12039,1133,1,0,0,0,b,a,869
5,2023-05-21,0,0,0,0,0,0,b,a,869
5,2023-05-22,11344,1031,1,0,0,0,b,a,869
5,2023-05-23,15485,1508,1,0,0,0,b,a,869
5,2023-05-24,15706,1533,1,0,0,0,b,a,869
5,2023-05-25,14964,1228,1,0,0,0,b,a,869
5,2023-05-26,15105,1232,1,1,0,0,b,a,869
5,2023-05-27,14709,1643,1,1,0,0,b,a,869
5,2023-05-28,0,0,0,0,0,0,b,a,869
5,2023-05-29,13856,1207,1,0,0,0,b,a,869
5,2023-05-30,16002,1437,1,1,0,0,b,a,869
5,2023-05-31,16967,1715,1,1,0,0,b,a,869
5,2023-06-01,15823,1546,1,1,0,0,b,a,869
5,2023-06-02,12440,1446,1,0,0,0,b,a,869
5,2023-06-03,15214,1121,1,1,0,0,b,a,869
5,2023-06-04,0,0,0,0,0,0,b,a,869
5,2023-06-05,13709,984,1,0,0,0,b,a,869
5,2023-06-06,15429,1388,1,1,0,0,b,a,869
5,2023-06-07,15607,1329,1,0,0,0,b,a,869
5,2023-06-08,13577,1674,1,0,0,0,b,a,869
5,2023-06-09,15995,1394,1,1,0,0,b,a,869
5,2023-06-10,12035,1087,1,0,0,0,b,a,869
5,2023-06-11,0,0,0,0,0,0,b,a,869
5,2023-06-12,14213,1699,1,0,0,0,b,a,869
5,2023-06-13,17607,1910,1,1,0,0,b,a,869
5,2023-06-14,17985,1788,1,1,0,0,b,a,869
5,2023-06-15,16717,1443,1,1,0,0,b,a,869
5,2023-06-16,12941,1024,1,0,0,0,b,a,869
5,2023-06-17,14848,1356,1,1,0,0,b,a,869
5,2023-06-18,0,0,0,0,0,0,b,a,869
5,2023-06-19,13961,999,1,0,0,0,b,a,869
5,2023-06-20,17511,1768,1,1,0,0,b,a,869
5,2023-06-21,16283,1198,1,1,0,0,b,a,869
5,2023-06-22,14725,1418,1,0,0,0,b,a,869
5,2023-06-23,16575,1498,1,1,0,0,b,a,869
5,2023-06-24,11988,1204,1,0,0,0,b,a,869
5,2023-06-25,0,0,0,0,0,0,b,a,869
5,2023-06-26,16809,1392,1,1,0,0,b,a,869
5,2023-06-27,17529,1267,1,1,0,0,b,a,869
5,2023-06-28,14322,1597,1,0,0,0,b,a,869
5,2023-06-29,14006,1050,1,0,0,0,b,a,869
5,2023-06-30,15385,1348,1,1,0,0,b,a,869
5,2023-07-01,16106,1948,1,1,0,1,b,a,869
5,2023-07-02,0,0,0,0,0,1,b,a,869
5,2023-07-03,15615,1853,1,0,0,1,b,a,869
5,2023-07-04,15558,1647,1,0,0,1,b,a,869
5,2023-07-05,15339,1372,1,0,0,1,b,a,869
5,2023-07-06,16357,1202,1,0,0,1,b,a,869
5,2023-07-07,15107,1081,1,0,0,1,b,a,869
5,2023-07-08,15223,1350,1,1,0,1,b,a,869
5,2023-07-09,0,0,0,0,0,1,b,a,869
5,2023-07-10,18064,1541,1,1,0,1,b,a,869
5,2023-07-11,18044,1701,1,1,0,1,b,a,869
5,2023-07-12,15936,1763,1,0,0,1,b,a,869
5,2023-07-13,15564,1857,1,0,0,1,b,a,869
5,2023-07-14,14924,1185,1,1,0,1,b,a,869
5,2023-07-15,16007,1431,1,1,0,1,b,a,869
5,2023-07-16,0,0,0,0,0,1,b,a,869
5,2023-07-17,16270,1303,1,1,0,1,b,a,869
5,2023-07-18,18020,2227,1,1,0,1,b,a,869
5,2023-07-19,18523,2156,1,1,0,1,b,a,869
5,2023-07-20,14977,1272,1,0,0,1,b,a,869
5,2023-07-21,17067,1724,1,1,0,1,b,a,869
5,2023-07-22,12344,1008,1,0,0,1,b,a,869
5,2023-07-23,0,0,0,0,0,1,b,a,869
5,2023-07-24,16510,1299,1,1,0,1,b,a,869
5,2023-07-25,16194,1591,1,0,0,1,b,a,869
5,2023-07-26,15837,1213,1,0,0,1,b,a,869
5,2023-07-27,15763,1175,1,0,0,1,b,a,869
5,2023-07-28,14040,1386,1,0,0,1,b,a,869
5,2023-07-29,15446,1336,1,1,0,1,b,a,869
5,2023-07-30,0,0,0,0,0,1,b,a,869
5,2023-07-31,16934,1769,1,1,0,1,b,a,869
5,2023-08-01,17374,1398,1,1,0,1,b,a,869
5,2023-08-02,18716,1973,1,1,0,1,b,a,869
5,2023-08-03,17060,1894,1,1,0,1,b,a,869
5,2023-08-04,14897,1300,1,0,0,1,b,a,869
5,2023-08-05,15252,1359,1,1,0,1,b,a,869
5,2023-08-06,0,0,0,0,0,1,b,a,869
5,2023-08-07,15531,1729,1,0,0,1,b,a,869
5,2023-08-08,16826,1226,1,0,0,1,b,a,869
5,2023-08-09,16167,1389,1,1,0,1,b,a,869
5,2023-08-10,15029,1364,1,0,0,1,b,a,869
5,2023-08-11,14644,1597,1,0,0,1,b,a,869
5,2023-08-12,15407,1598,1,1,0,1,b,a,869
5,2023-08-13,0,0,0,0,0,1,b,a,869
5,2023-08-14,16294,1338,1,1,0,1,b,a,869
5,2023-08-15,15679,1186,1,0,0,1,b,a,869
5,2023-08-16,18753,1419,1,1,0,1,b,a,869
5,2023-08-17,14786,1388,1,0,0,1,b,a,869
5,2023-08-18,15709,1453,1,1,0,1,b,a,869
5,2023-08-19,14255,1065,1,1,0,1,b,a,869
5,2023-08-20,0,0,0,0,0,1,b,a,869
5,2023-08-21,13410,1052,1,0,0,1,b,a,869
5,2023-08-22,15402,1226,1,0,0,1,b,a,869
5,2023-08-23,15986,1459,1,0,0,1,b,a,869
5,2023-08-24,16497,1826,1,1,0,1,b,a,869
5,2023-08-25,14379,1578,1,1,0,1,b,a,869
5,2023-08-26,12628,1015,1,0,0,1,b,a,869
5,2023-08-27,0,0,0,0,0,1,b,a,869
5,2023-08-28,17579,2020,1,1,0,1,b,a,869
5,2023-08-29,16863,2057,1,1,0,1,b,a,869
5,2023-08-30,14352,1446,1,0,0,1,b,a,869
5,2023-08-31,14750,1066,1,0,0,1,b,a,869
5,2023-09-01,14790,1565,1,1,0,0,b,a,869
5,2023-09-02,10839,900,1,0,0,0,b,a,869
5,2023-09-03,0,0,0,0,0,0,b,a,869
5,2023-09-04,12083,1171,1,0,0,0,b,a,869
5,2023-09-05,14091,1624,1,0,0,0,b,a,869
5,2023-09-06,16057,1556,1,1,0,0,b,a,869
5,2023-09-07,13625,1447,1,0,0,0,b,a,869
5,2023-09-08,15119,1827,1,1,0,0,b,a,869
5,2023-09-09,11959,1228,1,0,0,0,b,a,869
5,2023-09-10,0,0,0,0,0,0,b,a,869
5,2023-09-11,13345,1014,1,0,0,0,b,a,869
5,2023-09-12,13748,1021,1,0,0,0,b,a,869
5,2023-09-13,12957,1028,1,0,0,0,b,a,869
5,2023-09-14,16291,1180,1,1,0,0,b,a,869
5,2023-09-15,11578,1306,1,0,0,0,b,a,869
5,2023-09-16,12712,1111,1,1,0,0,b,a,869
5,2023-09-17,0,0,0,0,0,0,b,a,869
5,2023-09-18,15768,1247,1,1,0,0,b,a,869
5,2023-09-19,14319,1209,1,1,0,0,b,a,869
5,2023-09-20,13241,1144,1,0,0,0,b,a,869
5,2023-09-21,12802,1054,1,0,0,0,b,a,869
5,2023-09-22,12882,1175,1,1,0,0,b,a,869
5,2023-09-23,11804,1126,1,0,0,0,b,a,869
5,2023-09-24,0,0,0,0,0,0,b,a,869
5,2023-09-25,13906,1259,1,1,0,0,b,a,869
5,2023-09-26,12153,1446,1,0,0,0,b,a,869
5,2023-09-27,13473,1225,1,0,0,0,b,a,869
5,2023-09-28,15265,1459,1,1,0,0,b,a,869
5,2023-09-29,14074,1227,1,1,0,0,b,a,869
5,2023-09-30,10982,1199,1,0,0,0,b,a,869
5,2023-10-01,0,0,0,0,0,0,b,a,869
5,2023-10-02,14002,1682,1,1,0,0,b,a,869
5,2023-10-03,13479,1533,1,0,0,0,b,a,869
5,2023-10-04,14185,1093,1,1,0,0,b,a,869
5,2023-10-05,14907,1148,1,1,0,0,b,a,869
5,2023-10-06,11043,904,1,0,0,0,b,a,869
5,2023-10-07,11174,1037,1,1,0,0,b,a,869
5,2023-10-08,0,0,0,0,0,0,b,a,869
5,2023-10-09,12198,1202,1,0,0,0,b,a,869
5,2023-10-10,16138,1770,1,1,0,0,b,a,869
5,2023-10-11,15669,1860,1,1,0,0,b,a,869
5,2023-10-12,11206,1350,1,0,0,0,b,a,869
5,2023-10-13,13642,1383,1,1,0,0,b,a,869
5,2023-10-14,9951,1097,1,0,0,0,b,a,869
5,2023-10-15,0,0,0,0,0,0,b,a,869
5,2023-10-16,13224,1331,1,1,0,0,b,a,869
5,2023-10-17,14392,1186,1,1,0,0,b,a,869
5,2023-10-18,13740,1183,1,1,0,0,b,a,869
5,2023-10-19,13832,1039,1,1,0,0,b,a,869
5,2023-10-20,9480,1137,1,0,0,0,b,a,869
5,2023-10-21,8840,967,1,0,0,0,b,a,869
5,2023-10-22,0,0,0,0,0,0,b,a,869
5,2023-10-23,11562,989,1,0,0,0,b,a,869
5,2023-10-24,12688,927,1,0,0,0,b,a,869
5,2023-10-25,13326,1049,1,1,0,0,b,a,869
5,2023-10-26,11297,879,1,0,0,0,b,a,869
5,2023-10-27,9120,697,1,0,0,0,b,a,869
5,2023-10-28,11351,1291,1,1,0,0,b,a,869
5,2023-10-29,0,0,0,0,0,0,b,a,869
5,2023-10-30,12142,1491,1,1,0,0,b,a,869
5,2023-10-31,12273,887,1,0,0,0,b,a,869
5,2023-11-01,12250,1302,1,0,0,0,b,a,869
5,2023-11-02,11794,1430,1,0,0,0,b,a,869
5,2023-11-03,9398,806,1,0,0,0,b,a,869
5,2023-11-04,10564,823,1,1,0,0,b,a,869
5,2023-11-05,0,0,0,0,0,0,b,a,869
5,2023-11-06,11582,1341,1,0,0,0,b,a,869
5,2023-11-07,13484,1518,1,1,0,0,b,a,869
5,2023-11-08,12225,1259,1,1,0,0,b,a,869
5,2023-11-09,13798,1507,1,1,0,0,b,a,869
5,2023-11-10,10996,1327,1,0,0,0,b,a,869
5,2023-11-11,9762,957,1,0,0,0,b,a,869
5,2023-11-12,0,0,0,0,0,0,b,a,869
5,2023-11-13,12098,1137,1,1,0,0,b,a,869
5,2023-11-14,13697,1061,1,1,0,0,b,a,869
5,2023-11-15,14384,1364,1,1,0,0,b,a,869
5,2023-11-16,10910,782,1,0,0,0,b,a,869
5,2023-11-17,11183,1122,1,1,0,0,b,a,869
5,2023-11-18,10412,1287,1,1,0,0,b,a,869
5,2023-11-19,0,0,0,0,0,0,b,a,869
5,2023-11-20,10811,815,1,0,0,0,b,a,869
5,2023-11-21,12562,984,1,1,0,0,b,a,869
5,2023-11-22,12837,1012,1,1,0,0,b,a,869
5,2023-11-23,12866,1368,1,1,0,0,b,a,869
5,2023-11-24,10421,1009,1,1,0,0,b,a,869
5,2023-11-25,11555,1155,1,1,0,0,b,a,869
5,2023-11-26,0,0,0,0,0,0,b,a,869
5,2023-11-27,9711,830,1,0,0,0,b,a,869
5,2023-11-28,11124,1006,1,0,0,0,b,a,869
5,2023-11-29,13789,1045,1,1,0,0,b,a,869
5,2023-11-30,10694,1056,1,0,0,0,b,a,869
5,2023-12-01,8683,871,1,0,0,0,b,a,869
5,2023-12-02,8796,629,1,0,0,0,b,a,869
5,2023-12-03,0,0,0,0,0,0,b,a,869
5,2023-12-04,12764,1323,1,1,0,0,b,a,869
5,2023-12-05,11572,1417,1,0,0,0,b,a,869
5,2023-12-06,10861,808,1,0,0,0,b,a,869
5,2023-12-07,11990,910,1,1,0,0,b,a,869
5,2023-12-08,10792,1131,1,1,0,0,b,a,869
5,2023-12-09,8774,681,1,0,0,0,b,a,869
5,2023-12-10,0,0,0,0,0,0,b,a,869
5,2023-12-11,10169,754,1,0,0,0,b,a,869
5,2023-12-12,11155,992,1,0,0,0,b,a,869
5,2023-12-13,12591,1483,1,1,0,0,b,a,869
5,2023-12-14,13056,1584,1,1,0,0,b,a,869
5,2023-12-15,10281,835,1,1,0,0,b,a,869
5,2023-12-16,8489,653,1,0,0,0,b,a,869
5,2023-12-17,0,0,0,0,0,0,b,a,869
5,2023-12-18,8662,910,1,0,0,0,b,a,869
5,2023-12-19,10648,1327,1,0,0,0,b,a,869
5,2023-12-20,13399,1098,1,1,0,0,b,a,869
5,2023-12-21,10279,934,1,0,0,0,b,a,869
5,2023-12-22,9161,684,1,0,0,0,b,a,869
5,2023-12-23,7851,625,1,0,0,0,b,a,869
5,2023-12-24,0,0,0,0,0,0,b,a,869
5,2023-12-25,0,0,0,0,a,0,b,a,869
5,2023-12-26,12523,1074,1,1,0,0,b,a,869
5,2023-12-27,11815,1164,1,0,0,0,b,a,869
5,2023-12-28,12773,1265,1,1,0,0,b,a,869
5,2023-12-29,11135,805,1,1,0,0,b,a,869
5,2023-12-30,10004,1032,1,1,0,0,b,a,869
5,2023-12-31,0,0,0,0,0,0,b,a,869
